Name,Location,Year,Kilometers_Driven,Fuel_Type,Transmission,Owner_Type,Mileage,Engine,Power,Seats,Marque,Modele,Price_EUR
Maruti Wagon R LXI CNG,Mumbai,2010,72000,CNG,Manual,First,19.000000000000004,998.0,58.16,5,Maruti,Wagon R LXI CNG,1925
Hyundai Creta 1.6 CRDi SX Option,Pune,2015,41000,Diesel,Manual,First,19.67,1582.0,126.2,5,Hyundai,Creta 1.6 CRDi SX Option,13750
Honda Jazz V,Chennai,2011,46000,Petrol,Manual,First,18.2,1199.0,88.7,5,Honda,Jazz V,4950
Maruti Ertiga VDI,Chennai,2012,87000,Diesel,Manual,First,20.77,1248.0,88.76,7,Maruti,Ertiga VDI,6600
Audi A4 New 2.0 TDI Multitronic,Coimbatore,2013,40670,Diesel,Automatic,Second,15.2,1968.0,140.8,5,Audi,A4 New 2.0 TDI Multitronic,19514
Hyundai EON LPG Era Plus Option,Hyderabad,2012,75000,LPG,Manual,First,15.071428571428573,814.0,55.2,5,Hyundai,EON LPG Era Plus Option,2585
Nissan Micra Diesel XV,Jaipur,2013,86999,Diesel,Manual,First,23.08,1461.0,63.1,5,Nissan,Micra Diesel XV,3850
Toyota Innova Crysta 2.8 GX AT 8S,Mumbai,2016,36000,Diesel,Automatic,First,11.36,2755.0,171.5,8,Toyota,Innova Crysta 2.8 GX AT 8S,19250
Volkswagen Vento Diesel Comfortline,Pune,2013,64430,Diesel,Manual,First,20.54,1598.0,103.6,5,Volkswagen,Vento Diesel Comfortline,5720
Tata Indica Vista Quadrajet LS,Chennai,2012,65932,Diesel,Manual,Second,22.3,1248.0,74.0,5,Tata,Indica Vista Quadrajet LS,2145
Maruti Ciaz Zeta,Kochi,2018,25692,Petrol,Manual,First,21.56,1462.0,103.25,5,Maruti,Ciaz Zeta,10945
Honda City 1.5 V AT Sunroof,Kolkata,2012,60000,Petrol,Automatic,First,16.8,1497.0,116.3,5,Honda,City 1.5 V AT Sunroof,4939
Maruti Swift VDI BSIV,Jaipur,2015,64424,Diesel,Manual,First,25.2,1248.0,74.0,5,Maruti,Swift VDI BSIV,6160
Land Rover Range Rover 2.2L Pure,Delhi,2014,72000,Diesel,Automatic,First,12.7,2179.0,187.7,5,Land,Rover Range Rover 2.2L Pure,29700
Land Rover Freelander 2 TD4 SE,Pune,2012,85000,Diesel,Automatic,Second,0.0,2179.0,115.0,5,Land,Rover Freelander 2 TD4 SE,19250
Mitsubishi Pajero Sport 4X4,Delhi,2014,110000,Diesel,Manual,First,13.5,2477.0,175.56,7,Mitsubishi,Pajero Sport 4X4,16500
Honda Amaze S i-Dtech,Kochi,2016,58950,Diesel,Manual,First,25.8,1498.0,98.6,5,Honda,Amaze S i-Dtech,5940
Maruti Swift DDiS VDI,Jaipur,2017,25000,Diesel,Manual,First,28.4,1248.0,74.0,5,Maruti,Swift DDiS VDI,6589
Renault Duster 85PS Diesel RxL Plus,Kochi,2014,77469,Diesel,Manual,First,20.45,1461.0,83.8,5,Renault,Duster 85PS Diesel RxL Plus,6974
Mercedes-Benz New C-Class C 220 CDI BE Avantgare,Bangalore,2014,78500,Diesel,Automatic,First,14.84,2143.0,167.62,5,Mercedes-Benz,New C-Class C 220 CDI BE Avantgare,30800
BMW 3 Series 320d,Kochi,2014,32982,Diesel,Automatic,First,22.69,1995.0,190.0,5,BMW,3 Series 320d,20405
Maruti S Cross DDiS 200 Alpha,Bangalore,2015,55392,Diesel,Manual,Second,23.65,1248.0,88.5,5,Maruti,S Cross DDiS 200 Alpha,9075
Audi A6 2011-2015 35 TFSI Technology,Mumbai,2015,55985,Petrol,Automatic,First,13.53,1984.0,177.01,5,Audi,A6 2011-2015 35 TFSI Technology,25850
Hyundai i20 1.2 Magna,Kolkata,2010,45807,Petrol,Manual,First,18.5,1197.0,80.0,5,Hyundai,i20 1.2 Magna,2057
Volkswagen Vento Petrol Highline AT,Kolkata,2010,33000,Petrol,Automatic,First,14.4,1598.0,103.6,5,Volkswagen,Vento Petrol Highline AT,3135
Honda City Corporate Edition,Mumbai,2012,51920,Petrol,Manual,First,16.8,1497.0,116.3,5,Honda,City Corporate Edition,4675
Nissan Micra Diesel XV,Hyderabad,2012,54000,Diesel,Manual,First,23.08,1461.0,63.1,5,Nissan,Micra Diesel XV,4675
Maruti Alto K10 2010-2014 VXI,Hyderabad,2013,54000,Petrol,Manual,Second,20.92,998.0,67.1,5,Maruti,Alto K10 2010-2014 VXI,3025
Honda WRV i-VTEC VX,Kochi,2018,37430,Petrol,Manual,First,17.5,1199.0,88.7,5,Honda,WRV i-VTEC VX,10890
Renault Duster 110PS Diesel RxZ Pack,Bangalore,2013,62000,Diesel,Manual,First,19.01,1461.0,108.45,5,Renault,Duster 110PS Diesel RxZ Pack,8525
Toyota Corolla Altis G,Delhi,2012,87615,Petrol,Manual,First,14.53,1798.0,138.1,5,Toyota,Corolla Altis G,7425
Mahindra Ssangyong Rexton RX7,Bangalore,2013,72000,Diesel,Automatic,Second,11.18,2696.0,184.0,7,Mahindra,Ssangyong Rexton RX7,13750
Audi A6 2.7 TDI,Kolkata,2010,35000,Diesel,Automatic,First,12.4,2698.0,179.5,5,Audi,A6 2.7 TDI,12650
Volkswagen Vento 1.6 Highline,Coimbatore,2014,55431,Petrol,Manual,Second,16.09,1598.0,103.5,5,Volkswagen,Vento 1.6 Highline,7678
Maruti Wagon R LXI BSIII,Jaipur,2009,83816,Petrol,Manual,Second,14.0,1061.0,64.0,5,Maruti,Wagon R LXI BSIII,2035
Maruti Vitara Brezza ZDi Plus,Kochi,2018,50075,Diesel,Manual,First,24.3,1248.0,88.5,5,Maruti,Vitara Brezza ZDi Plus,9493
Mahindra KUV 100 mFALCON G80 K6 5str AW,Delhi,2017,52000,Petrol,Manual,First,18.15,1198.0,82.0,5,Mahindra,KUV 100 mFALCON G80 K6 5str AW,5335
Mercedes-Benz M-Class ML 350 CDI,Pune,2013,85000,Diesel,Automatic,First,11.74,2987.0,254.8,5,Mercedes-Benz,M-Class ML 350 CDI,30800
Volkswagen Polo Diesel Trendline 1.2L,Chennai,2013,62000,Diesel,Manual,First,22.07,1199.0,73.9,5,Volkswagen,Polo Diesel Trendline 1.2L,5500
Mahindra KUV 100 mFALCON D75 K8 Dual Tone,Coimbatore,2017,22033,Diesel,Manual,First,25.32,1198.0,77.0,6,Mahindra,KUV 100 mFALCON D75 K8 Dual Tone,6138
Hyundai i20 Magna Optional 1.2,Kochi,2014,35487,Petrol,Manual,First,18.5,1197.0,82.9,5,Hyundai,i20 Magna Optional 1.2,5214
Hyundai Elantra 2.0 SX Option AT,Bangalore,2014,46374,Petrol,Automatic,First,14.62,1999.0,149.92,5,Hyundai,Elantra 2.0 SX Option AT,9735
Toyota Corolla Altis G AT,Mumbai,2016,52001,Petrol,Automatic,First,14.28,1798.0,138.03,5,Toyota,Corolla Altis G AT,11121
Hyundai Elantra CRDi,Ahmedabad,2008,58005,Diesel,Manual,Second,14.9,1991.0,112.2,5,Hyundai,Elantra CRDi,4675
Toyota Innova Crysta 2.7 GX MT,Bangalore,2012,70704,Petrol,Manual,First,11.25,2694.0,163.7,7,Toyota,Innova Crysta 2.7 GX MT,12045
Hyundai Xcent 1.1 CRDi S,Jaipur,2014,75000,Diesel,Manual,First,24.4,1120.0,71.0,5,Hyundai,Xcent 1.1 CRDi S,4235
Mahindra Thar CRDe AC,Jaipur,2012,75800,Diesel,Manual,Second,16.55,2498.0,105.0,6,Mahindra,Thar CRDe AC,6050
Audi A4 2.0 TDI 177 Bhp Premium Plus,Kochi,2015,13648,Diesel,Automatic,First,17.11,1968.0,174.33,5,Audi,A4 2.0 TDI 177 Bhp Premium Plus,23573
Maruti Swift LDI,Delhi,2014,52000,Diesel,Manual,First,22.9,1248.0,74.0,5,Maruti,Swift LDI,4675
Maruti Swift Ldi BSIV,Kolkata,2014,53000,Diesel,Manual,First,17.8,1248.0,75.0,5,Maruti,Swift Ldi BSIV,3630
Maruti Swift VDI,Delhi,2013,65650,Diesel,Manual,First,28.4,1248.0,74.0,5,Maruti,Swift VDI,4235
Hyundai Grand i10 Sportz,Chennai,2015,54000,Petrol,Manual,Third,18.9,1197.0,82.0,5,Hyundai,Grand i10 Sportz,3960
Volkswagen Vento 2013-2015 1.6 Comfortline,Kolkata,2015,39000,Petrol,Manual,First,15.04,1598.0,103.2,5,Volkswagen,Vento 2013-2015 1.6 Comfortline,4389
Renault KWID RXT,Kochi,2017,16542,Petrol,Manual,First,25.17,799.0,53.3,5,Renault,KWID RXT,3630
Hyundai i10 Asta,Kolkata,2010,32000,Petrol,Manual,First,20.36,1197.0,78.9,5,Hyundai,i10 Asta,2277
Nissan X-Trail SLX AT,Hyderabad,2010,121812,Diesel,Automatic,First,13.29,1995.0,147.6,5,Nissan,X-Trail SLX AT,8525
Maruti Zen Estilo VXI BSIII,Hyderabad,2010,39300,Petrol,Manual,First,18.2,998.0,67.1,5,Maruti,Zen Estilo VXI BSIII,2475
Toyota Innova Crysta 2.4 GX MT 8S,Mumbai,2017,22000,Diesel,Manual,First,13.68,2393.0,147.8,8,Toyota,Innova Crysta 2.4 GX MT 8S,18150
Ford Figo Diesel Titanium,Bangalore,2010,72000,Diesel,Manual,First,20.0,1399.0,68.0,5,Ford,Figo Diesel Titanium,3025
Mercedes-Benz New C-Class C 200 CGI Avantgarde,Delhi,2015,58000,Petrol,Automatic,First,11.74,1796.0,186.0,5,Mercedes-Benz,New C-Class C 200 CGI Avantgarde,29370
Mercedes-Benz New C-Class 200 CDI Classic,Pune,2011,65000,Diesel,Manual,Second,15.8,2148.0,170.0,5,Mercedes-Benz,New C-Class 200 CDI Classic,11000
Audi A4 2.0 TDI Multitronic,Jaipur,2012,65664,Diesel,Automatic,First,16.55,1968.0,140.0,5,Audi,A4 2.0 TDI Multitronic,14850
Honda City ZX CVT,Mumbai,2007,63000,Petrol,Automatic,Second,16.4,1497.0,78.0,5,Honda,City ZX CVT,2035
Mercedes-Benz C-Class Progressive C 220d,Coimbatore,2019,15369,Diesel,Automatic,First,0.0,1950.0,194.0,5,Mercedes-Benz,C-Class Progressive C 220d,39237
Maruti Ertiga SHVS VDI,Pune,2016,63000,Diesel,Manual,First,24.52,1248.0,88.5,7,Maruti,Ertiga SHVS VDI,8965
Hyundai Creta 1.4 E Plus Diesel,Mumbai,2018,13000,Diesel,Manual,First,22.1,1396.0,88.7,5,Hyundai,Creta 1.4 E Plus Diesel,11550
Mahindra XUV500 W8 4WD,Mumbai,2015,55729,Diesel,Manual,First,15.1,2179.0,140.0,7,Mahindra,XUV500 W8 4WD,10615
Hyundai i10 Sportz 1.2 AT,Kochi,2012,45178,Petrol,Automatic,First,16.95,1197.0,78.9,5,Hyundai,i10 Sportz 1.2 AT,3828
Nissan Terrano XV D Pre,Kochi,2015,56066,Diesel,Manual,First,19.64,1461.0,108.5,5,Nissan,Terrano XV D Pre,7612
Honda Brio VX AT,Coimbatore,2016,37300,Petrol,Automatic,Second,16.5,1198.0,86.8,5,Honda,Brio VX AT,7106
Audi A6 2.0 TDI Design Edition,Delhi,2014,56000,Diesel,Automatic,Second,18.53,1968.0,187.74,5,Audi,A6 2.0 TDI Design Edition,32450
Toyota Innova 2.5 VX 7 STR BSIV,Hyderabad,2012,104000,Diesel,Manual,First,12.8,2494.0,102.0,7,Toyota,Innova 2.5 VX 7 STR BSIV,12925
Maruti Swift VDI,Jaipur,2012,95100,Diesel,Manual,First,22.9,1248.0,74.0,5,Maruti,Swift VDI,4125
Tata Zest Revotron 1.2T XE,Pune,2017,70000,Petrol,Manual,First,17.57,1193.0,88.7,5,Tata,Zest Revotron 1.2T XE,4950
Honda Amaze SX i-VTEC,Kochi,2016,54944,Petrol,Manual,First,18.0,1198.0,86.7,5,Honda,Amaze SX i-VTEC,5302
Ford Figo Diesel ZXI,Hyderabad,2012,70337,Diesel,Manual,First,20.0,1399.0,68.0,5,Ford,Figo Diesel ZXI,3080
Maruti Ritz VDi,Jaipur,2013,99638,Diesel,Manual,First,23.2,1248.0,73.94,5,Maruti,Ritz VDi,3421
Honda City i VTEC E,Delhi,2009,52000,Petrol,Manual,First,17.8,1497.0,117.3,5,Honda,City i VTEC E,3575
BMW 5 Series 2003-2012 525d,Delhi,2011,75000,Diesel,Automatic,Second,16.73,1995.0,218.0,5,BMW,5 Series 2003-2012 525d,15290
Hyundai i10 Sportz 1.2,Pune,2009,95980,Petrol,Manual,First,20.36,1197.0,78.9,5,Hyundai,i10 Sportz 1.2,2475
Hyundai Grand i10 Sportz,Bangalore,2016,16000,Petrol,Manual,First,18.9,1197.0,82.0,5,Hyundai,Grand i10 Sportz,6325
Honda Amaze SX i-VTEC,Mumbai,2016,18949,Petrol,Manual,First,17.8,1198.0,86.7,5,Honda,Amaze SX i-VTEC,5500
Toyota Fortuner 4x2 Manual,Delhi,2014,107000,Diesel,Manual,First,13.0,2982.0,168.5,7,Toyota,Fortuner 4x2 Manual,18150
Audi A6 2011-2015 35 TDI Premium,Coimbatore,2018,48367,Diesel,Automatic,First,17.68,1968.0,174.33,5,Audi,A6 2011-2015 35 TDI Premium,43538
Ford Ecosport 1.5 DV5 MT Titanium Optional,Delhi,2013,57000,Diesel,Manual,First,22.7,1498.0,89.84,5,Ford,Ecosport 1.5 DV5 MT Titanium Optional,6050
Mahindra XUV500 W8 2WD,Delhi,2014,58000,Diesel,Manual,First,15.1,2179.0,140.0,7,Mahindra,XUV500 W8 2WD,8910
Honda Amaze SX i-DTEC,Kolkata,2015,30000,Diesel,Manual,First,25.8,1498.0,98.6,5,Honda,Amaze SX i-DTEC,3850
Volkswagen Polo Diesel Highline 1.2L,Kolkata,2013,34212,Diesel,Manual,First,22.07,1199.0,73.9,5,Volkswagen,Polo Diesel Highline 1.2L,3069
Hyundai Verna Transform SX VGT CRDi,Ahmedabad,2010,70002,Diesel,Manual,First,16.2,1493.0,110.0,5,Hyundai,Verna Transform SX VGT CRDi,3795
Maruti Wagon R VXI BS IV,Bangalore,2016,62000,Petrol,Manual,First,18.9,998.0,67.1,5,Maruti,Wagon R VXI BS IV,4895
Volkswagen Polo Petrol Highline 1.6L,Delhi,2010,62001,Petrol,Manual,First,15.26,1598.0,103.5,5,Volkswagen,Polo Petrol Highline 1.6L,2915
Hyundai i20 1.4 CRDi Sportz,Pune,2011,78958,Diesel,Manual,Second,23.0,1396.0,90.0,5,Hyundai,i20 1.4 CRDi Sportz,4180
Hyundai i20 Asta 1.2,Mumbai,2014,30180,Petrol,Manual,First,18.5,1197.0,82.85,5,Hyundai,i20 Asta 1.2,5115
Datsun GO Plus T Petrol,Pune,2017,32851,Petrol,Manual,First,19.83,1198.0,67.0,7,Datsun,GO Plus T Petrol,4345
Audi A4 3.0 TDI Quattro Premium,Kolkata,2010,30000,Diesel,Automatic,First,14.94,2967.0,241.4,5,Audi,A4 3.0 TDI Quattro Premium,10780
Hyundai i20 2015-2017 Asta,Pune,2009,66000,Petrol,Manual,Second,17.0,1197.0,80.0,5,Hyundai,i20 2015-2017 Asta,2970
Toyota Etios Liva 1.2 G,Ahmedabad,2014,53000,Petrol,Manual,First,17.71,1197.0,78.9,5,Toyota,Etios Liva 1.2 G,4290
Mahindra XUV500 W8 2WD,Delhi,2012,65000,Diesel,Manual,Second,16.0,2179.0,140.0,7,Mahindra,XUV500 W8 2WD,6325
Hyundai Verna 1.6 SX CRDI (O) AT,Kolkata,2014,40000,Diesel,Automatic,First,22.32,1582.0,126.32,5,Hyundai,Verna 1.6 SX CRDI (O) AT,5775
Toyota Innova Crysta 2.8 ZX AT,Mumbai,2017,30000,Diesel,Automatic,First,11.36,2755.0,171.5,7,Toyota,Innova Crysta 2.8 ZX AT,21175
Maruti Eeco 5 Seater AC,Coimbatore,2017,38053,Petrol,Manual,First,15.1,1196.0,73.0,5,Maruti,Eeco 5 Seater AC,4301
BMW 3 Series 320d Luxury Line,Mumbai,2015,56087,Diesel,Automatic,First,22.69,1995.0,190.0,5,BMW,3 Series 320d Luxury Line,22825
Honda Civic 2006-2010 1.8 V MT,Delhi,2010,71088,Petrol,Manual,First,13.5,1799.0,130.0,5,Honda,Civic 2006-2010 1.8 V MT,3685
Toyota Innova 2.5 VX (Diesel) 7 Seater,Ahmedabad,2014,55000,Diesel,Manual,First,12.99,2494.0,100.6,7,Toyota,Innova 2.5 VX (Diesel) 7 Seater,12221
Volvo V40 Cross Country D3,Bangalore,2014,32700,Diesel,Automatic,First,23.3,1984.0,150.0,5,Volvo,V40 Cross Country D3,22000
Nissan Micra XV CVT,Coimbatore,2016,39882,Petrol,Automatic,First,19.15,1198.0,75.94,5,Nissan,Micra XV CVT,7205
BMW 5 Series 2010-2013 525i,Mumbai,2009,128000,Petrol,Automatic,First,10.8,2497.0,215.0,5,BMW,5 Series 2010-2013 525i,7700
Maruti Vitara Brezza VDi,Mumbai,2016,55000,Diesel,Manual,First,24.3,1248.0,88.5,5,Maruti,Vitara Brezza VDi,8250
Mercedes-Benz B Class B200 CDI,Pune,2014,53753,Diesel,Automatic,Second,15.0,2143.0,107.3,5,Mercedes-Benz,B Class B200 CDI,18425
Hyundai Verna CRDi 1.6 SX Option,Kolkata,2018,10250,Diesel,Manual,First,22.0,1582.0,126.2,5,Hyundai,Verna CRDi 1.6 SX Option,12045
Maruti Wagon R LXI BS IV,Pune,2011,43874,Petrol,Manual,First,18.9,998.0,67.1,5,Maruti,Wagon R LXI BS IV,2695
Mahindra Scorpio VLX,Kolkata,2014,42000,Diesel,Manual,First,12.05,2179.0,120.0,8,Mahindra,Scorpio VLX,8525
Mercedes-Benz New C-Class 200 K AT,Kolkata,2009,28352,Petrol,Automatic,First,11.7,1796.0,178.0,5,Mercedes-Benz,New C-Class 200 K AT,10285
Maruti Wagon R LXI CNG,Pune,2013,89900,CNG,Manual,First,19.000000000000004,998.0,58.16,5,Maruti,Wagon R LXI CNG,3575
Honda CR-V 2.4 MT,Bangalore,2007,47700,Petrol,Manual,Second,10.8,2354.0,152.0,5,Honda,CR-V 2.4 MT,5775
Volkswagen Vento 1.5 TDI Comfortline AT,Pune,2015,55000,Diesel,Automatic,First,21.21,1498.0,103.2,5,Volkswagen,Vento 1.5 TDI Comfortline AT,7975
Maruti Ciaz VXi Plus,Kochi,2017,44285,Petrol,Manual,First,20.73,1373.0,91.1,5,Maruti,Ciaz VXi Plus,8217
Mahindra XUV500 AT W10 FWD,Jaipur,2016,54000,Diesel,Automatic,First,16.0,2179.0,140.0,7,Mahindra,XUV500 AT W10 FWD,14575
Maruti Ritz VXI ABS,Coimbatore,2016,30232,Petrol,Manual,First,21.1,1197.0,85.8,5,Maruti,Ritz VXI ABS,6391
Maruti Alto K10 VXI,Hyderabad,2014,88500,Petrol,Manual,First,24.07,998.0,67.1,5,Maruti,Alto K10 VXI,2860
Hyundai Verna VTVT 1.6 AT SX Plus,Kochi,2019,12645,Petrol,Automatic,First,17.0,1591.0,121.3,5,Hyundai,Verna VTVT 1.6 AT SX Plus,12650
BMW 1 Series 118d Base,Coimbatore,2015,31821,Diesel,Automatic,First,20.58,1995.0,143.0,5,BMW,1 Series 118d Base,18942
Honda Jazz 1.2 V CVT i VTEC,Mumbai,2015,12000,Petrol,Automatic,First,19.0,1199.0,88.7,5,Honda,Jazz 1.2 V CVT i VTEC,6600
Honda Civic 2006-2010 1.8 V MT,Delhi,2012,88578,Petrol,Manual,First,13.5,1799.0,130.0,5,Honda,Civic 2006-2010 1.8 V MT,4345
Mercedes-Benz New C-Class C 220 CDI Avantgarde,Kochi,2014,44965,Diesel,Automatic,First,19.27,2143.0,170.0,5,Mercedes-Benz,New C-Class C 220 CDI Avantgarde,19745
Honda Amaze SX i-DTEC,Kolkata,2014,45044,Diesel,Manual,First,25.8,1498.0,98.6,5,Honda,Amaze SX i-DTEC,4070
Maruti Swift VVT VXI,Kochi,2016,34204,Petrol,Manual,First,22.0,1197.0,81.8,5,Maruti,Swift VVT VXI,5973
Toyota Fortuner 3.0 Diesel,Coimbatore,2012,91235,Diesel,Manual,First,11.5,2982.0,171.0,7,Toyota,Fortuner 3.0 Diesel,14839
Chevrolet Beat LT Option,Pune,2014,38800,Petrol,Manual,First,18.6,1199.0,76.8,5,Chevrolet,Beat LT Option,3135
Skoda Rapid 1.5 TDI Elegance,Chennai,2013,83000,Diesel,Manual,First,21.14,1498.0,103.52,5,Skoda,Rapid 1.5 TDI Elegance,5225
Maruti Ciaz 1.4 Alpha,Kochi,2018,41283,Petrol,Manual,First,20.73,1373.0,91.1,5,Maruti,Ciaz 1.4 Alpha,10890
BMW 3 Series Luxury Line,Mumbai,2014,48000,Diesel,Automatic,First,21.76,1995.0,190.0,5,BMW,3 Series Luxury Line,29150
Audi A4 2.0 TDI 177 Bhp Premium Plus,Coimbatore,2015,48214,Diesel,Automatic,First,17.11,1968.0,174.33,5,Audi,A4 2.0 TDI 177 Bhp Premium Plus,25652
Maruti Swift VDI,Chennai,2016,35000,Diesel,Manual,First,22.9,1248.0,74.0,5,Maruti,Swift VDI,6875
Skoda Rapid 1.5 TDI AT Elegance Plus Black Package,Coimbatore,2016,54620,Diesel,Automatic,First,21.66,1498.0,103.52,5,Skoda,Rapid 1.5 TDI AT Elegance Plus Black Package,10846
Skoda Superb Elegance 2.0 TDI CR AT,Pune,2012,136997,Diesel,Automatic,First,17.2,1968.0,138.1,5,Skoda,Superb Elegance 2.0 TDI CR AT,9350
Hyundai EON Magna Plus,Kochi,2019,14322,Petrol,Manual,First,21.1,814.0,55.2,5,Hyundai,EON Magna Plus,4653
Volkswagen Polo Diesel Trendline 1.2L,Jaipur,2012,65634,Diesel,Manual,First,22.07,1199.0,73.9,5,Volkswagen,Polo Diesel Trendline 1.2L,3850
Datsun GO NXT,Kolkata,2016,6000,Petrol,Manual,First,20.63,1198.0,67.06,5,Datsun,GO NXT,2750
Honda Brio S MT,Kolkata,2013,33280,Petrol,Manual,First,19.4,1198.0,86.8,5,Honda,Brio S MT,2629
Mercedes-Benz B Class B180,Delhi,2013,29000,Petrol,Automatic,First,14.8,1595.0,120.7,5,Mercedes-Benz,B Class B180,12375
Honda City i DTEC V,Kochi,2015,42831,Diesel,Manual,First,26.0,1498.0,98.6,5,Honda,City i DTEC V,7821
Toyota Innova 2.5 G (Diesel) 7 Seater,Ahmedabad,2016,90000,Diesel,Manual,First,12.99,2494.0,100.6,7,Toyota,Innova 2.5 G (Diesel) 7 Seater,11990
Maruti Swift VXI Optional,Ahmedabad,2017,24005,Petrol,Manual,First,20.4,1197.0,81.8,5,Maruti,Swift VXI Optional,6820
Mahindra XUV500 W8 2WD,Mumbai,2012,32792,Diesel,Manual,First,15.1,2179.0,140.0,7,Mahindra,XUV500 W8 2WD,8690
Ford Ecosport 1.5 DV5 MT Ambiente,Kochi,2014,147898,Diesel,Manual,First,22.7,1498.0,89.84,5,Ford,Ecosport 1.5 DV5 MT Ambiente,4862
Toyota Fortuner 4x2 Manual,Mumbai,2012,131765,Diesel,Manual,First,13.0,2982.0,168.5,7,Toyota,Fortuner 4x2 Manual,14850
Volkswagen Vento 1.5 Highline Plus AT 16 Alloy,Chennai,2013,65000,Diesel,Automatic,First,21.5,1498.0,108.5,5,Volkswagen,Vento 1.5 Highline Plus AT 16 Alloy,6875
Ford Figo Diesel Titanium,Jaipur,2010,66123,Diesel,Manual,Second,20.0,1399.0,68.0,5,Ford,Figo Diesel Titanium,2310
BMW X5 xDrive 30d,Mumbai,2015,41000,Diesel,Automatic,First,15.3,2993.0,258.0,5,BMW,X5 xDrive 30d,49500
Mercedes-Benz New C-Class C 220 CDI Style,Coimbatore,2017,23550,Diesel,Automatic,First,19.27,2143.0,167.62,5,Mercedes-Benz,New C-Class C 220 CDI Style,37025
Honda Brio V MT,Bangalore,2012,45000,Petrol,Manual,Second,19.4,1198.0,86.8,5,Honda,Brio V MT,4015
Hyundai i10 Magna 1.2,Delhi,2013,60000,Petrol,Manual,First,20.36,1197.0,78.9,5,Hyundai,i10 Magna 1.2,3025
Mercedes-Benz GLC 220,Bangalore,2016,44414,Diesel,Automatic,First,17.9,2143.0,170.0,5,Mercedes-Benz,GLC 220,46750
Audi A6 2011-2015 2.0 TDI Premium Plus,Mumbai,2012,62500,Diesel,Automatic,Second,17.68,1968.0,174.33,5,Audi,A6 2011-2015 2.0 TDI Premium Plus,20900
Volkswagen Vento Petrol Highline AT,Mumbai,2013,21000,Petrol,Automatic,Second,14.4,1598.0,103.6,5,Volkswagen,Vento Petrol Highline AT,4895
Mini Countryman Cooper D,Jaipur,2017,8525,Diesel,Automatic,Second,16.6,1998.0,112.0,5,Mini,Countryman Cooper D,25300
Hyundai i20 Asta 1.4 CRDi,Bangalore,2014,29000,Diesel,Manual,First,22.54,1396.0,88.73,5,Hyundai,i20 Asta 1.4 CRDi,9185
Audi A6 2011-2015 2.0 TDI Premium Plus,Mumbai,2014,40000,Diesel,Automatic,First,17.68,1968.0,174.33,5,Audi,A6 2011-2015 2.0 TDI Premium Plus,25245
Chevrolet Beat Diesel LT,Jaipur,2012,88000,Diesel,Manual,First,25.44,936.0,57.6,5,Chevrolet,Beat Diesel LT,1650
Skoda Superb Elegance 1.8 TSI AT,Kochi,2012,53537,Petrol,Automatic,First,13.7,1798.0,157.75,5,Skoda,Superb Elegance 1.8 TSI AT,7579
BMW 5 Series 520d Luxury Line,Hyderabad,2014,51000,Diesel,Automatic,First,22.48,1995.0,190.0,5,BMW,5 Series 520d Luxury Line,36850
Chevrolet Optra Magnum 1.6 LS BS3,Jaipur,2007,118500,Petrol,Manual,First,12.9,1598.0,102.5,5,Chevrolet,Optra Magnum 1.6 LS BS3,1375
Volkswagen Polo Diesel Highline 1.2L,Hyderabad,2012,63000,Diesel,Manual,First,22.07,1199.0,73.9,5,Volkswagen,Polo Diesel Highline 1.2L,4620
Renault Lodgy 110PS RxZ 8 Seater,Mumbai,2015,25000,Diesel,Manual,First,19.98,1461.0,108.5,8,Renault,Lodgy 110PS RxZ 8 Seater,7425
Mercedes-Benz E-Class E250 CDI Avantgrade,Bangalore,2014,37382,Diesel,Automatic,First,13.0,2143.0,201.1,5,Mercedes-Benz,E-Class E250 CDI Avantgrade,35200
Maruti Baleno Alpha,Kochi,2017,24773,Petrol,Manual,First,21.4,1197.0,83.1,5,Maruti,Baleno Alpha,8250
Hyundai Verna 1.6 SX,Delhi,2012,62000,Diesel,Manual,First,22.32,1582.0,126.32,5,Hyundai,Verna 1.6 SX,5060
Hyundai i10 Magna 1.1,Kochi,2017,52340,Petrol,Manual,First,19.81,1086.0,68.05,5,Hyundai,i10 Magna 1.1,4444
Mahindra Scorpio 1.99 S10 4WD,Kochi,2016,56739,Diesel,Manual,First,15.4,1997.0,120.0,7,Mahindra,Scorpio 1.99 S10 4WD,11341
Land Rover Range Rover 2.2L Dynamic,Coimbatore,2018,36091,Diesel,Automatic,First,12.7,2179.0,187.7,5,Land,Rover Range Rover 2.2L Dynamic,61336
Ford Figo Diesel ZXI,Chennai,2010,120000,Diesel,Manual,First,20.0,1399.0,68.0,5,Ford,Figo Diesel ZXI,2860
Maruti Ertiga ZDI,Mumbai,2016,33000,Diesel,Manual,First,25.47,1248.0,88.5,7,Maruti,Ertiga ZDI,9350
Honda City 1.5 GXI,Ahmedabad,2007,60006,Petrol,Manual,First,0.0,1493.0,100.0,0,Honda,City 1.5 GXI,3245
Honda Amaze S i-Dtech,Kolkata,2014,52000,Diesel,Manual,First,25.8,1498.0,98.6,5,Honda,Amaze S i-Dtech,3850
Hyundai i10 Magna,Jaipur,2015,43571,Petrol,Manual,First,20.36,1197.0,78.9,5,Hyundai,i10 Magna,3905
Honda Amaze S i-Dtech,Kolkata,2013,50000,Diesel,Manual,First,25.8,1498.0,98.6,5,Honda,Amaze S i-Dtech,3575
Skoda Laura Ambiente,Hyderabad,2008,113000,Diesel,Manual,First,17.5,1896.0,106.0,5,Skoda,Laura Ambiente,4950
Renault Duster 85PS Diesel RxL,Delhi,2014,90000,Diesel,Manual,First,19.87,1461.0,83.8,5,Renault,Duster 85PS Diesel RxL,5885
Mahindra NuvoSport N6,Chennai,2017,29000,Diesel,Manual,Second,17.45,1493.0,100.0,7,Mahindra,NuvoSport N6,7150
Maruti Vitara Brezza ZDi Plus Dual Tone,Mumbai,2016,20000,Diesel,Manual,First,24.3,1248.0,88.5,5,Maruti,Vitara Brezza ZDi Plus Dual Tone,9900
Hyundai i20 Asta Option 1.2,Kochi,2016,61012,Petrol,Manual,First,18.6,1197.0,81.83,5,Hyundai,i20 Asta Option 1.2,6600
Skoda Fabia 1.4 MPI Ambiente,Jaipur,2009,87459,Petrol,Manual,First,14.7,1390.0,85.0,5,Skoda,Fabia 1.4 MPI Ambiente,3025
Tata Indigo eCS GLX,Pune,2010,70500,Petrol,Manual,First,15.64,1193.0,64.1,5,Tata,Indigo eCS GLX,1650
Audi Q3 2012-2015 35 TDI Quattro Premium Plus,Delhi,2015,64103,Diesel,Automatic,First,15.73,1968.0,174.33,5,Audi,Q3 2012-2015 35 TDI Quattro Premium Plus,21890
Skoda Octavia Elegance 1.8 TSI AT,Mumbai,2014,76000,Petrol,Automatic,First,14.7,1798.0,177.5,5,Skoda,Octavia Elegance 1.8 TSI AT,11000
Toyota Etios Liva GD SP,Delhi,2014,104000,Diesel,Manual,First,23.59,1364.0,67.06,5,Toyota,Etios Liva GD SP,3300
Mercedes-Benz B Class B180,Kochi,2014,37245,Petrol,Automatic,First,14.8,1595.0,120.7,5,Mercedes-Benz,B Class B180,13156
Honda Amaze S Diesel,Kolkata,2013,45000,Diesel,Manual,First,27.4,1498.0,98.6,5,Honda,Amaze S Diesel,3575
Hyundai Verna 1.6 SX,Jaipur,2012,117837,Diesel,Manual,Second,22.32,1582.0,126.32,5,Hyundai,Verna 1.6 SX,5225
Renault Duster 85PS Diesel RxL Optional,Mumbai,2014,30000,Diesel,Manual,First,20.46,1461.0,83.8,5,Renault,Duster 85PS Diesel RxL Optional,6545
Hyundai Creta 1.6 VTVT S,Delhi,2015,27057,Petrol,Manual,Second,15.29,1591.0,121.3,5,Hyundai,Creta 1.6 VTVT S,8965
Maruti Wagon R AMT VXI,Mumbai,2016,8500,Petrol,Automatic,First,20.51,998.0,67.0,5,Maruti,Wagon R AMT VXI,4642
Mercedes-Benz New C-Class C250 Avantgarde,Kolkata,2010,30500,Petrol,Automatic,First,11.74,1796.0,186.0,5,Mercedes-Benz,New C-Class C250 Avantgarde,11550
Audi A8 L 3.0 TDI quattro,Delhi,2012,56000,Diesel,Automatic,First,11.8,2967.0,246.7,5,Audi,A8 L 3.0 TDI quattro,49500
Hyundai i10 Magna 1.1,Pune,2012,44000,Petrol,Manual,Second,19.81,1086.0,68.05,5,Hyundai,i10 Magna 1.1,3190
Skoda Rapid 1.6 MPI AT Style Black Package,Mumbai,2017,10500,Petrol,Automatic,First,14.3,1598.0,103.52,5,Skoda,Rapid 1.6 MPI AT Style Black Package,9790
Skoda Superb Style 1.8 TSI AT,Hyderabad,2017,26000,Petrol,Automatic,First,14.67,1798.0,177.46,5,Skoda,Superb Style 1.8 TSI AT,28600
Hyundai i20 Active 1.2 SX,Coimbatore,2018,25166,Petrol,Manual,First,17.19,1197.0,81.86,5,Hyundai,i20 Active 1.2 SX,9042
Honda Amaze VX i-DTEC,Kolkata,2014,64000,Diesel,Manual,Second,25.8,1498.0,98.6,5,Honda,Amaze VX i-DTEC,3850
Maruti Wagon R LXI,Chennai,2004,61000,Petrol,Manual,Second,18.9,998.0,67.1,5,Maruti,Wagon R LXI,1375
Mahindra Verito 1.5 D4 BSIV,Hyderabad,2013,107000,Diesel,Manual,First,21.03,1461.0,65.0,5,Mahindra,Verito 1.5 D4 BSIV,4070
Mercedes-Benz New C-Class C 220d Avantgarde Edition C,Coimbatore,2018,29161,Diesel,Automatic,First,19.27,2143.0,167.62,5,Mercedes-Benz,New C-Class C 220d Avantgarde Edition C,43350
Maruti Wagon R VXI,Kolkata,2013,32000,Petrol,Manual,First,22.5,998.0,67.04,5,Maruti,Wagon R VXI,2915
Nissan Terrano XV Premium 110 PS Anniversary Edition,Coimbatore,2015,46173,Diesel,Manual,Second,19.01,1461.0,108.5,5,Nissan,Terrano XV Premium 110 PS Anniversary Edition,9812
Maruti Swift VDI BSIV,Delhi,2013,47000,Diesel,Manual,First,17.8,1248.0,74.0,5,Maruti,Swift VDI BSIV,4510
Mini Cooper Convertible S,Kochi,2017,26327,Petrol,Automatic,First,16.82,1998.0,189.08,4,Mini,Cooper Convertible S,39237
Ford Figo Diesel,Bangalore,2015,70436,Diesel,Manual,First,0.0,1498.0,99.0,0,Ford,Figo Diesel,3960
Chevrolet Beat LT,Kochi,2016,60813,Petrol,Manual,Second,18.6,1199.0,76.8,5,Chevrolet,Beat LT,3652
Volkswagen Polo Diesel Comfortline 1.2L,Mumbai,2012,45000,Diesel,Manual,First,22.07,1199.0,73.9,5,Volkswagen,Polo Diesel Comfortline 1.2L,3960
Maruti Swift ZDi,Hyderabad,2016,64000,Diesel,Manual,First,22.9,1248.0,74.0,5,Maruti,Swift ZDi,7480
Ford Figo Diesel EXI,Kolkata,2012,41284,Diesel,Manual,First,20.0,1399.0,68.05,5,Ford,Figo Diesel EXI,2750
Toyota Innova Crysta 2.8 GX AT,Kochi,2019,14165,Diesel,Automatic,First,11.36,2755.0,171.5,7,Toyota,Innova Crysta 2.8 GX AT,21604
Hyundai Santa Fe 4x4 AT,Mumbai,2011,67000,Diesel,Automatic,Second,11.72,2199.0,194.3,7,Hyundai,Santa Fe 4x4 AT,7700
Honda City i-VTEC V,Kolkata,2011,32572,Petrol,Manual,First,17.4,1497.0,117.3,5,Honda,City i-VTEC V,4257
Hyundai i20 1.2 Magna Executive,Kochi,2018,14960,Petrol,Manual,First,18.6,1197.0,81.83,5,Hyundai,i20 1.2 Magna Executive,6896
Mercedes-Benz New C-Class C 220d Avantgarde Edition C,Kochi,2015,55980,Diesel,Automatic,First,19.27,2143.0,167.62,5,Mercedes-Benz,New C-Class C 220d Avantgarde Edition C,19932
Chevrolet Beat Diesel LT,Mumbai,2013,74000,Diesel,Manual,First,25.44,936.0,57.6,5,Chevrolet,Beat Diesel LT,2915
Hyundai i20 Sportz 1.4 CRDi,Kochi,2015,56847,Diesel,Manual,First,22.54,1396.0,88.73,5,Hyundai,i20 Sportz 1.4 CRDi,7920
Toyota Innova 2.5 Z Diesel 7 Seater,Coimbatore,2015,121374,Diesel,Manual,First,12.99,2494.0,100.6,7,Toyota,Innova 2.5 Z Diesel 7 Seater,15730
Maruti Ertiga VDI,Chennai,2013,52000,Diesel,Manual,First,20.77,1248.0,88.76,7,Maruti,Ertiga VDI,7590
Toyota Innova 2.5 V Diesel 7-seater,Mumbai,2014,118000,Diesel,Manual,First,12.8,2494.0,102.0,7,Toyota,Innova 2.5 V Diesel 7-seater,11825
Honda City i VTEC V,Kochi,2016,33915,Petrol,Manual,First,17.8,1497.0,117.3,5,Honda,City i VTEC V,8899
BMW X1 sDrive20d,Ahmedabad,2014,82002,Diesel,Automatic,First,17.05,1995.0,184.0,5,BMW,X1 sDrive20d,20350
Hyundai Grand i10 CRDi Era,Mumbai,2017,33000,Diesel,Manual,First,24.0,1120.0,70.0,5,Hyundai,Grand i10 CRDi Era,5225
Maruti Ciaz 1.3 Alpha,Chennai,2016,34000,Diesel,Manual,First,28.09,1248.0,88.5,5,Maruti,Ciaz 1.3 Alpha,9295
Skoda Rapid Leisure 1.6 TDI MT,Kolkata,2012,55000,Diesel,Manual,First,20.5,1598.0,103.6,5,Skoda,Rapid Leisure 1.6 TDI MT,3850
Hyundai Accent CRDi,Kochi,2006,160538,Diesel,Manual,First,13.1,1493.0,82.0,5,Hyundai,Accent CRDi,1980
Volkswagen Polo GT 1.5 TDI,Jaipur,2014,60000,Diesel,Manual,Second,19.91,1498.0,103.6,5,Volkswagen,Polo GT 1.5 TDI,4070
Honda Jazz 1.2 VX i VTEC,Coimbatore,2017,49575,Petrol,Manual,First,18.7,1199.0,88.7,5,Honda,Jazz 1.2 VX i VTEC,7887
Hyundai i10 Era,Jaipur,2010,83000,Petrol,Manual,First,19.81,1086.0,68.05,5,Hyundai,i10 Era,1925
Hyundai Tucson 2.0 e-VGT 2WD AT GLS,Kochi,2018,51346,Diesel,Automatic,First,16.38,1995.0,183.0,5,Hyundai,Tucson 2.0 e-VGT 2WD AT GLS,24189
Toyota Innova Crysta 2.4 ZX MT,Pune,2017,43000,Diesel,Manual,First,13.68,2393.0,147.8,7,Toyota,Innova Crysta 2.4 ZX MT,20515
Maruti Swift VXI BSIV,Coimbatore,2017,27872,Petrol,Manual,Second,20.4,1197.0,81.8,5,Maruti,Swift VXI BSIV,6545
Hyundai Grand i10 Magna,Mumbai,2014,16514,Petrol,Manual,First,18.9,1197.0,82.0,5,Hyundai,Grand i10 Magna,4125
Maruti Swift VDI,Pune,2012,120000,Diesel,Manual,First,22.9,1248.0,74.0,5,Maruti,Swift VDI,4125
Hyundai Verna CRDi 1.6 SX,Hyderabad,2008,143275,Diesel,Manual,First,22.0,1582.0,126.2,5,Hyundai,Verna CRDi 1.6 SX,2860
Hyundai i20 1.2 Sportz,Mumbai,2010,52000,Petrol,Manual,First,17.0,1197.0,80.0,5,Hyundai,i20 1.2 Sportz,3080
Mercedes-Benz New C-Class C 220 CDI CLASSIC,Bangalore,2014,57000,Diesel,Manual,Second,15.8,2148.0,170.0,5,Mercedes-Benz,New C-Class C 220 CDI CLASSIC,19800
Maruti Ritz ZDi,Hyderabad,2014,88500,Diesel,Manual,First,23.2,1248.0,73.94,5,Maruti,Ritz ZDi,4785
Hyundai Creta 1.6 CRDi SX,Bangalore,2016,28000,Diesel,Manual,First,19.67,1582.0,126.2,5,Hyundai,Creta 1.6 CRDi SX,15125
Maruti A-Star Vxi,Pune,2010,67000,Petrol,Manual,First,19.0,998.0,66.1,5,Maruti,A-Star Vxi,2200
Renault Duster 110PS Diesel RXZ Option,Delhi,2016,26000,Diesel,Manual,First,19.64,1461.0,108.45,5,Renault,Duster 110PS Diesel RXZ Option,11000
Fiat Grande Punto 1.3 Emotion Pack (Diesel),Delhi,2010,120000,Diesel,Manual,First,17.8,1248.0,76.0,5,Fiat,Grande Punto 1.3 Emotion Pack (Diesel),1815
BMW X3 xDrive30d M Sport,Coimbatore,2017,51982,Diesel,Automatic,First,16.55,2993.0,258.0,5,BMW,X3 xDrive30d M Sport,50347
Hyundai i10 Sportz,Bangalore,2010,36000,Petrol,Manual,Second,20.36,1197.0,78.9,5,Hyundai,i10 Sportz,3575
Toyota Innova 2.5 G4 Diesel 7-seater,Pune,2016,47000,Diesel,Manual,First,12.8,2494.0,102.0,7,Toyota,Innova 2.5 G4 Diesel 7-seater,14080
Maruti Swift VDI,Hyderabad,2018,31025,Diesel,Manual,First,28.4,1248.0,74.0,5,Maruti,Swift VDI,7865
Mahindra Scorpio VLX 2.2 mHawk Airbag BSIV,Pune,2013,105000,Diesel,Manual,Second,12.05,2179.0,120.0,8,Mahindra,Scorpio VLX 2.2 mHawk Airbag BSIV,7700
Tata Zest Quadrajet 1.3 75PS XE,Pune,2017,121900,Diesel,Manual,First,22.95,1248.0,74.0,5,Tata,Zest Quadrajet 1.3 75PS XE,4125
Ford EcoSport 1.0 Ecoboost Titanium Plus,Mumbai,2017,22695,Petrol,Manual,First,18.88,999.0,123.24,5,Ford,EcoSport 1.0 Ecoboost Titanium Plus,9350
Maruti Swift Dzire ZDI,Jaipur,2012,73000,Diesel,Manual,First,23.4,1248.0,74.0,5,Maruti,Swift Dzire ZDI,4785
Maruti Alto 800 LXI,Kochi,2016,32227,Petrol,Manual,First,22.74,796.0,47.3,5,Maruti,Alto 800 LXI,3585
Honda City 1.5 S MT,Jaipur,2011,55000,Petrol,Manual,First,17.0,1497.0,118.0,5,Honda,City 1.5 S MT,4631
Skoda Laura 1.9 TDI AT Ambiente,Mumbai,2009,48000,Diesel,Automatic,Second,17.0,1896.0,105.0,5,Skoda,Laura 1.9 TDI AT Ambiente,3245
Hyundai Verna 1.6 SX VTVT (O),Kochi,2012,54308,Petrol,Manual,First,17.1,1591.0,121.3,5,Hyundai,Verna 1.6 SX VTVT (O),4708
Honda City 1.5 V AT,Jaipur,2009,78442,Petrol,Automatic,First,16.8,1497.0,118.0,5,Honda,City 1.5 V AT,3927
Hyundai i20 Magna Optional 1.4 CRDi,Kolkata,2013,46000,Diesel,Manual,First,21.9,1396.0,88.8,5,Hyundai,i20 Magna Optional 1.4 CRDi,3421
Hyundai i20 Sportz AT 1.4,Coimbatore,2014,45051,Petrol,Automatic,First,15.0,1396.0,98.6,5,Hyundai,i20 Sportz AT 1.4,6556
Volkswagen Vento Diesel Highline,Hyderabad,2011,69000,Diesel,Manual,First,20.54,1598.0,103.6,5,Volkswagen,Vento Diesel Highline,5170
Honda City i VTEC VX,Ahmedabad,2014,49000,Petrol,Manual,First,17.4,1497.0,117.3,5,Honda,City i VTEC VX,7590
Tata Zest Quadrajet 1.3 75PS XE,Pune,2018,45000,Diesel,Manual,First,22.95,1248.0,74.0,5,Tata,Zest Quadrajet 1.3 75PS XE,5775
BMW 5 Series 2003-2012 520d,Pune,2015,64000,Diesel,Automatic,First,18.48,1995.0,177.0,5,BMW,5 Series 2003-2012 520d,30800
Maruti Wagon R LXI Minor,Delhi,2009,60000,Petrol,Manual,First,18.9,1061.0,67.0,5,Maruti,Wagon R LXI Minor,1485
Honda Jazz VX,Delhi,2015,62178,Petrol,Manual,First,18.2,1199.0,88.7,5,Honda,Jazz VX,5335
Volkswagen Jetta 2007-2011 2.0 TDI Comfortline,Coimbatore,2012,58006,Diesel,Manual,First,15.0,1896.0,105.0,5,Volkswagen,Jetta 2007-2011 2.0 TDI Comfortline,7370
Hyundai i10 Magna 1.2,Hyderabad,2010,74000,Petrol,Manual,First,20.36,1197.0,78.9,5,Hyundai,i10 Magna 1.2,3410
Mercedes-Benz New C-Class C 220 CDI Avantgarde,Kochi,2015,77771,Diesel,Automatic,First,19.27,2143.0,170.0,5,Mercedes-Benz,New C-Class C 220 CDI Avantgarde,20504
Hyundai i10 Magna 1.2 iTech SE,Pune,2012,45275,Petrol,Manual,First,20.36,1197.0,78.9,5,Hyundai,i10 Magna 1.2 iTech SE,3080
Toyota Innova Crysta 2.4 ZX MT,Chennai,2016,48000,Diesel,Manual,First,13.68,2393.0,147.8,7,Toyota,Innova Crysta 2.4 ZX MT,22275
Audi A6 2011-2015 2.0 TDI Technology,Kochi,2015,31652,Diesel,Automatic,First,17.68,1968.0,174.33,5,Audi,A6 2011-2015 2.0 TDI Technology,29458
Toyota Innova 2.5 VX (Diesel) 7 Seater,Hyderabad,2010,109000,Diesel,Manual,Second,12.99,2494.0,100.6,7,Toyota,Innova 2.5 VX (Diesel) 7 Seater,9086
Volkswagen Polo Petrol Trendline 1.2L,Mumbai,2015,31978,Petrol,Manual,First,16.47,1198.0,73.9,5,Volkswagen,Polo Petrol Trendline 1.2L,4279
Maruti Alto K10 LXI,Hyderabad,2011,70000,Petrol,Manual,First,20.92,998.0,67.1,5,Maruti,Alto K10 LXI,2310
Honda City i-VTEC CVT ZX,Mumbai,2017,15000,Petrol,Automatic,First,18.0,1497.0,117.3,5,Honda,City i-VTEC CVT ZX,13959
Tata Indigo LX,Coimbatore,2013,59138,Diesel,Manual,First,17.0,1405.0,70.0,5,Tata,Indigo LX,2838
Audi A6 2011-2015 2.0 TDI Premium Plus,Kochi,2014,61726,Diesel,Automatic,First,17.68,1968.0,174.33,5,Audi,A6 2011-2015 2.0 TDI Premium Plus,22847
Mercedes-Benz GLA Class 200 CDI SPORT,Delhi,2015,48000,Diesel,Automatic,First,17.9,2143.0,136.0,5,Mercedes-Benz,GLA Class 200 CDI SPORT,22286
Maruti Swift VDI BSIV,Kolkata,2011,60020,Diesel,Manual,First,17.8,1248.0,74.0,5,Maruti,Swift VDI BSIV,2750
Maruti Celerio VXI AT,Hyderabad,2014,77815,Petrol,Automatic,First,23.1,998.0,67.04,5,Maruti,Celerio VXI AT,4675
Land Rover Range Rover HSE Dynamic,Delhi,2017,44000,Diesel,Automatic,First,12.7,2179.0,187.7,5,Land,Rover Range Rover HSE Dynamic,48400
Volkswagen Vento Diesel Trendline,Hyderabad,2011,108626,Diesel,Manual,First,20.54,1598.0,103.6,5,Volkswagen,Vento Diesel Trendline,4015
Honda Brio 1.2 VX MT,Kochi,2012,91931,Petrol,Manual,First,18.5,1198.0,86.8,5,Honda,Brio 1.2 VX MT,3443
Tata Sumo Delux,Hyderabad,2000,158000,Diesel,Manual,Second,14.07,2956.0,83.1,7,Tata,Sumo Delux,1650
Tata Indica Vista Aura 1.3 Quadrajet,Pune,2012,91183,Diesel,Manual,First,18.0,1248.0,75.0,5,Tata,Indica Vista Aura 1.3 Quadrajet,3135
Maruti Wagon R LXI BS IV,Delhi,2012,65000,Petrol,Manual,First,18.9,998.0,67.1,5,Maruti,Wagon R LXI BS IV,2915
Mahindra XUV500 W8 4WD,Hyderabad,2015,88428,Diesel,Manual,First,16.0,2179.0,140.0,7,Mahindra,XUV500 W8 4WD,11660
Tata Indigo LS Dicor,Pune,2008,138000,Diesel,Manual,Second,17.1,1396.0,70.0,5,Tata,Indigo LS Dicor,1375
Maruti Ertiga Paseo VXI,Mumbai,2018,18000,Petrol,Manual,First,16.02,1373.0,93.7,7,Maruti,Ertiga Paseo VXI,9075
Honda Accord 2.4 A/T,Mumbai,2011,60000,Petrol,Automatic,First,11.7,2354.0,177.6,5,Honda,Accord 2.4 A/T,4895
Maruti Swift Dzire VDi,Kolkata,2012,48000,Diesel,Manual,First,19.3,1248.0,73.9,5,Maruti,Swift Dzire VDi,4070
Ford Fiesta EXi 1.4 TDCi Ltd,Hyderabad,2009,160000,Diesel,Manual,First,17.8,1399.0,68.0,5,Ford,Fiesta EXi 1.4 TDCi Ltd,3080
Honda City ZX GXi,Kolkata,2008,40000,Petrol,Manual,First,17.7,1497.0,78.0,5,Honda,City ZX GXi,1980
Audi A6 2011-2015 2.0 TDI Premium Plus,Kochi,2014,51495,Diesel,Automatic,First,17.68,1968.0,174.33,5,Audi,A6 2011-2015 2.0 TDI Premium Plus,24145
Maruti Zen Estilo LXI Green (CNG),Pune,2008,42496,CNG,Manual,First,18.78571428571429,998.0,67.1,5,Maruti,Zen Estilo LXI Green (CNG),1540
Hyundai i20 1.4 CRDi Asta,Pune,2012,83000,Diesel,Manual,First,23.0,1396.0,90.0,5,Hyundai,i20 1.4 CRDi Asta,6050
Hyundai i10 Sportz AT,Bangalore,2009,37000,Petrol,Automatic,Third,16.95,1197.0,78.9,5,Hyundai,i10 Sportz AT,3245
Honda Jazz 1.2 V CVT i VTEC,Kochi,2016,28503,Petrol,Automatic,First,19.0,1199.0,88.7,5,Honda,Jazz 1.2 V CVT i VTEC,7546
Maruti Swift VDI BSIV,Hyderabad,2015,76496,Diesel,Manual,First,25.2,1248.0,74.0,5,Maruti,Swift VDI BSIV,6765
Hyundai i20 Asta 1.2,Pune,2011,79152,Petrol,Manual,Second,18.5,1197.0,82.85,5,Hyundai,i20 Asta 1.2,3630
Volkswagen Polo Petrol Comfortline 1.2L,Kolkata,2011,32000,Petrol,Manual,First,16.47,1198.0,73.9,5,Volkswagen,Polo Petrol Comfortline 1.2L,2805
Toyota Corolla H4,Chennai,2004,105000,Petrol,Automatic,Second,11.3,1794.0,125.0,5,Toyota,Corolla H4,2750
Tata Manza ELAN Quadrajet BS IV,Pune,2012,73000,Diesel,Manual,First,21.12,1248.0,88.8,5,Tata,Manza ELAN Quadrajet BS IV,3740
Toyota Corolla H4,Kolkata,2008,80000,Petrol,Automatic,First,11.3,1794.0,125.0,5,Toyota,Corolla H4,3080
Hyundai i20 Asta Option 1.2,Coimbatore,2016,24973,Petrol,Manual,First,18.6,1197.0,81.83,5,Hyundai,i20 Asta Option 1.2,8426
Maruti Vitara Brezza LDi,Chennai,2016,45000,Diesel,Manual,First,24.3,1248.0,88.5,5,Maruti,Vitara Brezza LDi,7865
Honda City 1.5 V MT,Delhi,2010,87430,Petrol,Manual,First,17.0,1497.0,118.0,5,Honda,City 1.5 V MT,3850
Tata Indica Vista Aqua 1.3 Quadrajet,Hyderabad,2014,133944,Diesel,Manual,Second,18.0,1248.0,75.0,5,Tata,Indica Vista Aqua 1.3 Quadrajet,3850
Honda Amaze S i-Dtech,Kolkata,2013,57000,Diesel,Manual,First,25.8,1498.0,98.6,5,Honda,Amaze S i-Dtech,3795
Hyundai EON D Lite Plus,Coimbatore,2016,27904,Petrol,Manual,First,21.1,814.0,55.2,5,Hyundai,EON D Lite Plus,3905
BMW 3 Series Luxury Line,Kochi,2015,30717,Diesel,Automatic,Second,21.76,1995.0,190.0,5,BMW,3 Series Luxury Line,28589
Hyundai Verna 1.6 SX,Bangalore,2012,80000,Diesel,Manual,First,22.32,1582.0,126.32,5,Hyundai,Verna 1.6 SX,5775
Tata Manza Club Class Quadrajet90 LS,Ahmedabad,2013,47304,Diesel,Manual,First,21.02,1248.0,88.8,5,Tata,Manza Club Class Quadrajet90 LS,3190
Skoda Octavia RS,Jaipur,2005,100000,Petrol,Automatic,First,14.45,1984.0,227.0,5,Skoda,Octavia RS,2255
Maruti Alto K10 VXI,Pune,2017,30000,Petrol,Manual,First,24.07,998.0,67.1,5,Maruti,Alto K10 VXI,4125
Ford Ecosport 1.5 DV5 MT Titanium Optional,Mumbai,2014,68000,Diesel,Manual,First,22.7,1498.0,89.84,5,Ford,Ecosport 1.5 DV5 MT Titanium Optional,7425
Jaguar XF 2.0 Diesel Portfolio,Hyderabad,2017,21000,Diesel,Automatic,First,19.33,1999.0,177.0,5,Jaguar,XF 2.0 Diesel Portfolio,57200
Honda CR-V RVi MT,Jaipur,2007,119000,Petrol,Manual,Third,13.1,1997.0,141.1,5,Honda,CR-V RVi MT,4301
Skoda Superb L&K 1.8 TSI AT,Kochi,2019,13747,Petrol,Automatic,First,14.67,1798.0,177.46,5,Skoda,Superb L&K 1.8 TSI AT,30030
Maruti Swift LDI,Delhi,2013,70000,Diesel,Manual,First,22.9,1248.0,74.0,5,Maruti,Swift LDI,3850
Maruti Swift Dzire VXi AT,Mumbai,2016,18000,Petrol,Automatic,First,18.5,1197.0,83.14,5,Maruti,Swift Dzire VXi AT,6820
Nissan Micra Diesel XV,Chennai,2011,83000,Diesel,Manual,First,23.08,1461.0,63.1,5,Nissan,Micra Diesel XV,3025
Maruti Swift Dzire Tour LDI,Mumbai,2015,130000,Diesel,Manual,First,23.4,1248.0,74.0,5,Maruti,Swift Dzire Tour LDI,3575
Ford Fiesta Classic 1.4 Duratorq CLXI,Pune,2012,63400,Diesel,Manual,First,17.8,1399.0,67.0,5,Ford,Fiesta Classic 1.4 Duratorq CLXI,3575
Mini Clubman Cooper S,Pune,2017,8350,Petrol,Manual,First,13.8,1998.0,192.0,5,Mini,Clubman Cooper S,38500
Toyota Etios GD,Kolkata,2014,45000,Diesel,Manual,First,23.59,1364.0,67.05,5,Toyota,Etios GD,3575
Maruti Alto 800 2016-2019 LXI,Kolkata,2018,26200,Petrol,Manual,First,24.7,796.0,47.3,5,Maruti,Alto 800 2016-2019 LXI,3190
Maruti Alto VXi,Bangalore,2011,11000,Petrol,Manual,Third,18.9,796.0,47.0,5,Maruti,Alto VXi,3190
BMW X5 3.0d,Bangalore,2009,90000,Diesel,Automatic,Second,11.0,2993.0,235.0,5,BMW,X5 3.0d,19525
Nissan Teana XV,Mumbai,2015,74000,Petrol,Automatic,Second,11.07,2496.0,179.5,5,Nissan,Teana XV,9075
Hyundai Grand i10 AT Asta,Coimbatore,2015,37081,Petrol,Automatic,First,18.9,1197.0,82.0,5,Hyundai,Grand i10 AT Asta,6346
Maruti Vitara Brezza ZDi Plus,Hyderabad,2017,39000,Diesel,Manual,First,24.3,1248.0,88.5,5,Maruti,Vitara Brezza ZDi Plus,10439
Audi Q7 3.0 TDI Quattro Premium Plus,Mumbai,2008,99000,Diesel,Automatic,Third,12.07,2967.0,241.4,7,Audi,Q7 3.0 TDI Quattro Premium Plus,14245
Mercedes-Benz GLA Class 200 CDI,Chennai,2015,38000,Diesel,Automatic,First,17.9,2143.0,136.0,5,Mercedes-Benz,GLA Class 200 CDI,22000
Renault Duster 85PS Diesel RxL,Chennai,2015,93000,Diesel,Manual,Second,20.45,1461.0,83.8,5,Renault,Duster 85PS Diesel RxL,7810
Toyota Corolla Altis D-4D GL,Mumbai,2017,5900,Diesel,Manual,First,21.43,1364.0,87.2,5,Toyota,Corolla Altis D-4D GL,18150
Mercedes-Benz New C-Class 220,Chennai,2014,25000,Diesel,Manual,First,15.8,2148.0,170.0,5,Mercedes-Benz,New C-Class 220,28600
Maruti Ritz VDi,Hyderabad,2010,68000,Diesel,Manual,Second,21.1,1248.0,73.9,5,Maruti,Ritz VDi,3520
Honda BRV i-VTEC V CVT,Kochi,2017,35676,Petrol,Automatic,First,16.0,1497.0,117.3,7,Honda,BRV i-VTEC V CVT,10428
Hyundai Xcent 1.1 CRDi Base,Kochi,2015,74310,Diesel,Manual,First,24.4,1120.0,71.0,5,Hyundai,Xcent 1.1 CRDi Base,4400
Mercedes-Benz E-Class 2009-2013 E250 CDI Avantgarde,Jaipur,2014,59364,Diesel,Automatic,First,14.21,2143.0,203.0,5,Mercedes-Benz,E-Class 2009-2013 E250 CDI Avantgarde,29150
Mercedes-Benz B Class B180,Kochi,2014,41380,Petrol,Automatic,Second,14.8,1595.0,120.7,5,Mercedes-Benz,B Class B180,12947
Mercedes-Benz E-Class 2015-2017 E250 Edition E,Bangalore,2017,33900,Diesel,Automatic,First,15.0,2143.0,204.0,5,Mercedes-Benz,E-Class 2015-2017 E250 Edition E,40700
Honda City i VTEC VX Option,Mumbai,2016,28000,Petrol,Manual,First,17.8,1497.0,117.3,5,Honda,City i VTEC VX Option,9625
Honda City 1.5 S MT,Chennai,2011,93982,Petrol,Manual,First,17.0,1497.0,118.0,5,Honda,City 1.5 S MT,4125
Hyundai Verna Transform VTVT,Pune,2010,95000,Petrol,Manual,First,16.2,1599.0,103.2,5,Hyundai,Verna Transform VTVT,2750
Jaguar XE Portfolio,Mumbai,2017,9000,Petrol,Automatic,First,13.5,1999.0,246.74,5,Jaguar,XE Portfolio,37950
Honda Amaze S i-Vtech,Delhi,2015,52516,Petrol,Manual,First,18.0,1198.0,86.7,5,Honda,Amaze S i-Vtech,5115
Mini Cooper Convertible 1.6,Bangalore,2015,20000,Petrol,Automatic,First,18.86,1598.0,122.0,4,Mini,Cooper Convertible 1.6,35200
Hyundai EON Magna Plus,Chennai,2014,37000,Petrol,Manual,First,21.1,814.0,55.2,5,Hyundai,EON Magna Plus,3575
Maruti Wagon R VXI BS IV,Kolkata,2014,17400,Petrol,Manual,First,20.51,998.0,67.04,5,Maruti,Wagon R VXI BS IV,3410
Maruti Ritz LDi,Coimbatore,2011,90207,Diesel,Manual,First,21.1,1248.0,73.9,5,Maruti,Ritz LDi,4301
BMW 3 Series 320d Sedan,Chennai,2011,89616,Diesel,Automatic,First,16.07,1995.0,181.0,5,BMW,3 Series 320d Sedan,12100
Tata Xenon XT EX 4X2,Pune,2014,85000,Diesel,Manual,First,13.49,2179.0,138.03,5,Tata,Xenon XT EX 4X2,3850
Audi A3 35 TDI Attraction,Chennai,2014,79271,Diesel,Automatic,First,20.38,1968.0,143.0,5,Audi,A3 35 TDI Attraction,18150
Land Rover Range Rover 2.2L Dynamic,Hyderabad,2012,56000,Diesel,Automatic,First,12.7,2179.0,187.7,5,Land,Rover Range Rover 2.2L Dynamic,33000
Mercedes-Benz GL-Class 2007 2012 350 CDI Luxury,Pune,2010,85001,Diesel,Automatic,Second,12.0,2987.0,224.0,7,Mercedes-Benz,GL-Class 2007 2012 350 CDI Luxury,30800
Mitsubishi Pajero Sport 4X2 AT DualTone BlackTop,Hyderabad,2018,12000,Diesel,Automatic,First,13.5,2477.0,175.56,7,Mitsubishi,Pajero Sport 4X2 AT DualTone BlackTop,30800
Maruti Wagon R LXI BSIII,Pune,2013,53000,Petrol,Manual,First,14.0,1061.0,64.0,5,Maruti,Wagon R LXI BSIII,3025
Land Rover Range Rover 2.2L Prestige,Coimbatore,2017,34990,Diesel,Automatic,First,12.7,2179.0,187.7,5,Land,Rover Range Rover 2.2L Prestige,59213
Hyundai Verna 1.6 SX VTVT,Pune,2011,49768,Petrol,Manual,Second,17.01,1591.0,121.3,5,Hyundai,Verna 1.6 SX VTVT,5445
BMW 5 Series 525d Sedan,Hyderabad,2013,56000,Diesel,Automatic,First,16.73,2993.0,218.0,5,BMW,5 Series 525d Sedan,36850
Skoda Superb Elegance 1.8 TSI AT,Hyderabad,2010,57000,Petrol,Automatic,First,13.7,1798.0,157.75,5,Skoda,Superb Elegance 1.8 TSI AT,7975
Audi Q3 35 TDI Quattro Premium,Kochi,2017,37542,Diesel,Automatic,First,15.73,1968.0,174.33,5,Audi,Q3 35 TDI Quattro Premium,28281
Land Rover Range Rover 2.2L Pure,Coimbatore,2014,95649,Diesel,Automatic,First,12.7,2179.0,187.7,5,Land,Rover Range Rover 2.2L Pure,32637
Mercedes-Benz New C-Class 220 CDI AT,Jaipur,2013,35299,Diesel,Automatic,First,14.84,2143.0,170.0,5,Mercedes-Benz,New C-Class 220 CDI AT,20900
Mahindra Scorpio S10 4WD,Kochi,2017,28464,Diesel,Manual,First,15.4,2179.0,120.0,7,Mahindra,Scorpio S10 4WD,14355
BMW 3 Series Luxury Line,Mumbai,2015,41000,Diesel,Automatic,First,21.76,1995.0,190.0,5,BMW,3 Series Luxury Line,28050
Honda BR-V i-VTEC S MT,Pune,2017,9000,Petrol,Manual,First,15.4,1497.0,117.3,7,Honda,BR-V i-VTEC S MT,9350
Volvo S80 2006-2013 D5,Chennai,2010,92098,Diesel,Automatic,Second,16.0,2400.0,215.0,5,Volvo,S80 2006-2013 D5,7975
Hyundai i20 Active SX Petrol,Jaipur,2017,40250,Petrol,Manual,First,17.19,1197.0,81.86,5,Hyundai,i20 Active SX Petrol,7590
Hyundai EON Magna Plus,Kolkata,2015,20800,Petrol,Manual,Second,21.1,814.0,55.2,5,Hyundai,EON Magna Plus,2475
Hyundai Grand i10 SportZ Edition,Kochi,2018,40322,Petrol,Manual,First,18.9,1197.0,81.86,5,Hyundai,Grand i10 SportZ Edition,6050
Honda City 1.5 EXI S,Mumbai,2013,52576,Petrol,Manual,First,13.0,1493.0,100.0,5,Honda,City 1.5 EXI S,4785
Volkswagen Polo Petrol Trendline 1.2L,Kolkata,2010,55000,Petrol,Manual,First,16.47,1198.0,73.9,5,Volkswagen,Polo Petrol Trendline 1.2L,2475
Audi A6 35 TFSI Matrix,Mumbai,2016,47000,Petrol,Automatic,First,15.26,1798.0,187.74,5,Audi,A6 35 TFSI Matrix,26950
Hyundai Creta 1.6 SX Plus Dual Tone Petrol,Coimbatore,2017,23163,Petrol,Manual,First,15.29,1591.0,121.3,5,Hyundai,Creta 1.6 SX Plus Dual Tone Petrol,13233
Mercedes-Benz New C-Class C 200 CGI Avantgarde,Mumbai,2011,50000,Petrol,Automatic,Second,11.74,1796.0,186.0,5,Mercedes-Benz,New C-Class C 200 CGI Avantgarde,9350
Mini Cooper Convertible S,Mumbai,2014,11900,Petrol,Automatic,First,16.82,1998.0,189.08,4,Mini,Cooper Convertible S,31350
Toyota Etios VD,Bangalore,2013,37000,Diesel,Manual,First,23.59,1364.0,67.04,5,Toyota,Etios VD,6325
Honda Brio S MT,Delhi,2014,30000,Petrol,Manual,Second,19.4,1198.0,86.8,5,Honda,Brio S MT,3520
Maruti Baleno Alpha Automatic,Coimbatore,2018,12831,Petrol,Automatic,First,21.4,1197.0,83.1,5,Maruti,Baleno Alpha Automatic,10879
Skoda Laura Ambiente 2.0 TDI CR AT,Coimbatore,2012,143017,Diesel,Automatic,First,20.0,1968.0,138.1,5,Skoda,Laura Ambiente 2.0 TDI CR AT,7238
Hyundai EON Era Plus,Kochi,2018,13102,Petrol,Manual,First,21.1,814.0,55.2,5,Hyundai,EON Era Plus,4466
Renault Captur 1.5 Diesel RXL,Coimbatore,2019,24950,Diesel,Manual,First,20.37,1461.0,108.45,5,Renault,Captur 1.5 Diesel RXL,14707
BMW 5 Series 2003-2012 GT 530d LE,Coimbatore,2011,57832,Diesel,Automatic,First,16.2,2993.0,258.0,5,BMW,5 Series 2003-2012 GT 530d LE,28402
Maruti Alto 800 LXI,Kochi,2016,34267,Petrol,Manual,First,22.74,796.0,47.3,5,Maruti,Alto 800 LXI,4114
Volvo V40 D3,Bangalore,2015,33000,Diesel,Automatic,Second,16.8,1984.0,150.0,5,Volvo,V40 D3,24200
Maruti Wagon R LXI BSII,Ahmedabad,2007,55100,Petrol,Manual,First,18.9,998.0,67.1,5,Maruti,Wagon R LXI BSII,1595
Honda City ZX GXi,Kolkata,2008,40000,Petrol,Manual,First,17.7,1497.0,78.0,5,Honda,City ZX GXi,2200
Maruti Eeco 5 STR With AC Plus HTR CNG,Kochi,2017,31841,CNG,Manual,First,10.785714285714286,1196.0,73.0,5,Maruti,Eeco 5 STR With AC Plus HTR CNG,5170
Chevrolet Enjoy 1.4 LS 8,Kolkata,2014,15000,Petrol,Manual,First,13.7,1399.0,98.79,8,Chevrolet,Enjoy 1.4 LS 8,4125
Mahindra Bolero ZLX,Coimbatore,2016,82756,Diesel,Manual,First,15.96,2523.0,62.1,7,Mahindra,Bolero ZLX,8470
Hyundai EON D Lite,Hyderabad,2014,20600,Petrol,Manual,First,21.1,814.0,55.2,5,Hyundai,EON D Lite,2860
Hyundai Creta 1.6 SX Plus Petrol Automatic,Coimbatore,2017,29952,Petrol,Automatic,First,13.0,1591.0,121.3,5,Hyundai,Creta 1.6 SX Plus Petrol Automatic,15147
Volkswagen Vento 1.6 Comfortline,Mumbai,2017,15000,Petrol,Manual,Second,16.09,1598.0,103.5,5,Volkswagen,Vento 1.6 Comfortline,7810
Honda Civic 2006-2010 1.8 S AT,Pune,2008,61938,Petrol,Automatic,Second,12.9,1799.0,130.0,5,Honda,Civic 2006-2010 1.8 S AT,2915
Tata Indica Vista Quadrajet LS,Hyderabad,2014,67000,Diesel,Manual,First,22.3,1248.0,74.0,5,Tata,Indica Vista Quadrajet LS,2750
Mahindra XUV500 W8 2WD,Kochi,2013,61672,Diesel,Manual,First,16.0,2179.0,140.0,7,Mahindra,XUV500 W8 2WD,8283
Hyundai i20 1.2 Asta Option,Coimbatore,2017,26185,Petrol,Manual,First,18.6,1197.0,81.83,5,Hyundai,i20 1.2 Asta Option,8778
Audi Q5 30 TDI quattro Premium Plus,Bangalore,2014,38000,Diesel,Automatic,Second,14.16,1968.0,174.3,5,Audi,Q5 30 TDI quattro Premium Plus,42900
Maruti Ritz VXi,Chennai,2011,67000,Petrol,Manual,Second,18.5,1197.0,85.8,5,Maruti,Ritz VXi,2475
Mitsubishi Cedia Sports,Chennai,2010,66000,Petrol,Manual,Second,13.17,1999.0,114.0,5,Mitsubishi,Cedia Sports,4235
Toyota Innova 2.5 V Diesel 7-seater,Hyderabad,2015,80883,Diesel,Manual,First,12.8,2494.0,102.0,7,Toyota,Innova 2.5 V Diesel 7-seater,14850
Maruti Celerio LDi,Hyderabad,2016,80219,Diesel,Manual,First,27.62,793.0,47.0,5,Maruti,Celerio LDi,3850
Maruti S-Cross Delta DDiS 200 SH,Delhi,2018,12923,Diesel,Manual,First,25.1,1248.0,88.5,5,Maruti,S-Cross Delta DDiS 200 SH,9812
Audi Q3 35 TDI Quattro Premium Plus,Coimbatore,2016,86642,Diesel,Automatic,First,15.17,1968.0,181.0,5,Audi,Q3 35 TDI Quattro Premium Plus,22407
BMW 3 Series Luxury Line,Bangalore,2016,19235,Diesel,Automatic,First,21.76,1995.0,190.0,5,BMW,3 Series Luxury Line,40150
Hyundai i20 2015-2017 Asta 1.2,Pune,2016,6800,Petrol,Manual,First,18.6,1197.0,81.83,5,Hyundai,i20 2015-2017 Asta 1.2,7920
Renault Duster 110PS Diesel RxL,Hyderabad,2012,82749,Diesel,Manual,First,19.01,1461.0,108.45,5,Renault,Duster 110PS Diesel RxL,6589
Hyundai Xcent 1.1 CRDi S Celebration Edition,Pune,2016,51000,Diesel,Manual,First,24.4,1120.0,71.0,5,Hyundai,Xcent 1.1 CRDi S Celebration Edition,5775
Ford Ecosport 1.5 DV5 MT Titanium,Delhi,2014,31465,Diesel,Manual,First,22.7,1498.0,89.84,5,Ford,Ecosport 1.5 DV5 MT Titanium,7150
Volkswagen Polo Petrol Trendline 1.2L,Hyderabad,2013,76476,Petrol,Manual,First,16.47,1198.0,73.9,5,Volkswagen,Polo Petrol Trendline 1.2L,4840
Hyundai Grand i10 CRDi Magna,Kolkata,2017,14000,Diesel,Manual,First,24.0,1120.0,70.0,5,Hyundai,Grand i10 CRDi Magna,5060
Tata Manza Aqua Quadrajet BS IV,Ahmedabad,2013,47000,Diesel,Manual,First,21.12,1248.0,88.8,5,Tata,Manza Aqua Quadrajet BS IV,3245
Honda City 1.5 V MT,Kolkata,2011,48466,Petrol,Manual,First,17.0,1497.0,118.0,5,Honda,City 1.5 V MT,3585
Hyundai Santro Xing GLS,Bangalore,2008,46000,Petrol,Manual,Second,17.92,1086.0,62.1,5,Hyundai,Santro Xing GLS,2442
Toyota Innova 2.5 VX (Diesel) 7 Seater,Hyderabad,2012,162663,Diesel,Manual,First,12.99,2494.0,100.0,7,Toyota,Innova 2.5 VX (Diesel) 7 Seater,11550
Maruti Ciaz 1.3 S,Coimbatore,2017,25142,Diesel,Manual,First,28.09,1248.0,88.5,5,Maruti,Ciaz 1.3 S,9086
Toyota Fortuner 4x4 MT TRD Sportivo,Delhi,2013,69000,Diesel,Manual,First,12.55,2982.0,169.0,7,Toyota,Fortuner 4x4 MT TRD Sportivo,15895
Mercedes-Benz E-Class E 220 d,Kochi,2018,26405,Petrol,Automatic,First,12.6,1950.0,191.34,5,Mercedes-Benz,E-Class E 220 d,56573
Mercedes-Benz New C-Class 220 CDI MT,Chennai,2014,45000,Diesel,Manual,First,15.8,2148.0,170.0,5,Mercedes-Benz,New C-Class 220 CDI MT,25300
Skoda Yeti Ambition 4X2,Kolkata,2012,64284,Diesel,Manual,First,17.72,1968.0,108.49,5,Skoda,Yeti Ambition 4X2,6050
Hyundai Grand i10 Sportz,Delhi,2015,27000,Petrol,Manual,First,18.9,1197.0,82.0,5,Hyundai,Grand i10 Sportz,4950
Skoda Octavia Ambition 1.4 TSI MT,Mumbai,2013,21000,Petrol,Manual,First,16.8,1395.0,138.02,5,Skoda,Octavia Ambition 1.4 TSI MT,9625
Renault Duster 85PS Diesel RxL Option,Mumbai,2015,67000,Diesel,Manual,Second,19.87,1461.0,83.8,5,Renault,Duster 85PS Diesel RxL Option,7700
Land Rover Range Rover Evoque 2.0 TD4 Pure,Delhi,2015,24000,Diesel,Automatic,Second,15.68,1999.0,177.0,5,Land,Rover Range Rover Evoque 2.0 TD4 Pure,36850
Ford Figo Diesel EXI,Chennai,2011,75000,Diesel,Manual,Second,20.0,1399.0,68.0,5,Ford,Figo Diesel EXI,2475
Toyota Fortuner 4x4 MT,Coimbatore,2017,47198,Diesel,Manual,First,12.55,2982.0,168.5,7,Toyota,Fortuner 4x4 MT,31262
Volkswagen Polo Diesel Comfortline 1.2L,Kolkata,2012,52000,Diesel,Manual,First,22.07,1199.0,73.9,5,Volkswagen,Polo Diesel Comfortline 1.2L,3025
Maruti Ritz VDi,Jaipur,2011,91000,Diesel,Manual,First,23.2,1248.0,73.94,5,Maruti,Ritz VDi,3300
Nissan Micra Diesel XV Premium,Pune,2013,60000,Diesel,Manual,First,23.08,1461.0,63.1,5,Nissan,Micra Diesel XV Premium,3905
Hyundai Verna 1.6 SX,Kolkata,2013,37873,Diesel,Manual,First,22.32,1582.0,126.32,5,Hyundai,Verna 1.6 SX,5280
BMW 5 Series 2003-2012 523i,Kolkata,2011,31000,Petrol,Automatic,First,10.8,2497.0,150.0,5,BMW,5 Series 2003-2012 523i,14850
Mercedes-Benz GLS 350d 4MATIC,Pune,2017,129000,Diesel,Automatic,First,11.0,2987.0,258.0,7,Mercedes-Benz,GLS 350d 4MATIC,61600
Honda CR-V 2.4L 4WD AT,Hyderabad,2004,78000,Petrol,Automatic,First,12.0,2354.0,187.4,5,Honda,CR-V 2.4L 4WD AT,4389
Hyundai Creta 1.6 CRDi AT SX Plus,Bangalore,2016,32000,Diesel,Automatic,First,17.01,1582.0,126.2,5,Hyundai,Creta 1.6 CRDi AT SX Plus,17050
Hyundai i10 Era,Jaipur,2010,59000,Petrol,Manual,Second,19.81,1086.0,68.05,5,Hyundai,i10 Era,2552
Mercedes-Benz A Class A200 CDI Sport,Kochi,2016,35437,Diesel,Automatic,First,20.0,2143.0,136.0,5,Mercedes-Benz,A Class A200 CDI Sport,20437
Maruti Ertiga VXI,Jaipur,2014,98000,Petrol,Manual,First,16.02,1373.0,93.7,7,Maruti,Ertiga VXI,6050
Skoda Octavia Classic 1.9 TDI MT,Chennai,2006,72000,Diesel,Manual,Second,18.7,1896.0,66.0,5,Skoda,Octavia Classic 1.9 TDI MT,3520
Honda Amaze VX i-Vtech,Pune,2015,79000,Petrol,Manual,First,18.0,1198.0,86.7,5,Honda,Amaze VX i-Vtech,4400
Maruti Zen LXi BSII,Chennai,2004,29000,Petrol,Manual,First,17.3,993.0,60.0,5,Maruti,Zen LXi BSII,1760
Maruti SX4 ZXI MT BSIV,Kochi,2013,66012,Petrol,Manual,First,15.5,1586.0,103.3,5,Maruti,SX4 ZXI MT BSIV,4565
Honda Brio VX AT,Mumbai,2014,35000,Petrol,Automatic,First,16.5,1198.0,86.8,5,Honda,Brio VX AT,4675
Maruti Wagon R VXI,Ahmedabad,2011,75000,Petrol,Manual,First,18.9,998.0,67.1,5,Maruti,Wagon R VXI,2860
Toyota Camry A/T,Mumbai,2008,80000,Petrol,Automatic,Second,12.1,2362.0,164.7,5,Toyota,Camry A/T,3773
Chevrolet Beat LS,Kochi,2012,32717,Petrol,Manual,First,18.6,1199.0,79.4,5,Chevrolet,Beat LS,2805
Toyota Fortuner 4x4 AT,Delhi,2017,25000,Diesel,Automatic,First,12.55,2982.0,168.5,7,Toyota,Fortuner 4x4 AT,35200
Ford Ecosport 1.5 DV5 MT Titanium Optional,Mumbai,2014,79000,Diesel,Manual,First,22.7,1498.0,89.84,5,Ford,Ecosport 1.5 DV5 MT Titanium Optional,6875
Maruti Swift Vdi BSIII,Hyderabad,2010,86000,Diesel,Manual,Second,17.8,1248.0,75.0,5,Maruti,Swift Vdi BSIII,3960
Honda Mobilio S i VTEC,Mumbai,2015,25000,Petrol,Manual,Second,17.3,1497.0,117.3,7,Honda,Mobilio S i VTEC,4675
Hyundai Grand i10 Sportz,Mumbai,2017,8500,Petrol,Manual,Second,18.9,1197.0,82.0,5,Hyundai,Grand i10 Sportz,5280
Mahindra XUV500 AT W8 FWD,Bangalore,2015,34000,Diesel,Automatic,First,16.0,2179.0,140.0,7,Mahindra,XUV500 AT W8 FWD,14300
Skoda Fabia 1.6 MPI Elegance,Pune,2012,41629,Petrol,Manual,Second,14.83,1598.0,105.0,5,Skoda,Fabia 1.6 MPI Elegance,2475
Hyundai Santro Xing GLS,Hyderabad,2009,80227,Petrol,Manual,First,17.92,1086.0,62.1,5,Hyundai,Santro Xing GLS,2530
Hyundai Creta 1.6 SX Plus Dual Tone Petrol,Kochi,2019,8587,Petrol,Manual,First,15.29,1591.0,121.3,5,Hyundai,Creta 1.6 SX Plus Dual Tone Petrol,14916
Mahindra Scorpio 1.99 S8,Delhi,2017,30000,Diesel,Manual,First,15.4,1997.0,120.0,7,Mahindra,Scorpio 1.99 S8,13475
Skoda Rapid 1.6 TDI Ambition,Pune,2013,64186,Diesel,Manual,First,20.5,1598.0,103.5,5,Skoda,Rapid 1.6 TDI Ambition,4136
Renault Duster 110PS Diesel RxZ,Coimbatore,2015,76427,Diesel,Manual,First,19.01,1461.0,108.45,5,Renault,Duster 110PS Diesel RxZ,9438
BMW X5 xDrive 30d,Hyderabad,2011,75000,Diesel,Automatic,First,11.7,2993.0,245.0,5,BMW,X5 xDrive 30d,30250
Toyota Etios G,Coimbatore,2013,27075,Petrol,Manual,First,17.6,1496.0,88.73,5,Toyota,Etios G,5445
Maruti Wagon R LXI,Ahmedabad,2012,30000,Petrol,Manual,First,22.5,998.0,67.04,5,Maruti,Wagon R LXI,3630
Hyundai Creta 1.6 SX,Chennai,2016,69434,Petrol,Manual,First,15.8,1591.0,121.3,5,Hyundai,Creta 1.6 SX,8800
Maruti Celerio VXI,Jaipur,2014,56000,Petrol,Manual,First,23.1,998.0,67.04,5,Maruti,Celerio VXI,3069
Land Rover Range Rover HSE Dynamic,Coimbatore,2017,49275,Diesel,Automatic,First,12.7,2179.0,187.7,5,Land,Rover Range Rover HSE Dynamic,50204
Chevrolet Beat LT,Pune,2014,8700,Petrol,Manual,First,18.6,1199.0,76.8,5,Chevrolet,Beat LT,2805
Audi A6 2011-2015 35 TDI Technology,Coimbatore,2017,41041,Diesel,Automatic,First,17.68,1968.0,174.33,5,Audi,A6 2011-2015 35 TDI Technology,41316
Mercedes-Benz E-Class 280 CDI,Kochi,2009,80464,Diesel,Automatic,Second,11.0,2987.0,198.5,5,Mercedes-Benz,E-Class 280 CDI,10218
Maruti Swift VXI,Kochi,2019,20667,Petrol,Manual,First,22.0,1197.0,81.8,5,Maruti,Swift VXI,7007
Fiat Linea T Jet,Coimbatore,2013,60283,Petrol,Manual,First,14.6,1368.0,112.0,5,Fiat,Linea T Jet,3278
Maruti Swift VXI Optional,Kochi,2017,31696,Petrol,Manual,First,20.4,1197.0,81.8,5,Maruti,Swift VXI Optional,6325
Toyota Fortuner 3.0 Diesel,Hyderabad,2010,100000,Diesel,Manual,First,11.5,2982.0,171.0,7,Toyota,Fortuner 3.0 Diesel,14300
Maruti Ertiga ZXI,Mumbai,2014,13361,Petrol,Manual,First,16.02,1373.0,93.7,7,Maruti,Ertiga ZXI,7480
BMW 3 Series 320i Sedan,Coimbatore,2010,48394,Petrol,Automatic,First,12.05,1995.0,154.0,5,BMW,3 Series 320i Sedan,11539
Maruti Ertiga VXI,Jaipur,2014,47399,Petrol,Manual,First,16.02,1373.0,93.7,7,Maruti,Ertiga VXI,6160
Honda City 1.5 V AT,Mumbai,2010,69000,Petrol,Automatic,Second,16.8,1497.0,118.0,5,Honda,City 1.5 V AT,3135
Hyundai Santa Fe 4X4,Coimbatore,2013,65278,Diesel,Manual,First,14.66,2199.0,194.3,7,Hyundai,Santa Fe 4X4,9196
Tata Indigo LS,Jaipur,2005,108000,Diesel,Manual,First,17.0,1405.0,70.0,5,Tata,Indigo LS,1100
Mercedes-Benz E-Class 2009-2013 E 250 Elegance,Kolkata,2010,50645,Petrol,Automatic,Second,10.93,2497.0,204.0,5,Mercedes-Benz,E-Class 2009-2013 E 250 Elegance,11825
Maruti Swift Dzire LDi,Hyderabad,2011,130002,Diesel,Manual,First,19.3,1248.0,73.9,5,Maruti,Swift Dzire LDi,4235
Ford Fiesta Classic 1.4 Duratorq CLXI,Hyderabad,2012,107000,Diesel,Manual,First,17.8,1399.0,67.0,5,Ford,Fiesta Classic 1.4 Duratorq CLXI,3300
Honda City i VTEC CVT VX,Coimbatore,2015,41950,Petrol,Automatic,First,18.0,1497.0,117.3,5,Honda,City i VTEC CVT VX,10560
Toyota Fortuner 4x2 Manual,Delhi,2012,109000,Diesel,Manual,First,13.0,2982.0,168.5,7,Toyota,Fortuner 4x2 Manual,14575
Honda Amaze VX O i VTEC,Mumbai,2016,9000,Petrol,Manual,First,18.0,1198.0,86.7,5,Honda,Amaze VX O i VTEC,6325
Hyundai i20 Asta 1.4 CRDi,Delhi,2014,43900,Diesel,Manual,First,22.54,1396.0,88.73,5,Hyundai,i20 Asta 1.4 CRDi,7425
Chevrolet Enjoy TCDi LTZ 7 Seater,Bangalore,2013,64000,Diesel,Manual,Second,18.2,1248.0,73.8,7,Chevrolet,Enjoy TCDi LTZ 7 Seater,5335
Mercedes-Benz New C-Class Progressive C 200,Kochi,2019,13190,Petrol,Automatic,First,0.0,1950.0,181.43,5,Mercedes-Benz,New C-Class Progressive C 200,42889
Maruti SX4 ZXI AT Leather,Mumbai,2009,77652,Petrol,Automatic,First,12.6,1586.0,103.2,5,Maruti,SX4 ZXI AT Leather,3135
Toyota Innova 2.5 VX (Diesel) 7 Seater,Mumbai,2012,55000,Diesel,Manual,First,12.99,2494.0,100.0,7,Toyota,Innova 2.5 VX (Diesel) 7 Seater,10461
BMW 5 Series 2003-2012 520d,Ahmedabad,2012,59900,Diesel,Automatic,Second,18.48,1995.0,177.0,5,BMW,5 Series 2003-2012 520d,20350
Renault Duster 110PS Diesel RxZ,Delhi,2015,73539,Diesel,Manual,First,19.01,1461.0,108.45,5,Renault,Duster 110PS Diesel RxZ,7425
BMW X1 sDrive 20d xLine,Coimbatore,2017,31645,Diesel,Automatic,First,20.68,1995.0,190.0,5,BMW,X1 sDrive 20d xLine,32340
Honda City ZX GXi,Kochi,2009,69690,Petrol,Manual,First,17.7,1497.0,78.0,5,Honda,City ZX GXi,3619
Maruti Ciaz RS ZDi Plus SHVS,Delhi,2016,41000,Diesel,Manual,First,28.09,1248.0,88.5,5,Maruti,Ciaz RS ZDi Plus SHVS,10450
Maruti Swift Dzire VXi,Pune,2010,109200,Petrol,Manual,Second,17.5,1298.0,85.8,5,Maruti,Swift Dzire VXi,2420
Mahindra XUV500 W6 2WD,Pune,2012,80000,Diesel,Manual,First,15.1,2179.0,140.0,7,Mahindra,XUV500 W6 2WD,7150
Honda Civic 2006-2010 1.8 S MT,Ahmedabad,2007,51000,Petrol,Manual,First,13.5,1799.0,130.0,5,Honda,Civic 2006-2010 1.8 S MT,5390
Maruti Ertiga ZDI,Pune,2013,105000,Diesel,Manual,Second,25.47,1248.0,88.5,7,Maruti,Ertiga ZDI,7425
Audi TT 2.0 TFSI,Delhi,2013,12100,Petrol,Automatic,First,9.9,1984.0,207.8,2,Audi,TT 2.0 TFSI,32450
Skoda Rapid 1.5 TDI Style,Hyderabad,2017,31000,Diesel,Manual,First,21.13,1498.0,108.4,5,Skoda,Rapid 1.5 TDI Style,11550
Volkswagen Polo 1.5 TDI Highline,Hyderabad,2015,50000,Diesel,Manual,First,20.14,1498.0,88.8,5,Volkswagen,Polo 1.5 TDI Highline,6820
Skoda Laura 1.9 TDI AT Elegance,Jaipur,2009,48000,Diesel,Automatic,First,17.0,1896.0,105.0,5,Skoda,Laura 1.9 TDI AT Elegance,5500
Mahindra Renault Logan 1.5 DLE Diesel,Chennai,2007,35000,Diesel,Manual,First,19.2,1461.0,65.0,5,Mahindra,Renault Logan 1.5 DLE Diesel,2530
Toyota Innova Crysta 2.8 GX AT,Ahmedabad,2016,100200,Diesel,Automatic,First,11.36,2755.0,171.5,7,Toyota,Innova Crysta 2.8 GX AT,18700
BMW 3 Series 320d Luxury Line,Bangalore,2014,47000,Diesel,Automatic,First,18.88,1995.0,184.0,5,BMW,3 Series 320d Luxury Line,28050
Honda Jazz 1.5 S i DTEC,Jaipur,2015,63642,Diesel,Manual,First,27.3,1498.0,98.6,5,Honda,Jazz 1.5 S i DTEC,6215
Honda Amaze VX i-DTEC,Kochi,2015,62550,Diesel,Manual,First,25.8,1498.0,98.6,5,Honda,Amaze VX i-DTEC,6160
Jaguar XF 2.2 Litre Luxury,Kochi,2015,37340,Diesel,Automatic,First,16.36,2179.0,187.7,5,Jaguar,XF 2.2 Litre Luxury,32978
Maruti Swift Dzire VDI,Coimbatore,2016,38461,Diesel,Manual,First,26.59,1248.0,74.0,5,Maruti,Swift Dzire VDI,8129
Jeep Compass 2.0 Limited,Jaipur,2018,29000,Diesel,Manual,First,17.1,1956.0,170.0,5,Jeep,Compass 2.0 Limited,20900
Toyota Corolla Altis 1.8 Sport,Pune,2010,31000,Petrol,Manual,First,12.5,1794.0,132.0,5,Toyota,Corolla Altis 1.8 Sport,5500
Honda City 1.5 V MT,Kolkata,2011,42086,Petrol,Manual,First,17.0,1497.0,118.0,5,Honda,City 1.5 V MT,3685
Maruti Swift ZXI,Chennai,2013,49000,Petrol,Manual,First,18.6,1197.0,85.8,5,Maruti,Swift ZXI,4895
Hyundai Verna 1.6 SX CRDI (O) AT,Coimbatore,2019,77240,Diesel,Automatic,First,22.32,1582.0,126.32,5,Hyundai,Verna 1.6 SX CRDI (O) AT,9141
Mahindra Bolero ZLX,Jaipur,2012,105000,Diesel,Manual,Second,15.96,2523.0,62.1,7,Mahindra,Bolero ZLX,6600
Maruti Swift VDI,Chennai,2014,35000,Diesel,Manual,First,22.9,1248.0,74.0,5,Maruti,Swift VDI,5775
Ford Ikon 1.3 LXi NXt,Chennai,2004,129000,Petrol,Manual,Third,13.8,1299.0,70.0,5,Ford,Ikon 1.3 LXi NXt,1650
Volkswagen Polo 1.5 TDI Highline,Coimbatore,2018,33558,Diesel,Manual,First,20.14,1498.0,88.0,5,Volkswagen,Polo 1.5 TDI Highline,8932
Mahindra Bolero VLX CRDe,Coimbatore,2012,60271,Diesel,Manual,First,13.6,2523.0,63.0,7,Mahindra,Bolero VLX CRDe,6732
Honda City i DTEC VX Option,Coimbatore,2017,45366,Diesel,Manual,First,25.1,1498.0,98.6,5,Honda,City i DTEC VX Option,11968
Chevrolet Sail Hatchback 1.2 LS,Kolkata,2014,9500,Petrol,Manual,First,18.2,1199.0,82.5,5,Chevrolet,Sail Hatchback 1.2 LS,3850
Hyundai i20 1.2 Spotz,Kochi,2016,42362,Petrol,Manual,First,18.6,1197.0,81.83,5,Hyundai,i20 1.2 Spotz,6765
BMW X1 sDrive 20d Sportline,Chennai,2016,21000,Diesel,Automatic,First,17.05,1995.0,184.0,5,BMW,X1 sDrive 20d Sportline,36300
BMW X1 sDrive 20d Exclusive,Mumbai,2012,15200,Diesel,Automatic,First,15.06,1995.0,177.0,5,BMW,X1 sDrive 20d Exclusive,14850
Toyota Fortuner 4x2 AT,Mumbai,2015,43690,Diesel,Automatic,First,12.55,2982.0,168.5,7,Toyota,Fortuner 4x2 AT,18821
Maruti Ertiga VDI,Kolkata,2013,53073,Diesel,Manual,First,20.77,1248.0,88.76,7,Maruti,Ertiga VDI,6545
Hyundai i20 1.2 Magna,Bangalore,2015,59000,Petrol,Manual,First,18.5,1197.0,80.0,5,Hyundai,i20 1.2 Magna,6325
Renault Duster 85PS Diesel RxL,Ahmedabad,2014,55000,Diesel,Manual,First,20.45,1461.0,83.8,5,Renault,Duster 85PS Diesel RxL,5225
Mahindra Quanto C2,Hyderabad,2013,80430,Diesel,Manual,Second,17.21,1493.0,100.0,7,Mahindra,Quanto C2,3630
Toyota Fortuner 4x2 AT,Delhi,2013,71932,Diesel,Automatic,First,12.55,2982.0,168.5,7,Toyota,Fortuner 4x2 AT,18150
BMW X5 2014-2019 xDrive 30d Design Pure Experience 7 Seater,Mumbai,2014,19000,Diesel,Automatic,First,15.97,2993.0,258.0,7,BMW,X5 2014-2019 xDrive 30d Design Pure Experience 7 Seater,48400
Maruti Swift Dzire VDi,Hyderabad,2011,81759,Diesel,Manual,First,19.3,1248.0,73.9,5,Maruti,Swift Dzire VDi,4829
Maruti Swift LDI Optional,Kochi,2018,52010,Diesel,Manual,First,25.2,1248.0,74.0,5,Maruti,Swift LDI Optional,6820
Audi A6 2011-2015 35 TFSI Technology,Kochi,2016,58953,Petrol,Automatic,First,13.53,1984.0,177.01,5,Audi,A6 2011-2015 35 TFSI Technology,26642
Mitsubishi Pajero 2.8 SFX BSIV Dual Tone,Mumbai,2008,93000,Diesel,Manual,Third,10.5,2835.0,107.2,6,Mitsubishi,Pajero 2.8 SFX BSIV Dual Tone,5995
Jaguar XF 2.2 Litre Executive,Delhi,2016,10000,Diesel,Automatic,First,16.36,2179.0,187.7,5,Jaguar,XF 2.2 Litre Executive,48400
Toyota Innova Crysta 2.8 ZX AT,Coimbatore,2019,40674,Diesel,Automatic,First,11.36,2755.0,171.5,7,Toyota,Innova Crysta 2.8 ZX AT,27302
Skoda Octavia Ambition 2.0 TDI AT,Mumbai,2015,50000,Diesel,Automatic,First,19.3,1968.0,141.0,5,Skoda,Octavia Ambition 2.0 TDI AT,12859
Mercedes-Benz GLC 220d 4MATIC Style,Mumbai,2018,10003,Diesel,Automatic,First,17.9,2143.0,170.0,5,Mercedes-Benz,GLC 220d 4MATIC Style,53350
Volkswagen Vento 1.5 TDI Highline AT,Mumbai,2016,25000,Diesel,Automatic,First,21.5,1498.0,108.5,5,Volkswagen,Vento 1.5 TDI Highline AT,10395
Mahindra XUV500 W10 2WD,Ahmedabad,2015,73000,Diesel,Manual,First,16.0,2179.0,140.0,7,Mahindra,XUV500 W10 2WD,13750
Nissan Terrano XL 85 PS,Hyderabad,2014,59962,Diesel,Manual,First,20.45,1461.0,83.8,5,Nissan,Terrano XL 85 PS,7590
Hyundai Verna 1.6 SX CRDi (O),Jaipur,2012,72000,Diesel,Manual,Second,22.32,1582.0,126.32,5,Hyundai,Verna 1.6 SX CRDi (O),6380
BMW 5 Series 2013-2017 530d M Sport,Coimbatore,2016,20967,Diesel,Automatic,First,14.69,2993.0,258.0,5,BMW,5 Series 2013-2017 530d M Sport,49016
Mahindra Scorpio S4 Plus,Bangalore,2015,35000,Diesel,Manual,Second,15.4,2179.0,120.0,7,Mahindra,Scorpio S4 Plus,9350
Hyundai Verna 1.6 CRDi SX,Coimbatore,2017,38056,Diesel,Manual,First,23.9,1582.0,126.2,5,Hyundai,Verna 1.6 CRDi SX,11770
Audi Q7 3.0 TDI Quattro Premium Plus,Pune,2009,94000,Diesel,Automatic,Second,12.07,2967.0,241.4,7,Audi,Q7 3.0 TDI Quattro Premium Plus,13200
Chevrolet Aveo U-VA 1.2 LT,Coimbatore,2010,64236,Petrol,Manual,First,14.7,1150.0,76.0,5,Chevrolet,Aveo U-VA 1.2 LT,2684
Mahindra Bolero ZLX BSIII,Kolkata,2000,124000,Diesel,Manual,First,13.6,2523.0,63.0,7,Mahindra,Bolero ZLX BSIII,2145
Hyundai Xcent 1.2 Kappa S,Mumbai,2014,7400,Petrol,Manual,First,19.1,1197.0,82.0,5,Hyundai,Xcent 1.2 Kappa S,4785
Toyota Innova Crysta 2.4 GX MT 8S,Hyderabad,2017,52000,Diesel,Manual,First,13.68,2393.0,147.8,8,Toyota,Innova Crysta 2.4 GX MT 8S,19250
Hyundai EON Era Plus,Hyderabad,2015,68764,Petrol,Manual,First,21.1,814.0,55.2,5,Hyundai,EON Era Plus,3190
Volkswagen Polo Diesel Comfortline 1.2L,Delhi,2013,64000,Diesel,Manual,First,22.07,1199.0,73.9,5,Volkswagen,Polo Diesel Comfortline 1.2L,3190
Maruti Vitara Brezza ZDi,Pune,2016,21558,Diesel,Manual,First,24.3,1248.0,88.5,5,Maruti,Vitara Brezza ZDi,9790
BMW 3 Series 320d Prestige,Mumbai,2013,37500,Diesel,Automatic,First,18.88,1995.0,184.0,5,BMW,3 Series 320d Prestige,18425
Hyundai EON Sportz,Coimbatore,2016,14077,Petrol,Manual,First,21.1,814.0,55.2,5,Hyundai,EON Sportz,4345
Honda City 1.5 S MT,Mumbai,2009,70000,Petrol,Manual,First,17.0,1497.0,118.0,5,Honda,City 1.5 S MT,2310
Honda Accord 2.4 MT,Kochi,2011,54316,Petrol,Manual,Second,12.8,2354.0,177.6,5,Honda,Accord 2.4 MT,4719
Mahindra Xylo E8,Hyderabad,2009,90764,Diesel,Manual,First,14.0,2498.0,112.0,8,Mahindra,Xylo E8,4235
BMW 3 Series 320d,Chennai,2009,137000,Diesel,Automatic,Second,13.2,1995.0,170.0,5,BMW,3 Series 320d,9900
Honda City V MT,Pune,2013,127000,Petrol,Manual,Second,16.8,1497.0,116.3,5,Honda,City V MT,4950
Mahindra XUV500 W10 2WD,Kochi,2016,51884,Diesel,Manual,First,16.0,2179.0,140.0,7,Mahindra,XUV500 W10 2WD,13706
Hyundai i20 Asta 1.4 CRDi,Delhi,2014,67407,Diesel,Manual,First,21.27,1396.0,88.76,5,Hyundai,i20 Asta 1.4 CRDi,5115
Toyota Fortuner 4x2 Manual,Hyderabad,2014,107825,Diesel,Manual,First,13.0,2982.0,168.5,7,Toyota,Fortuner 4x2 Manual,22550
Mahindra Bolero DI BSII,Chennai,2006,82453,Diesel,Manual,First,13.6,2523.0,63.0,8,Mahindra,Bolero DI BSII,3190
Maruti Esteem Vxi - BSIII,Chennai,2007,30441,Petrol,Manual,First,15.9,1298.0,85.0,5,Maruti,Esteem Vxi - BSIII,1595
Mini Cooper 5 DOOR D,Mumbai,2016,11000,Diesel,Automatic,First,20.7,1496.0,113.98,5,Mini,Cooper 5 DOOR D,32450
Audi Q3 35 TDI Quattro Premium,Hyderabad,2015,61000,Diesel,Automatic,First,15.73,1968.0,174.33,5,Audi,Q3 35 TDI Quattro Premium,27500
Hyundai i20 Sportz Option,Delhi,2013,48454,Petrol,Manual,Second,17.0,1197.0,80.0,5,Hyundai,i20 Sportz Option,3850
Tata Safari Storme VX Varicor 400,Jaipur,2017,37000,Diesel,Manual,First,14.1,2179.0,154.0,7,Tata,Safari Storme VX Varicor 400,12375
Honda BR-V i-DTEC VX MT,Kochi,2017,32249,Diesel,Manual,First,21.9,1498.0,98.6,7,Honda,BR-V i-DTEC VX MT,11868
Volkswagen Jetta 2013-2015 2.0L TDI Highline,Kolkata,2013,58000,Diesel,Manual,First,19.33,1968.0,138.03,5,Volkswagen,Jetta 2013-2015 2.0L TDI Highline,6490
Hyundai Xcent 1.2 Kappa S Option,Jaipur,2017,28360,Petrol,Manual,First,19.1,1197.0,81.86,5,Hyundai,Xcent 1.2 Kappa S Option,5632
Maruti Ignis 1.2 Alpha,Mumbai,2017,7000,Petrol,Manual,First,20.89,1197.0,81.8,5,Maruti,Ignis 1.2 Alpha,6270
BMW 5 Series 2013-2017 520d Luxury Line,Coimbatore,2016,19658,Diesel,Automatic,First,18.12,1995.0,190.0,5,BMW,5 Series 2013-2017 520d Luxury Line,39424
Ford Ikon 1.3 CLXi,Hyderabad,2007,92000,Petrol,Manual,First,13.8,1299.0,70.0,5,Ford,Ikon 1.3 CLXi,1375
Hyundai i10 Sportz,Kolkata,2013,25000,Petrol,Manual,First,20.36,1197.0,78.9,5,Hyundai,i10 Sportz,2915
Hyundai Verna 1.6 CRDI,Coimbatore,2016,37882,Diesel,Manual,First,22.32,1582.0,126.3,5,Hyundai,Verna 1.6 CRDI,10109
BMW 3 Series 320d Highline,Bangalore,2014,69330,Diesel,Automatic,First,16.07,1995.0,181.0,5,BMW,3 Series 320d Highline,25850
Mercedes-Benz E-Class 2009-2013 E200 CGI Blue Efficiency,Delhi,2011,61000,Petrol,Automatic,First,12.3,1796.0,185.0,5,Mercedes-Benz,E-Class 2009-2013 E200 CGI Blue Efficiency,13750
Chevrolet Beat Option Pack,Kolkata,2010,35000,Petrol,Manual,Second,18.6,1199.0,79.4,5,Chevrolet,Beat Option Pack,1650
Mahindra XUV500 W8 2WD,Delhi,2012,72450,Diesel,Manual,First,15.1,2179.0,140.0,7,Mahindra,XUV500 W8 2WD,8910
Maruti Ciaz ZDi Plus SHVS,Jaipur,2017,36381,Diesel,Manual,First,28.09,1248.0,88.5,5,Maruti,Ciaz ZDi Plus SHVS,10725
Mercedes-Benz New C-Class C 250 CDI Avantgarde,Coimbatore,2017,25559,Diesel,Automatic,First,19.71,2143.0,201.15,5,Mercedes-Benz,New C-Class C 250 CDI Avantgarde,41723
Honda City ZX CVT,Chennai,2005,100000,Petrol,Automatic,Third,16.4,1497.0,78.0,5,Honda,City ZX CVT,2156
Toyota Fortuner 4x2 4 Speed AT,Jaipur,2015,94000,Diesel,Automatic,First,11.5,2982.0,169.0,7,Toyota,Fortuner 4x2 4 Speed AT,22550
Maruti Alto K10 VXI,Bangalore,2011,64357,Petrol,Manual,First,24.07,998.0,67.1,5,Maruti,Alto K10 VXI,3025
Hyundai i20 1.4 Magna ABS,Chennai,2009,47000,Diesel,Manual,First,21.9,1396.0,90.0,5,Hyundai,i20 1.4 Magna ABS,3080
Honda BRV i-VTEC V CVT,Mumbai,2017,18000,Petrol,Automatic,First,16.0,1497.0,117.3,7,Honda,BRV i-VTEC V CVT,10175
Toyota Corolla Executive (HE),Chennai,2007,89000,Petrol,Manual,First,13.4,1794.0,125.0,5,Toyota,Corolla Executive (HE),3300
Audi A6 2011-2015 2.0 TDI Premium Plus,Coimbatore,2014,49964,Diesel,Automatic,First,17.68,1968.0,174.33,5,Audi,A6 2011-2015 2.0 TDI Premium Plus,26279
Toyota Innova 2.5 ZX Diesel 7 Seater BSIII,Mumbai,2014,35000,Diesel,Manual,First,12.99,2494.0,100.6,7,Toyota,Innova 2.5 ZX Diesel 7 Seater BSIII,14025
Hyundai Grand i10 CRDi Sportz,Jaipur,2014,64000,Diesel,Manual,First,24.0,1120.0,70.0,5,Hyundai,Grand i10 CRDi Sportz,4565
Volkswagen Vento IPL II Petrol Highline AT,Mumbai,2013,36000,Petrol,Automatic,First,14.8,1598.0,105.0,5,Volkswagen,Vento IPL II Petrol Highline AT,5115
Toyota Innova 2.5 VX (Diesel) 7 Seater BS IV,Delhi,2012,78600,Diesel,Manual,First,12.8,2494.0,102.0,7,Toyota,Innova 2.5 VX (Diesel) 7 Seater BS IV,9790
Maruti Ritz VDi,Pune,2015,65000,Diesel,Manual,Second,23.2,1248.0,73.94,5,Maruti,Ritz VDi,3597
Audi Q7 3.0 TDI Quattro Technology,Pune,2008,120300,Diesel,Automatic,Second,12.07,2967.0,241.4,7,Audi,Q7 3.0 TDI Quattro Technology,19800
Hyundai i20 Asta Option 1.2,Pune,2016,21000,Petrol,Manual,First,18.6,1197.0,81.83,5,Hyundai,i20 Asta Option 1.2,6930
Maruti Vitara Brezza ZDi Plus Dual Tone,Coimbatore,2017,18108,Diesel,Manual,First,24.3,1248.0,88.5,5,Maruti,Vitara Brezza ZDi Plus Dual Tone,12441
Honda City i VTEC S,Pune,2014,58407,Petrol,Manual,First,17.4,1497.0,117.3,5,Honda,City i VTEC S,6776
Maruti Ciaz ZXi,Pune,2014,49500,Petrol,Manual,First,20.73,1373.0,91.1,5,Maruti,Ciaz ZXi,6600
Nissan Sunny XV CVT,Kochi,2013,37199,Petrol,Automatic,First,17.5,1498.0,99.6,5,Nissan,Sunny XV CVT,5973
Volkswagen Polo Diesel Highline 1.2L,Hyderabad,2012,62000,Diesel,Manual,First,22.07,1199.0,73.9,5,Volkswagen,Polo Diesel Highline 1.2L,5115
Maruti Ertiga ZDI,Hyderabad,2015,59000,Diesel,Manual,First,20.77,1248.0,88.8,7,Maruti,Ertiga ZDI,8250
Maruti Swift Dzire VDI,Jaipur,2015,60000,Diesel,Manual,First,26.59,1248.0,74.0,5,Maruti,Swift Dzire VDI,6875
Mercedes-Benz New C-Class C 220 CDI Elegance AT,Bangalore,2007,39037,Diesel,Automatic,First,14.84,2143.0,170.0,5,Mercedes-Benz,New C-Class C 220 CDI Elegance AT,10175
Honda Brio S MT,Mumbai,2013,17003,Petrol,Manual,First,19.4,1198.0,86.8,5,Honda,Brio S MT,3465
Hyundai i10 Magna Optional 1.1L,Hyderabad,2008,80400,Petrol,Manual,First,16.0,1086.0,66.7,5,Hyundai,i10 Magna Optional 1.1L,2530
Hyundai Verna 1.6 SX CRDi (O),Jaipur,2012,75200,Diesel,Manual,First,22.32,1582.0,126.32,5,Hyundai,Verna 1.6 SX CRDi (O),5775
Maruti Ciaz VDI SHVS,Kochi,2017,41217,Diesel,Manual,First,28.09,1248.0,88.5,5,Maruti,Ciaz VDI SHVS,8140
Ford Ikon 1.3 Flair,Pune,2006,98293,Petrol,Manual,Second,13.8,1299.0,70.0,5,Ford,Ikon 1.3 Flair,1705
Volkswagen Polo 1.2 MPI Highline,Pune,2017,54000,Petrol,Manual,Second,16.2,1199.0,74.0,5,Volkswagen,Polo 1.2 MPI Highline,6600
Honda Jazz 1.2 V i VTEC,Chennai,2016,17377,Petrol,Manual,First,18.7,1199.0,88.7,5,Honda,Jazz 1.2 V i VTEC,6490
Honda Amaze EX i-Dtech,Bangalore,2013,33800,Diesel,Manual,Second,25.8,1498.0,98.6,5,Honda,Amaze EX i-Dtech,5170
Hyundai i20 Asta 1.4 CRDi,Hyderabad,2015,86157,Diesel,Manual,First,22.54,1396.0,88.73,5,Hyundai,i20 Asta 1.4 CRDi,7150
Maruti Ritz VDi,Hyderabad,2012,146824,Diesel,Manual,First,21.1,1248.0,73.9,5,Maruti,Ritz VDi,3905
Honda City V MT,Chennai,2014,55000,Petrol,Manual,First,16.8,1497.0,116.3,5,Honda,City V MT,7810
Skoda Superb 1.8 TSI MT,Hyderabad,2010,53293,Petrol,Manual,First,13.14,1798.0,160.0,5,Skoda,Superb 1.8 TSI MT,6600
Maruti Vitara Brezza LDi Option,Pune,2017,38000,Diesel,Manual,First,24.3,1248.0,88.5,5,Maruti,Vitara Brezza LDi Option,8789
Hyundai i20 Asta,Bangalore,2009,64000,Petrol,Manual,Second,17.0,1197.0,80.0,5,Hyundai,i20 Asta,4510
Maruti Alto K10 VXI AGS,Hyderabad,2017,25058,Petrol,Automatic,First,24.07,998.0,67.1,5,Maruti,Alto K10 VXI AGS,4345
Hyundai EON Era Plus,Kochi,2016,36700,Petrol,Manual,First,21.1,814.0,55.2,5,Hyundai,EON Era Plus,4818
Hyundai i10 Sportz,Mumbai,2011,35000,Petrol,Manual,First,20.36,1197.0,78.9,5,Hyundai,i10 Sportz,3025
Audi A6 2.0 TDI Design Edition,Hyderabad,2014,48000,Diesel,Automatic,First,18.53,1968.0,187.74,5,Audi,A6 2.0 TDI Design Edition,31900
Ford EcoSport 1.5 TDCi Titanium,Bangalore,2013,62084,Diesel,Manual,First,22.77,1498.0,98.59,5,Ford,EcoSport 1.5 TDCi Titanium,7260
Volkswagen Passat Highline DSG,Kolkata,2012,39273,Diesel,Automatic,First,14.3,1968.0,140.0,5,Volkswagen,Passat Highline DSG,7689
Toyota Innova Crysta 2.4 ZX MT,Bangalore,2017,64798,Diesel,Manual,First,13.68,2393.0,147.8,7,Toyota,Innova Crysta 2.4 ZX MT,20625
Ford Figo Diesel ZXI,Jaipur,2010,100002,Diesel,Manual,Third,20.0,1399.0,68.0,5,Ford,Figo Diesel ZXI,1408
Chevrolet Aveo 1.4,Pune,2006,78000,Petrol,Manual,Third,14.49,1399.0,92.7,5,Chevrolet,Aveo 1.4,1320
Maruti Ritz LXi,Coimbatore,2013,57717,Petrol,Manual,First,18.5,1197.0,85.8,5,Maruti,Ritz LXi,4741
Land Rover Freelander 2 SE,Chennai,2011,109000,Diesel,Automatic,First,12.39,2179.0,147.51,5,Land,Rover Freelander 2 SE,18150
Hyundai Grand i10 Asta,Coimbatore,2017,74515,Petrol,Manual,First,18.9,1197.0,82.0,5,Hyundai,Grand i10 Asta,6204
Ford Endeavour 3.2 Trend AT 4X4,Coimbatore,2017,50484,Diesel,Automatic,First,10.91,3198.0,197.2,7,Ford,Endeavour 3.2 Trend AT 4X4,34232
Audi Q5 2008-2012 2.0 TDI,Kochi,2013,13452,Diesel,Automatic,First,12.8,1968.0,167.6,5,Audi,Q5 2008-2012 2.0 TDI,28006
Hyundai Verna 1.6 VTVT,Kochi,2017,37688,Petrol,Manual,First,17.01,1591.0,121.3,5,Hyundai,Verna 1.6 VTVT,8668
Mercedes-Benz E-Class 2015-2017 E250 CDI Avantgarde,Chennai,2017,34000,Diesel,Automatic,First,13.0,2143.0,204.0,5,Mercedes-Benz,E-Class 2015-2017 E250 CDI Avantgarde,39600
Mercedes-Benz M-Class ML 350 4Matic,Pune,2014,120000,Diesel,Automatic,First,0.0,2987.0,165.0,5,Mercedes-Benz,M-Class ML 350 4Matic,33000
Maruti Swift Dzire ZXi,Pune,2008,64000,Petrol,Manual,Second,17.5,1298.0,85.8,5,Maruti,Swift Dzire ZXi,3135
Honda City 1.3 EXI S,Delhi,2011,100000,Petrol,Manual,First,13.0,1343.0,90.0,5,Honda,City 1.3 EXI S,3850
Renault Duster 85PS Diesel RxL Optional,Jaipur,2014,75000,Diesel,Manual,First,20.46,1461.0,83.8,5,Renault,Duster 85PS Diesel RxL Optional,8250
Mercedes-Benz New C-Class 220 CDI AT,Hyderabad,2012,86000,Diesel,Automatic,First,14.84,2143.0,170.0,5,Mercedes-Benz,New C-Class 220 CDI AT,20900
BMW X5 xDrive 30d Design Pure Experience 5 Seater,Hyderabad,2015,69000,Diesel,Automatic,First,15.97,2993.0,258.0,5,BMW,X5 xDrive 30d Design Pure Experience 5 Seater,59400
Hyundai Xcent 1.2 Kappa SX Option,Kochi,2015,41721,Petrol,Manual,First,19.1,1197.0,82.0,5,Hyundai,Xcent 1.2 Kappa SX Option,5170
Maruti Dzire AMT ZXI Plus,Hyderabad,2017,13000,Petrol,Automatic,First,22.0,1197.0,81.8,5,Maruti,Dzire AMT ZXI Plus,9350
BMW 3 Series 320d Corporate Edition,Kolkata,2013,38998,Diesel,Automatic,First,16.07,1995.0,181.0,4,BMW,3 Series 320d Corporate Edition,18700
Maruti Alto 800 LXI,Kochi,2017,54250,Petrol,Manual,First,22.74,796.0,47.3,5,Maruti,Alto 800 LXI,3860
Audi A4 2.0 TDI 177 Bhp Premium Plus,Bangalore,2013,45979,Diesel,Automatic,Second,17.11,1968.0,174.33,5,Audi,A4 2.0 TDI 177 Bhp Premium Plus,21450
Mini Cooper S,Pune,2012,37000,Petrol,Automatic,Second,13.6,1598.0,181.0,4,Mini,Cooper S,18700
Audi Q7 3.0 TDI Quattro Premium Plus,Coimbatore,2015,46983,Diesel,Automatic,Second,12.07,2967.0,241.4,7,Audi,Q7 3.0 TDI Quattro Premium Plus,47685
Chevrolet Beat Diesel LT,Bangalore,2012,40700,Diesel,Manual,First,25.44,936.0,57.6,5,Chevrolet,Beat Diesel LT,2915
Maruti Wagon R LXI BS IV,Kochi,2015,43828,Petrol,Manual,First,20.51,998.0,67.04,5,Maruti,Wagon R LXI BS IV,3872
Nissan Terrano XV Premium 110 PS,Kolkata,2016,53000,Diesel,Manual,First,19.01,1461.0,108.5,5,Nissan,Terrano XV Premium 110 PS,6875
BMW 3 Series 320d Luxury Plus,Ahmedabad,2015,100000,Diesel,Automatic,First,18.88,1995.0,184.0,5,BMW,3 Series 320d Luxury Plus,27225
Maruti Swift Dzire VXI,Mumbai,2015,19000,Petrol,Manual,First,20.85,1197.0,83.14,5,Maruti,Swift Dzire VXI,5775
Skoda Yeti Elegance 4X2,Jaipur,2016,84000,Diesel,Manual,First,17.72,1968.0,108.5,5,Skoda,Yeti Elegance 4X2,12100
Ford EcoSport 1.5 Ti VCT AT Titanium,Kochi,2018,37630,Petrol,Automatic,First,15.63,1499.0,110.4,5,Ford,EcoSport 1.5 Ti VCT AT Titanium,10010
Hyundai i20 1.2 Magna,Chennai,2010,67714,Petrol,Manual,First,18.5,1197.0,80.0,5,Hyundai,i20 1.2 Magna,3575
Maruti S Cross DDiS 200 Sigma Option,Pune,2017,32000,Diesel,Manual,First,15.0,1248.0,88.5,5,Maruti,S Cross DDiS 200 Sigma Option,9350
Hyundai Verna Transform VTVT,Pune,2010,51000,Petrol,Manual,First,16.2,1599.0,103.2,5,Hyundai,Verna Transform VTVT,3410
BMW 3 Series 320d Luxury Line,Kochi,2015,58390,Diesel,Automatic,First,18.88,1995.0,184.0,5,BMW,3 Series 320d Luxury Line,21846
Hyundai Grand i10 1.2 CRDi Magna,Kolkata,2017,14000,Diesel,Manual,First,24.0,1186.0,73.97,5,Hyundai,Grand i10 1.2 CRDi Magna,5390
Honda City i-VTEC V,Delhi,2014,55818,Petrol,Manual,Second,17.4,1497.0,117.3,5,Honda,City i-VTEC V,6270
Maruti Swift VDI BSIV,Kolkata,2012,52241,Diesel,Manual,First,25.2,1248.0,74.0,5,Maruti,Swift VDI BSIV,3190
Maruti Baleno Zeta 1.3,Coimbatore,2018,25433,Diesel,Manual,First,27.39,1248.0,74.0,5,Maruti,Baleno Zeta 1.3,8613
Tata Safari Storme 2012-2015 LX,Kochi,2015,40611,Diesel,Manual,First,14.0,2179.0,138.1,7,Tata,Safari Storme 2012-2015 LX,8965
Hyundai Accent GLS,Bangalore,2008,72000,Petrol,Manual,Second,13.2,1495.0,94.0,5,Hyundai,Accent GLS,2200
Maruti Swift LDI SP Limited Edition,Hyderabad,2016,54631,Diesel,Manual,First,25.2,1248.0,74.0,5,Maruti,Swift LDI SP Limited Edition,6875
Maruti Swift VDI BSIV,Bangalore,2007,60000,Diesel,Manual,Second,17.8,1248.0,74.0,5,Maruti,Swift VDI BSIV,3740
Maruti Ertiga VDI,Ahmedabad,2017,63939,Diesel,Manual,First,25.47,1248.0,88.5,7,Maruti,Ertiga VDI,8525
Maruti Celerio VXI AMT,Delhi,2014,35214,Petrol,Automatic,Second,23.1,998.0,67.04,5,Maruti,Celerio VXI AMT,3520
Maruti Swift VDI BSIV,Delhi,2015,63000,Diesel,Manual,First,25.2,1248.0,74.0,5,Maruti,Swift VDI BSIV,5390
Volkswagen Vento Petrol Highline,Kochi,2012,121377,Petrol,Manual,First,15.04,1598.0,103.6,5,Volkswagen,Vento Petrol Highline,4180
Volkswagen Jetta 2007-2011 1.9 Highline TDI,Chennai,2009,100970,Diesel,Automatic,First,15.5,1896.0,105.0,5,Volkswagen,Jetta 2007-2011 1.9 Highline TDI,4400
Mini Cooper 5 DOOR D,Hyderabad,2014,60000,Diesel,Automatic,Second,20.7,1496.0,113.98,5,Mini,Cooper 5 DOOR D,25850
Tata Indica V2 DLS,Chennai,2008,77650,Diesel,Manual,First,17.2,1396.0,53.5,5,Tata,Indica V2 DLS,1265
Honda City i-VTEC CVT VX,Bangalore,2015,18955,Petrol,Automatic,First,18.0,1497.0,117.3,5,Honda,City i-VTEC CVT VX,11715
Jaguar XF 2.2 Litre Luxury,Coimbatore,2016,47877,Diesel,Automatic,First,16.36,2179.0,187.7,5,Jaguar,XF 2.2 Litre Luxury,39248
Mercedes-Benz E-Class 2015-2017 E250 Edition E,Kochi,2017,43368,Diesel,Automatic,First,15.0,2143.0,204.0,5,Mercedes-Benz,E-Class 2015-2017 E250 Edition E,35134
Chevrolet Cruze LTZ,Chennai,2011,73000,Diesel,Manual,Third,18.3,1991.0,147.9,5,Chevrolet,Cruze LTZ,4620
Mahindra XUV500 W8 2WD,Ahmedabad,2015,72007,Diesel,Manual,First,15.1,2179.0,140.0,7,Mahindra,XUV500 W8 2WD,10890
Mercedes-Benz New C-Class C 200 CGI Avantgarde,Kochi,2014,56778,Petrol,Automatic,First,11.74,1796.0,186.0,5,Mercedes-Benz,New C-Class C 200 CGI Avantgarde,17006
Honda Jazz VX,Kochi,2018,20024,Petrol,Manual,First,18.2,1199.0,88.7,5,Honda,Jazz VX,9306
Toyota Etios G,Kolkata,2013,42103,Petrol,Manual,First,16.78,1496.0,88.73,5,Toyota,Etios G,3575
Maruti Swift VXI BSIV,Coimbatore,2016,37806,Petrol,Manual,First,20.4,1197.0,81.8,5,Maruti,Swift VXI BSIV,5720
Maruti A-Star Vxi,Pune,2009,85000,Petrol,Manual,Third,19.0,998.0,66.1,5,Maruti,A-Star Vxi,1980
Ford Figo Titanium Diesel,Kolkata,2015,72035,Diesel,Manual,First,25.5,1498.0,99.0,5,Ford,Figo Titanium Diesel,2750
Fiat Linea Emotion,Jaipur,2011,48500,Petrol,Manual,First,16.0,1368.0,90.0,5,Fiat,Linea Emotion,2750
Ford Figo Aspire 1.2 Ti-VCT Trend,Coimbatore,2017,28854,Petrol,Manual,First,18.16,1196.0,86.8,5,Ford,Figo Aspire 1.2 Ti-VCT Trend,7370
Maruti Baleno LXI,Hyderabad,2005,92450,Petrol,Manual,First,15.4,1590.0,94.0,5,Maruti,Baleno LXI,1320
BMW 3 Series 320d Luxury Line,Coimbatore,2016,14351,Diesel,Automatic,First,18.88,1995.0,184.0,5,BMW,3 Series 320d Luxury Line,39105
Chevrolet Cruze LTZ,Jaipur,2017,51087,Diesel,Manual,First,17.9,1998.0,163.7,5,Chevrolet,Cruze LTZ,8525
Mahindra Scorpio 2.6 DX,Chennai,2005,50000,Diesel,Manual,First,12.7,2609.0,116.6,8,Mahindra,Scorpio 2.6 DX,2134
Tata Indica V2 eLS,Hyderabad,2016,73000,Diesel,Manual,First,25.0,1396.0,69.0,5,Tata,Indica V2 eLS,2420
Chevrolet Cruze LTZ AT,Ahmedabad,2011,60000,Diesel,Automatic,First,18.1,1991.0,147.9,4,Chevrolet,Cruze LTZ AT,4180
Toyota Innova 2.5 V Diesel 8-seater,Chennai,2016,50000,Diesel,Manual,First,12.8,2494.0,102.0,8,Toyota,Innova 2.5 V Diesel 8-seater,17215
Mercedes-Benz New C-Class C 220d Avantgarde Edition C,Coimbatore,2018,36797,Diesel,Automatic,First,19.27,2143.0,167.62,5,Mercedes-Benz,New C-Class C 220d Avantgarde Edition C,43417
Maruti Ritz VXi,Kolkata,2011,50000,Petrol,Manual,Second,18.5,1197.0,85.8,5,Maruti,Ritz VXi,1650
Toyota Innova 2.5 GX (Diesel) 8 Seater BS IV,Ahmedabad,2013,94000,Diesel,Manual,First,12.8,2494.0,102.0,8,Toyota,Innova 2.5 GX (Diesel) 8 Seater BS IV,9735
Toyota Fortuner 4x4 MT,Bangalore,2013,74000,Diesel,Manual,Second,12.55,2982.0,168.5,7,Toyota,Fortuner 4x4 MT,19690
Hyundai i10 Sportz AT,Coimbatore,2014,41016,Petrol,Automatic,Second,16.95,1197.0,78.9,5,Hyundai,i10 Sportz AT,5588
Hyundai Verna 1.6 SX,Bangalore,2012,67000,Diesel,Manual,First,22.32,1582.0,126.32,5,Hyundai,Verna 1.6 SX,6875
Audi Q3 2012-2015 35 TDI Quattro Premium Plus,Bangalore,2015,76927,Diesel,Automatic,First,15.73,1968.0,174.33,5,Audi,Q3 2012-2015 35 TDI Quattro Premium Plus,25025
Chevrolet Beat LS,Kolkata,2010,17088,Petrol,Manual,First,18.6,1199.0,79.4,5,Chevrolet,Beat LS,1606
Ford Fiesta 1.4 Duratorq ZXI,Pune,2007,112808,Diesel,Manual,Second,17.8,1399.0,68.0,5,Ford,Fiesta 1.4 Duratorq ZXI,2255
Ford Figo Diesel EXI,Coimbatore,2014,74980,Diesel,Manual,First,20.0,1399.0,68.0,5,Ford,Figo Diesel EXI,4488
Maruti Celerio VXI AT,Hyderabad,2014,44600,Petrol,Automatic,First,23.1,998.0,67.04,5,Maruti,Celerio VXI AT,5005
Mercedes-Benz A Class A180 CDI,Mumbai,2013,37000,Diesel,Automatic,First,20.0,2143.0,107.3,5,Mercedes-Benz,A Class A180 CDI,15400
Hyundai Creta 1.6 SX,Ahmedabad,2016,21000,Petrol,Manual,First,15.8,1591.0,121.3,5,Hyundai,Creta 1.6 SX,11990
Maruti Wagon R VXI BS IV,Bangalore,2010,81245,Petrol,Manual,First,18.9,998.0,67.1,5,Maruti,Wagon R VXI BS IV,2695
Mercedes-Benz E-Class 2009-2013 E 220 CDI Avantgarde,Delhi,2013,70000,Diesel,Automatic,First,10.0,2148.0,170.0,5,Mercedes-Benz,E-Class 2009-2013 E 220 CDI Avantgarde,17380
Renault Koleos 2.0 Diesel,Delhi,2013,70000,Diesel,Automatic,Second,13.73,1995.0,148.0,5,Renault,Koleos 2.0 Diesel,9350
Mahindra XUV500 W10 2WD,Coimbatore,2016,56532,Diesel,Manual,First,16.0,2179.0,140.0,7,Mahindra,XUV500 W10 2WD,17094
Maruti Wagon R VXI,Coimbatore,2015,72599,Petrol,Manual,First,22.5,998.0,67.04,5,Maruti,Wagon R VXI,4752
Hyundai Verna 1.6 SX,Hyderabad,2011,98000,Diesel,Manual,Second,22.32,1582.0,126.32,5,Hyundai,Verna 1.6 SX,5720
Hyundai i20 Magna 1.2,Mumbai,2018,19500,Petrol,Manual,First,18.6,1197.0,81.83,5,Hyundai,i20 Magna 1.2,6435
Maruti Ertiga ZXI,Bangalore,2013,68000,Petrol,Manual,Second,16.02,1373.0,93.7,7,Maruti,Ertiga ZXI,6875
Mahindra XUV500 W9 AT,Coimbatore,2019,19654,Diesel,Automatic,First,14.0,2179.0,155.0,7,Mahindra,XUV500 W9 AT,19393
Maruti SX4 S Cross DDiS 200 Zeta,Mumbai,2017,26000,Diesel,Manual,First,23.65,1248.0,88.5,5,Maruti,SX4 S Cross DDiS 200 Zeta,10725
Volkswagen Polo Diesel Comfortline 1.2L,Hyderabad,2011,75020,Diesel,Manual,First,22.07,1199.0,73.9,5,Volkswagen,Polo Diesel Comfortline 1.2L,4510
Toyota Fortuner 4x4 MT,Hyderabad,2011,157000,Diesel,Manual,First,12.55,2982.0,168.5,7,Toyota,Fortuner 4x4 MT,13189
Mahindra XUV500 W10 2WD,Kochi,2017,43773,Diesel,Manual,First,16.0,2179.0,140.0,7,Mahindra,XUV500 W10 2WD,14893
Mercedes-Benz GLE 250d,Mumbai,2016,21000,Diesel,Automatic,First,17.9,2143.0,201.15,5,Mercedes-Benz,GLE 250d,61600
Honda Jazz 1.2 VX i VTEC,Chennai,2016,23280,Petrol,Manual,First,18.7,1199.0,88.7,5,Honda,Jazz 1.2 VX i VTEC,7150
Maruti Swift Dzire VDI,Pune,2013,88000,Diesel,Manual,First,23.4,1248.0,74.0,5,Maruti,Swift Dzire VDI,5225
Hyundai Verna 1.6 SX VTVT,Hyderabad,2014,67000,Petrol,Manual,First,17.01,1591.0,121.3,5,Hyundai,Verna 1.6 SX VTVT,6160
Ford Endeavour 3.2 Titanium AT 4X4,Coimbatore,2017,59636,Diesel,Automatic,First,10.91,3198.0,197.0,7,Ford,Endeavour 3.2 Titanium AT 4X4,32120
Hyundai i20 1.2 Asta Option,Kolkata,2018,11000,Petrol,Manual,First,18.6,1197.0,81.83,5,Hyundai,i20 1.2 Asta Option,6985
Honda City 1.5 V MT Sunroof,Mumbai,2013,60669,Petrol,Manual,First,16.8,1497.0,116.3,5,Honda,City 1.5 V MT Sunroof,5445
Honda Amaze VX Diesel,Hyderabad,2018,12000,Diesel,Manual,First,27.4,1498.0,98.6,5,Honda,Amaze VX Diesel,9350
Hyundai Verna 1.6 SX VTVT (O),Kolkata,2013,35000,Petrol,Manual,First,17.1,1591.0,121.3,5,Hyundai,Verna 1.6 SX VTVT (O),4950
Honda Mobilio S i DTEC,Chennai,2015,65000,Diesel,Manual,First,24.2,1498.0,98.6,7,Honda,Mobilio S i DTEC,6050
Maruti Ertiga ZDI,Kochi,2013,39929,Diesel,Manual,First,20.77,1248.0,88.8,7,Maruti,Ertiga ZDI,7216
Maruti Alto K10 LXI,Pune,2014,49000,Petrol,Manual,First,24.07,998.0,67.1,5,Maruti,Alto K10 LXI,2530
Toyota Qualis FS B2,Pune,2004,77757,Diesel,Manual,Second,13.1,2446.0,75.0,10,Toyota,Qualis FS B2,3850
Hyundai i10 Sportz,Kochi,2016,21456,Petrol,Manual,First,20.36,1197.0,78.9,5,Hyundai,i10 Sportz,5005
Skoda Laura 1.9 TDI AT Ambiente,Bangalore,2009,74000,Diesel,Automatic,Second,17.0,1896.0,105.0,5,Skoda,Laura 1.9 TDI AT Ambiente,8525
Hyundai i20 Asta Option 1.2,Mumbai,2015,37000,Petrol,Manual,Second,18.6,1197.0,81.83,5,Hyundai,i20 Asta Option 1.2,5775
BMW 5 Series 2003-2012 530d Highline,Coimbatore,2013,108640,Diesel,Automatic,First,11.5,2993.0,235.0,5,BMW,5 Series 2003-2012 530d Highline,25619
BMW 3 Series 320d M Sport,Mumbai,2016,38000,Diesel,Automatic,First,22.69,1995.0,190.0,5,BMW,3 Series 320d M Sport,26389
Chevrolet Aveo 1.4 LT ABS BSIV,Pune,2010,80000,Petrol,Manual,First,14.49,1399.0,92.7,5,Chevrolet,Aveo 1.4 LT ABS BSIV,1969
Mercedes-Benz E-Class 2009-2013 E250 CDI Elegance,Mumbai,2011,47000,Diesel,Automatic,Second,14.21,2143.0,203.0,5,Mercedes-Benz,E-Class 2009-2013 E250 CDI Elegance,15290
Audi A6 2011-2015 2.0 TDI Premium Plus,Kolkata,2013,31000,Diesel,Automatic,First,17.68,1968.0,174.33,5,Audi,A6 2011-2015 2.0 TDI Premium Plus,20845
Maruti Wagon R LXI BS IV,Kolkata,2014,40000,Petrol,Manual,First,20.51,998.0,67.04,5,Maruti,Wagon R LXI BS IV,2739
Renault KWID RXT,Jaipur,2016,4152,Petrol,Manual,First,25.17,799.0,53.3,5,Renault,KWID RXT,3465
Volkswagen Ameo 1.5 TDI Highline,Mumbai,2017,51000,Diesel,Manual,First,21.66,1498.0,108.62,5,Volkswagen,Ameo 1.5 TDI Highline,7095
Volkswagen Polo Diesel Comfortline 1.2L,Ahmedabad,2013,55000,Diesel,Manual,First,22.07,1199.0,73.9,5,Volkswagen,Polo Diesel Comfortline 1.2L,4675
Maruti Alto 800 LXI,Hyderabad,2014,58500,Petrol,Manual,First,22.74,796.0,47.3,5,Maruti,Alto 800 LXI,3025
Hyundai i20 Asta Option 1.2,Kochi,2017,58620,Petrol,Manual,First,18.6,1197.0,81.83,5,Hyundai,i20 Asta Option 1.2,7854
Toyota Etios Liva G,Mumbai,2012,29605,Petrol,Manual,First,18.3,1197.0,78.9,5,Toyota,Etios Liva G,2684
Hyundai i20 1.2 Sportz,Jaipur,2012,71172,Petrol,Manual,Third,17.0,1197.0,80.0,5,Hyundai,i20 1.2 Sportz,3850
Hyundai i20 1.4 Asta,Chennai,2017,12000,Diesel,Manual,First,22.54,1396.0,88.73,5,Hyundai,i20 1.4 Asta,8030
Maruti Wagon R LXI Optional,Kolkata,2014,25000,Petrol,Manual,First,20.51,998.0,67.04,5,Maruti,Wagon R LXI Optional,3025
Hyundai i20 1.4 Asta Option,Bangalore,2017,43000,Diesel,Manual,Second,22.54,1396.0,88.73,5,Hyundai,i20 1.4 Asta Option,9020
Volkswagen Polo GT TSI,Mumbai,2015,57022,Petrol,Automatic,First,17.21,1197.0,103.6,5,Volkswagen,Polo GT TSI,7161
Ford Figo Diesel Titanium,Pune,2015,92000,Diesel,Manual,First,20.0,1399.0,68.05,5,Ford,Figo Diesel Titanium,4675
Maruti Swift ZXI,Coimbatore,2014,33372,Petrol,Manual,Second,18.6,1197.0,85.8,5,Maruti,Swift ZXI,6831
Hyundai Grand i10 CRDi Magna,Kochi,2016,52625,Diesel,Manual,First,24.0,1120.0,70.0,5,Hyundai,Grand i10 CRDi Magna,5038
Hyundai i10 Magna 1.1,Coimbatore,2014,60138,Petrol,Manual,First,19.81,1086.0,68.05,5,Hyundai,i10 Magna 1.1,4499
Skoda Octavia Elegance 2.0 TDI AT,Mumbai,2014,84000,Diesel,Automatic,First,19.3,1968.0,141.0,5,Skoda,Octavia Elegance 2.0 TDI AT,11825
BMW X5 2014-2019 xDrive 30d Design Pure Experience 7 Seater,Mumbai,2014,47000,Diesel,Automatic,First,15.97,2993.0,258.0,7,BMW,X5 2014-2019 xDrive 30d Design Pure Experience 7 Seater,45650
Maruti Celerio VXI AT,Hyderabad,2014,33450,Petrol,Automatic,First,23.1,998.0,67.04,5,Maruti,Celerio VXI AT,4840
Volkswagen Vento Diesel Comfortline,Jaipur,2013,125000,Diesel,Manual,Second,20.54,1598.0,103.6,5,Volkswagen,Vento Diesel Comfortline,6875
BMW 3 Series 320d Highline,Pune,2011,99606,Diesel,Automatic,Second,16.07,1995.0,181.0,5,BMW,3 Series 320d Highline,11550
Maruti Ertiga ZDI,Mumbai,2014,64000,Diesel,Manual,First,20.77,1248.0,88.8,7,Maruti,Ertiga ZDI,7975
Ford Figo Diesel ZXI,Hyderabad,2013,51000,Diesel,Manual,First,20.0,1399.0,68.05,5,Ford,Figo Diesel ZXI,3520
Volkswagen Polo 1.2 MPI Highline,Mumbai,2014,57000,Petrol,Manual,First,16.47,1198.0,74.0,5,Volkswagen,Polo 1.2 MPI Highline,4345
Audi A6 3.0 TDI quattro,Coimbatore,2009,48040,Diesel,Automatic,Second,16.77,2967.0,241.38,5,Audi,A6 3.0 TDI quattro,13277
Toyota Innova Crysta 2.4 ZX MT,Pune,2017,43200,Diesel,Manual,First,13.68,2393.0,147.8,7,Toyota,Innova Crysta 2.4 ZX MT,20460
Hyundai Verna 1.6 CRDi EX AT,Delhi,2013,66000,Diesel,Automatic,First,22.32,1582.0,126.3,5,Hyundai,Verna 1.6 CRDi EX AT,6270
Hyundai Santro Xing GL Plus,Kolkata,2013,31000,Petrol,Manual,First,17.92,1086.0,62.1,5,Hyundai,Santro Xing GL Plus,1925
Audi A4 2.0 TDI,Delhi,2011,46000,Diesel,Automatic,Second,16.55,1968.0,147.51,5,Audi,A4 2.0 TDI,12089
Audi A4 2.0 TDI,Kolkata,2012,47346,Diesel,Automatic,First,16.55,1968.0,147.51,5,Audi,A4 2.0 TDI,15950
Skoda Laura 1.9 TDI MT Ambiente,Jaipur,2009,100000,Diesel,Manual,First,17.0,1896.0,105.0,5,Skoda,Laura 1.9 TDI MT Ambiente,3421
Honda CR-V 2.0L 2WD AT,Coimbatore,2015,63856,Petrol,Automatic,First,13.7,1997.0,153.86,5,Honda,CR-V 2.0L 2WD AT,15356
Hyundai Verna 1.6 SX CRDi (O),Coimbatore,2015,72996,Diesel,Manual,First,22.32,1582.0,126.32,5,Hyundai,Verna 1.6 SX CRDi (O),7821
Honda Mobilio RS i DTEC,Chennai,2014,23000,Diesel,Manual,First,24.5,1498.0,98.6,7,Honda,Mobilio RS i DTEC,7590
Hyundai i20 1.2 Asta Option,Coimbatore,2018,15985,Petrol,Manual,First,18.6,1197.0,81.83,5,Hyundai,i20 1.2 Asta Option,8547
Toyota Innova 2.5 G (Diesel) 7 Seater BS IV,Kolkata,2011,98000,Diesel,Manual,Second,12.8,2494.0,102.0,8,Toyota,Innova 2.5 G (Diesel) 7 Seater BS IV,6050
Hyundai i20 Magna 1.2,Hyderabad,2014,70089,Petrol,Manual,First,18.6,1197.0,81.83,5,Hyundai,i20 Magna 1.2,5885
Mahindra Bolero VLX BS IV,Chennai,2011,99000,Diesel,Manual,Second,13.6,2523.0,63.0,7,Mahindra,Bolero VLX BS IV,4950
Volkswagen Vento 1.5 TDI Comfortline,Jaipur,2014,72000,Diesel,Manual,First,20.34,1498.0,103.2,5,Volkswagen,Vento 1.5 TDI Comfortline,5225
Jaguar XF 2.2 Litre Luxury,Coimbatore,2015,44194,Diesel,Automatic,First,16.36,2179.0,187.7,5,Jaguar,XF 2.2 Litre Luxury,36080
Mercedes-Benz E-Class Facelift,Coimbatore,2018,56652,Diesel,Automatic,First,13.0,2987.0,258.0,5,Mercedes-Benz,E-Class Facelift,55319
Toyota Fortuner 3.0 Diesel,Mumbai,2010,41650,Diesel,Manual,Second,11.5,2982.0,171.0,7,Toyota,Fortuner 3.0 Diesel,12089
Hyundai Grand i10 AT Asta,Coimbatore,2015,61717,Petrol,Automatic,First,18.9,1197.0,82.0,5,Hyundai,Grand i10 AT Asta,6127
Hyundai Xcent 1.2 CRDi S,Jaipur,2018,25302,Diesel,Manual,First,25.4,1186.0,73.97,5,Hyundai,Xcent 1.2 CRDi S,6490
Hyundai Creta 1.6 VTVT S,Coimbatore,2016,47016,Petrol,Manual,First,15.29,1591.0,121.3,5,Hyundai,Creta 1.6 VTVT S,10373
Hyundai i10 Sportz,Bangalore,2010,69000,Petrol,Manual,First,20.36,1197.0,78.9,5,Hyundai,i10 Sportz,3190
Honda Brio S MT,Delhi,2016,32700,Petrol,Manual,First,19.4,1198.0,86.8,5,Honda,Brio S MT,4048
Toyota Fortuner 4x2 AT,Coimbatore,2015,101337,Diesel,Automatic,First,12.55,2982.0,168.5,7,Toyota,Fortuner 4x2 AT,23837
Audi A4 2.0 TDI Multitronic,Ahmedabad,2011,59000,Diesel,Automatic,First,16.55,1968.0,140.0,5,Audi,A4 2.0 TDI Multitronic,13750
Toyota Innova Crysta 2.8 ZX AT,Kochi,2018,41736,Diesel,Automatic,First,11.36,2755.0,171.5,7,Toyota,Innova Crysta 2.8 ZX AT,21912
Honda City i DTEC VX,Jaipur,2014,71649,Diesel,Manual,First,25.1,1498.0,98.6,5,Honda,City i DTEC VX,7425
Honda City i DTEC VX,Kochi,2015,80606,Diesel,Manual,First,25.1,1498.0,98.6,5,Honda,City i DTEC VX,7656
Renault KWID 1.0 RXT Optional,Jaipur,2017,63262,Petrol,Manual,First,21.7,999.0,67.0,5,Renault,KWID 1.0 RXT Optional,3575
Maruti Swift DDiS ZDI Plus,Hyderabad,2018,5456,Diesel,Manual,First,28.4,1248.0,74.0,5,Maruti,Swift DDiS ZDI Plus,9515
Maruti Celerio VXI Optional AMT,Pune,2017,7500,Petrol,Automatic,First,23.1,998.0,67.04,5,Maruti,Celerio VXI Optional AMT,5500
Mahindra XUV500 W8 2WD,Delhi,2011,66000,Diesel,Manual,First,15.1,2179.0,140.0,7,Mahindra,XUV500 W8 2WD,6050
Hyundai i10 Magna,Jaipur,2010,66770,Petrol,Manual,Second,20.36,1197.0,78.9,5,Hyundai,i10 Magna,2860
Hyundai i10 Magna 1.1,Kochi,2014,58472,Petrol,Manual,First,19.81,1086.0,68.05,5,Hyundai,i10 Magna 1.1,3751
Maruti Dzire VXI,Kolkata,2011,46687,Petrol,Manual,First,22.0,1197.0,81.8,5,Maruti,Dzire VXI,2970
Maruti Grand Vitara AT,Chennai,2008,77000,Petrol,Automatic,Fourth & Above,9.7,1995.0,163.5,5,Maruti,Grand Vitara AT,6050
Audi TT 40 TFSI,Kolkata,2012,7000,Petrol,Automatic,First,14.33,1984.0,226.6,4,Audi,TT 40 TFSI,38500
Mercedes-Benz New C-Class C 200 CGI,Mumbai,2011,48000,Petrol,Automatic,Second,14.74,1991.0,184.0,5,Mercedes-Benz,New C-Class C 200 CGI,10725
Nissan Sunny 2011-2014 Diesel XV,Mumbai,2013,47000,Diesel,Manual,First,21.64,1461.0,84.8,5,Nissan,Sunny 2011-2014 Diesel XV,4675
Maruti Wagon R LXI,Ahmedabad,2015,51530,Petrol,Manual,First,18.9,998.0,67.1,5,Maruti,Wagon R LXI,3520
Maruti Swift Dzire ZDI,Bangalore,2014,25789,Diesel,Manual,Second,23.4,1248.0,74.0,5,Maruti,Swift Dzire ZDI,7535
Honda Amaze S i-Dtech,Delhi,2015,48000,Diesel,Manual,First,25.8,1498.0,98.6,5,Honda,Amaze S i-Dtech,4950
Maruti Swift ZDI,Delhi,2012,52000,Diesel,Manual,First,28.4,1248.0,74.0,5,Maruti,Swift ZDI,3905
Hyundai Accent Executive CNG,Hyderabad,2010,95637,CNG,Manual,Second,9.428571428571429,1495.0,93.7,5,Hyundai,Accent Executive CNG,2090
Mahindra Scorpio LX 2.6 Turbo,Hyderabad,2008,131000,Diesel,Manual,First,10.5,2609.0,120.0,7,Mahindra,Scorpio LX 2.6 Turbo,3960
Mercedes-Benz E-Class E250 CDI Avantgrade,Kochi,2015,42076,Diesel,Automatic,First,13.0,2143.0,201.1,5,Mercedes-Benz,E-Class E250 CDI Avantgrade,23980
Toyota Fortuner 4x2 Manual,Mumbai,2012,76000,Diesel,Manual,Second,13.0,2982.0,168.5,7,Toyota,Fortuner 4x2 Manual,14850
Datsun redi-GO T Option,Bangalore,2016,20487,Petrol,Manual,First,22.7,799.0,53.64,5,Datsun,redi-GO T Option,2926
Honda City V MT,Delhi,2010,43000,Petrol,Manual,Second,16.8,1497.0,116.3,5,Honda,City V MT,4125
Toyota Camry Hybrid,Pune,2018,17000,Petrol,Automatic,First,19.16,2494.0,158.2,5,Toyota,Camry Hybrid,35200
Honda City i DTec V,Coimbatore,2016,60805,Diesel,Manual,First,26.0,1498.0,98.6,5,Honda,City i DTec V,8877
Volkswagen Jetta 2012-2014 2.0L TDI Trendline,Kochi,2012,58775,Diesel,Manual,First,19.33,1968.0,138.1,5,Volkswagen,Jetta 2012-2014 2.0L TDI Trendline,6204
Audi A6 2011-2015 2.0 TDI,Hyderabad,2013,70181,Diesel,Automatic,First,17.68,1968.0,174.33,5,Audi,A6 2011-2015 2.0 TDI,26389
Maruti Ertiga VDI,Coimbatore,2016,85827,Diesel,Manual,First,20.77,1248.0,88.76,7,Maruti,Ertiga VDI,8250
Mercedes-Benz New C-Class C 220 CDI Style,Jaipur,2016,58205,Diesel,Automatic,First,19.27,2143.0,167.62,5,Mercedes-Benz,New C-Class C 220 CDI Style,29700
Maruti Swift Dzire Vdi BSIV,Mumbai,2008,91000,Diesel,Manual,Second,19.3,1248.0,73.9,5,Maruti,Swift Dzire Vdi BSIV,3135
Renault Duster 110PS Diesel RxZ Pack,Pune,2012,74000,Diesel,Manual,First,19.01,1461.0,108.45,5,Renault,Duster 110PS Diesel RxZ Pack,6985
Maruti Ritz VDi,Hyderabad,2010,79324,Diesel,Manual,First,21.1,1248.0,73.9,5,Maruti,Ritz VDi,3630
Maruti Swift Dzire VXI,Bangalore,2013,38623,Petrol,Manual,First,19.1,1197.0,85.8,5,Maruti,Swift Dzire VXI,5500
Maruti Swift ZDi,Coimbatore,2014,59923,Diesel,Manual,First,22.9,1248.0,74.0,5,Maruti,Swift ZDi,7106
Hyundai EON Sportz,Jaipur,2017,23360,Petrol,Manual,First,21.1,814.0,55.2,5,Hyundai,EON Sportz,4125
Maruti Zen VXI BSII,Kochi,2003,61495,Petrol,Manual,Third,17.3,993.0,60.0,5,Maruti,Zen VXI BSII,1672
Maruti Eeco 7 Seater Standard,Coimbatore,2012,56661,Petrol,Manual,First,15.1,1196.0,73.0,7,Maruti,Eeco 7 Seater Standard,3971
Audi Q5 30 TDI quattro Premium,Coimbatore,2017,40318,Diesel,Automatic,First,14.16,1968.0,174.3,5,Audi,Q5 30 TDI quattro Premium,48114
Audi Q3 2.0 TDI,Chennai,2014,60000,Diesel,Automatic,First,15.73,1968.0,174.33,5,Audi,Q3 2.0 TDI,22000
Maruti Swift Dzire VDi,Hyderabad,2010,130000,Diesel,Manual,First,19.3,1248.0,73.9,5,Maruti,Swift Dzire VDi,4015
Tata Sumo DX,Mumbai,2013,20000,Diesel,Manual,First,14.07,1978.0,83.1,10,Tata,Sumo DX,5775
Honda City i-VTEC CVT VX,Mumbai,2015,30000,Petrol,Automatic,First,18.0,1497.0,117.3,5,Honda,City i-VTEC CVT VX,9515
Tata Indigo eCS eLX BS IV,Delhi,2015,150000,Diesel,Manual,First,25.0,1396.0,69.01,5,Tata,Indigo eCS eLX BS IV,2750
Volkswagen Vento TSI,Chennai,2014,28000,Petrol,Automatic,First,16.93,1197.0,103.6,5,Volkswagen,Vento TSI,8525
Maruti Celerio VXI,Bangalore,2015,74000,Petrol,Manual,First,23.1,998.0,67.04,5,Maruti,Celerio VXI,4565
Toyota Fortuner 3.0 Diesel,Delhi,2011,75000,Diesel,Manual,First,11.5,2982.0,171.0,7,Toyota,Fortuner 3.0 Diesel,11935
Mitsubishi Outlander 2.4,Delhi,2010,76000,Petrol,Automatic,Second,11.3,2360.0,170.0,5,Mitsubishi,Outlander 2.4,6083
Volkswagen Jetta 2007-2011 1.9 Highline TDI,Pune,2014,64889,Diesel,Automatic,First,15.5,1896.0,105.0,5,Volkswagen,Jetta 2007-2011 1.9 Highline TDI,12650
Hyundai Creta 1.6 CRDi SX,Kolkata,2015,43000,Diesel,Manual,First,19.67,1582.0,126.2,5,Hyundai,Creta 1.6 CRDi SX,10175
Skoda Fabia 1.2 MPI Ambiente Petrol,Pune,2011,47490,Petrol,Manual,First,17.5,1198.0,75.0,5,Skoda,Fabia 1.2 MPI Ambiente Petrol,2519
Ford EcoSport 1.5 TDCi Titanium,Chennai,2015,80000,Diesel,Manual,First,22.77,1498.0,98.59,5,Ford,EcoSport 1.5 TDCi Titanium,7700
Maruti Zen Estilo 1.1 LXI BSIII,Bangalore,2007,60000,Petrol,Manual,Second,18.2,1061.0,64.0,5,Maruti,Zen Estilo 1.1 LXI BSIII,1815
Maruti Ciaz 1.4 Delta,Ahmedabad,2017,6006,Petrol,Manual,First,20.73,1373.0,91.1,5,Maruti,Ciaz 1.4 Delta,9075
Mercedes-Benz New C-Class C 200 Avantgarde Edition C,Kochi,2011,71703,Petrol,Automatic,First,14.74,1991.0,181.03,5,Mercedes-Benz,New C-Class C 200 Avantgarde Edition C,10054
Honda Amaze SX i-VTEC,Hyderabad,2016,33000,Petrol,Manual,First,17.8,1198.0,86.7,5,Honda,Amaze SX i-VTEC,7150
Toyota Etios GD,Kolkata,2012,60000,Diesel,Manual,First,23.59,1364.0,67.05,5,Toyota,Etios GD,3245
Renault Duster 85PS Diesel RxL,Jaipur,2015,91000,Diesel,Manual,First,19.87,1461.0,83.8,5,Renault,Duster 85PS Diesel RxL,6325
Maruti Wagon R LXI LPG BSIV,Hyderabad,2012,72000,LPG,Manual,First,18.714285714285715,998.0,58.2,5,Maruti,Wagon R LXI LPG BSIV,3135
Volkswagen Polo Petrol Highline 1.2L,Kolkata,2011,43000,Petrol,Manual,Second,16.47,1198.0,73.9,5,Volkswagen,Polo Petrol Highline 1.2L,2310
Hyundai Creta 1.6 SX Plus Diesel,Coimbatore,2017,63770,Diesel,Manual,First,19.67,1582.0,126.2,5,Hyundai,Creta 1.6 SX Plus Diesel,14905
Jeep Compass 2.0 Limited 4X4,Mumbai,2017,52000,Diesel,Manual,First,16.3,1956.0,170.0,5,Jeep,Compass 2.0 Limited 4X4,22000
Maruti Baleno Alpha Diesel,Kolkata,2016,29000,Diesel,Manual,First,27.39,1248.0,74.0,5,Maruti,Baleno Alpha Diesel,7150
Maruti Ciaz ZDi SHVS,Ahmedabad,2016,56000,Diesel,Manual,First,28.09,1248.0,88.5,5,Maruti,Ciaz ZDi SHVS,8250
Maruti SX4 Vxi BSIII,Jaipur,2007,76000,Petrol,Manual,Second,15.0,1586.0,104.68,5,Maruti,SX4 Vxi BSIII,2365
Hyundai Elantra CRDi SX,Coimbatore,2015,53615,Diesel,Manual,First,22.7,1582.0,126.24,5,Hyundai,Elantra CRDi SX,9284
Mitsubishi Pajero Sport 4X4,Bangalore,2013,132000,Diesel,Manual,First,13.5,2477.0,175.56,7,Mitsubishi,Pajero Sport 4X4,13739
Volkswagen Ameo 1.2 MPI Comfortline,Pune,2017,14800,Petrol,Manual,First,17.0,1198.0,73.75,5,Volkswagen,Ameo 1.2 MPI Comfortline,6028
Maruti Ritz VXi,Hyderabad,2013,35433,Petrol,Manual,First,18.5,1197.0,85.8,5,Maruti,Ritz VXi,4620
Hyundai Verna CRDi SX,Hyderabad,2013,82966,Diesel,Manual,First,16.8,1493.0,110.0,5,Hyundai,Verna CRDi SX,7920
Maruti Swift Dzire Tour LDI,Jaipur,2014,96000,Diesel,Manual,First,23.4,1248.0,74.0,5,Maruti,Swift Dzire Tour LDI,5280
Mahindra KUV 100 mFALCON D75 K6,Kochi,2017,39528,Diesel,Manual,First,25.32,1198.0,77.0,6,Mahindra,KUV 100 mFALCON D75 K6,6413
Toyota Innova Crysta 2.4 ZX MT,Coimbatore,2018,92056,Diesel,Manual,First,13.68,2393.0,147.8,7,Toyota,Innova Crysta 2.4 ZX MT,20229
Maruti Baleno Delta 1.2,Pune,2016,14930,Petrol,Manual,First,21.4,1197.0,83.1,5,Maruti,Baleno Delta 1.2,6435
Honda Jazz VX Diesel,Mumbai,2016,38000,Diesel,Manual,First,27.3,1498.0,98.6,5,Honda,Jazz VX Diesel,6831
Hyundai i20 1.2 Asta,Delhi,2013,71000,Petrol,Manual,First,17.0,1197.0,80.0,5,Hyundai,i20 1.2 Asta,4015
Hyundai i20 Sportz Diesel,Delhi,2012,71000,Diesel,Manual,First,23.0,1396.0,90.0,5,Hyundai,i20 Sportz Diesel,4070
Mercedes-Benz New C-Class C 220d Avantgarde Edition C,Pune,2015,50000,Diesel,Automatic,First,19.27,2143.0,167.62,5,Mercedes-Benz,New C-Class C 220d Avantgarde Edition C,33000
Hyundai Xcent 1.2 Kappa Base,Kochi,2016,48163,Petrol,Manual,First,19.1,1197.0,82.0,5,Hyundai,Xcent 1.2 Kappa Base,5335
Hyundai Grand i10 AT Asta,Coimbatore,2017,19168,Petrol,Automatic,First,18.9,1197.0,82.0,5,Hyundai,Grand i10 AT Asta,7623
Maruti Alto 800 VXI,Kolkata,2016,26000,Petrol,Manual,First,22.74,796.0,47.3,5,Maruti,Alto 800 VXI,2860
Chevrolet Sail Hatchback 1.2 LS,Kolkata,2014,37400,Petrol,Manual,First,18.2,1199.0,82.5,5,Chevrolet,Sail Hatchback 1.2 LS,2079
Mercedes-Benz C-Class Progressive C 220d,Mumbai,2018,8682,Diesel,Automatic,First,0.0,1950.0,194.0,5,Mercedes-Benz,C-Class Progressive C 220d,43450
Skoda Superb Elegance 1.8 TSI AT,Mumbai,2012,95000,Petrol,Automatic,First,13.7,1798.0,157.75,5,Skoda,Superb Elegance 1.8 TSI AT,11000
Audi A4 2.0 TDI,Kolkata,2009,34000,Diesel,Automatic,First,16.55,1968.0,147.51,5,Audi,A4 2.0 TDI,10945
Toyota Innova 2.5 G (Diesel) 7 Seater BS IV,Mumbai,2014,95000,Diesel,Manual,Second,12.8,2494.0,102.0,8,Toyota,Innova 2.5 G (Diesel) 7 Seater BS IV,10395
Mercedes-Benz CLA 200 CDI Sport,Coimbatore,2017,13689,Diesel,Automatic,First,17.9,2143.0,136.0,5,Mercedes-Benz,CLA 200 CDI Sport,31075
Hyundai i10 Era,Jaipur,2008,84000,Petrol,Manual,Second,19.81,1086.0,68.05,5,Hyundai,i10 Era,1980
Maruti Swift Dzire VXi,Kolkata,2008,47000,Petrol,Manual,Second,17.5,1298.0,85.8,5,Maruti,Swift Dzire VXi,1540
Skoda Rapid 1.5 TDI AT Ambition,Ahmedabad,2015,60001,Diesel,Automatic,First,21.66,1498.0,103.52,5,Skoda,Rapid 1.5 TDI AT Ambition,7975
Maruti Ritz VDi,Hyderabad,2012,96000,Diesel,Manual,First,21.1,1248.0,73.9,5,Maruti,Ritz VDi,3960
Hyundai Accent GLS 1.6,Jaipur,2004,47300,Petrol,Manual,Second,14.4,1599.0,94.0,5,Hyundai,Accent GLS 1.6,1320
Honda Amaze SX i-VTEC,Coimbatore,2014,28246,Petrol,Manual,Second,17.8,1198.0,86.7,5,Honda,Amaze SX i-VTEC,5434
Maruti Wagon R LXI,Delhi,2007,65000,Petrol,Manual,Second,18.9,998.0,67.1,5,Maruti,Wagon R LXI,1375
Volkswagen Polo Diesel Comfortline 1.2L,Chennai,2013,68000,Diesel,Manual,Second,22.07,1199.0,73.9,5,Volkswagen,Polo Diesel Comfortline 1.2L,5280
Ford Endeavour 2.2 Trend AT 4X2,Kochi,2019,11209,Diesel,Automatic,First,12.62,2198.0,158.0,7,Ford,Endeavour 2.2 Trend AT 4X2,34265
Hyundai i20 1.2 Sportz,Pune,2011,41980,Petrol,Manual,Second,17.0,1197.0,80.0,5,Hyundai,i20 1.2 Sportz,3630
Chevrolet Beat Diesel PS,Bangalore,2012,65000,Diesel,Manual,First,25.44,936.0,57.6,5,Chevrolet,Beat Diesel PS,2640
Honda Civic 2010-2013 1.8 V MT,Kolkata,2010,38000,Petrol,Manual,First,14.8,1799.0,130.2,5,Honda,Civic 2010-2013 1.8 V MT,2200
Maruti Wagon R VXI BS IV,Pune,2014,51000,Petrol,Manual,First,20.51,998.0,67.04,5,Maruti,Wagon R VXI BS IV,3410
Skoda Rapid 1.6 MPI Ambition Plus,Kochi,2014,33855,Petrol,Manual,First,15.0,1598.0,103.6,5,Skoda,Rapid 1.6 MPI Ambition Plus,5599
Maruti Baleno Vxi - BSIII,Pune,2006,146000,Petrol,Manual,Second,15.4,1590.0,94.0,5,Maruti,Baleno Vxi - BSIII,1155
Ford EcoSport 1.5 TDCi Titanium,Bangalore,2015,47037,Diesel,Manual,Second,22.77,1498.0,98.59,5,Ford,EcoSport 1.5 TDCi Titanium,7700
Hyundai Accent GLE,Ahmedabad,2010,58000,Petrol,Manual,Second,13.2,1495.0,94.0,5,Hyundai,Accent GLE,2750
BMW 5 Series 520d Luxury Line,Mumbai,2012,61240,Diesel,Automatic,First,22.48,1995.0,190.0,5,BMW,5 Series 520d Luxury Line,19250
Maruti Alto K10 2010-2014 VXI,Chennai,2011,91211,Petrol,Manual,First,20.92,998.0,67.1,5,Maruti,Alto K10 2010-2014 VXI,2310
Audi Q3 2012-2015 2.0 TDI Quattro Premium Plus,Bangalore,2013,84000,Diesel,Automatic,First,15.73,1968.0,174.33,5,Audi,Q3 2012-2015 2.0 TDI Quattro Premium Plus,19525
Maruti Wagon R LXI DUO BSIII,Mumbai,2008,64226,LPG,Manual,First,12.357142857142858,1061.0,57.5,5,Maruti,Wagon R LXI DUO BSIII,1595
Toyota Corolla H4,Bangalore,2005,67000,Petrol,Automatic,Second,11.3,1794.0,125.0,5,Toyota,Corolla H4,2695
Volvo XC60 D5,Pune,2011,106976,Diesel,Automatic,First,13.5,2400.0,215.0,5,Volvo,XC60 D5,15180
Honda Jazz 1.5 VX i DTEC,Kolkata,2016,27210,Diesel,Manual,First,27.3,1498.0,98.6,5,Honda,Jazz 1.5 VX i DTEC,6435
Maruti Ciaz 1.3 Alpha,Delhi,2017,26322,Diesel,Manual,First,28.09,1248.0,88.5,5,Maruti,Ciaz 1.3 Alpha,9790
Maruti Swift VXI BSIV,Mumbai,2016,9107,Petrol,Manual,First,20.4,1197.0,81.8,5,Maruti,Swift VXI BSIV,5665
Mercedes-Benz New C-Class C 220 CDI Avantgarde,Kochi,2015,63983,Diesel,Automatic,First,19.27,2143.0,170.0,5,Mercedes-Benz,New C-Class C 220 CDI Avantgarde,18216
Maruti Wagon R VXI Minor,Chennai,2010,134000,Petrol,Manual,Second,18.9,1061.0,67.0,5,Maruti,Wagon R VXI Minor,1815
Mercedes-Benz A Class A180 Sport,Pune,2015,11000,Petrol,Automatic,First,15.5,1595.0,120.7,5,Mercedes-Benz,A Class A180 Sport,17600
Hyundai Santro Xing GL,Pune,2008,93000,Petrol,Manual,First,0.0,1086.0,62.0,5,Hyundai,Santro Xing GL,1595
Maruti Swift Dzire AMT ZDI,Coimbatore,2017,24852,Diesel,Automatic,First,26.59,1248.0,74.0,5,Maruti,Swift Dzire AMT ZDI,8888
Hyundai Grand i10 AT Asta,Pune,2014,37632,Petrol,Automatic,First,18.9,1197.0,82.0,5,Hyundai,Grand i10 AT Asta,4950
Nissan Sunny 2011-2014 XV Special Edition,Chennai,2013,55000,Petrol,Manual,Second,16.95,1498.0,97.7,5,Nissan,Sunny 2011-2014 XV Special Edition,4730
Maruti A-Star Lxi,Hyderabad,2010,81448,Petrol,Manual,First,19.0,998.0,66.1,5,Maruti,A-Star Lxi,2860
Hyundai Verna 1.6 SX VTVT (O) AT,Coimbatore,2012,54957,Petrol,Automatic,First,17.1,1591.0,121.4,5,Hyundai,Verna 1.6 SX VTVT (O) AT,5907
Maruti Wagon R LXI Minor,Chennai,2008,55000,Petrol,Manual,Second,18.9,1061.0,67.0,5,Maruti,Wagon R LXI Minor,1925
BMW 3 Series 320d Sport Line,Kolkata,2013,21983,Diesel,Automatic,First,18.88,1995.0,184.0,5,BMW,3 Series 320d Sport Line,18150
BMW 5 Series 2003-2012 520d,Delhi,2013,76000,Diesel,Automatic,First,18.48,1995.0,177.0,5,BMW,5 Series 2003-2012 520d,20900
Tata Indigo CS eVX,Jaipur,2016,65000,Diesel,Manual,First,25.0,1396.0,69.01,5,Tata,Indigo CS eVX,3080
Hyundai i20 Sportz 1.4 CRDi,Hyderabad,2015,26000,Diesel,Manual,First,22.54,1396.0,88.73,5,Hyundai,i20 Sportz 1.4 CRDi,6820
Maruti Swift ZDi,Hyderabad,2014,81000,Diesel,Manual,First,25.2,1248.0,74.0,5,Maruti,Swift ZDi,6710
Ford Ecosport Signature Edition Diesel,Coimbatore,2019,23154,Diesel,Manual,First,23.0,1498.0,98.96,5,Ford,Ecosport Signature Edition Diesel,12815
Honda Brio VX AT,Mumbai,2014,26856,Petrol,Automatic,First,16.5,1198.0,86.8,5,Honda,Brio VX AT,4565
Toyota Innova Crysta 2.4 GX MT,Chennai,2017,67489,Diesel,Manual,First,13.68,2393.0,147.8,7,Toyota,Innova Crysta 2.4 GX MT,18150
Hyundai i20 1.2 Magna,Kolkata,2010,18000,Petrol,Manual,First,18.5,1197.0,80.0,5,Hyundai,i20 1.2 Magna,2475
Hyundai Verna 1.6 SX,Ahmedabad,2014,63003,Diesel,Manual,First,22.32,1582.0,126.32,5,Hyundai,Verna 1.6 SX,7425
Mahindra XUV500 W6 2WD,Chennai,2014,80000,Diesel,Manual,First,15.1,2179.0,140.0,7,Mahindra,XUV500 W6 2WD,10340
Volkswagen Vento 1.5 TDI Comfortline,Coimbatore,2014,56658,Diesel,Manual,First,20.64,1498.0,108.5,5,Volkswagen,Vento 1.5 TDI Comfortline,5929
Maruti Swift Dzire VDI Optional,Kochi,2019,18592,Diesel,Manual,First,26.59,1248.0,74.0,5,Maruti,Swift Dzire VDI Optional,9361
Tata Manza Aura Safire BS IV,Pune,2010,75695,Petrol,Manual,First,13.7,1368.0,88.8,5,Tata,Manza Aura Safire BS IV,2035
Maruti Swift VDI,Kolkata,2012,82000,Diesel,Manual,Second,22.9,1248.0,74.0,5,Maruti,Swift VDI,2750
Volkswagen Polo Diesel Highline 1.2L,Chennai,2013,60000,Diesel,Manual,First,22.07,1199.0,73.9,5,Volkswagen,Polo Diesel Highline 1.2L,5225
Honda City 1.5 V MT,Pune,2009,138000,Petrol,Manual,Second,17.0,1497.0,118.0,5,Honda,City 1.5 V MT,3850
Hyundai i20 Asta (o) 1.4 CRDi (Diesel),Bangalore,2014,67000,Diesel,Manual,First,23.0,1396.0,90.0,5,Hyundai,i20 Asta (o) 1.4 CRDi (Diesel),6050
Honda City 1.5 V MT,Coimbatore,2012,42750,Petrol,Manual,First,17.0,1497.0,118.0,5,Honda,City 1.5 V MT,6963
Chevrolet Beat Diesel,Kochi,2014,52398,Diesel,Manual,First,25.44,936.0,57.6,5,Chevrolet,Beat Diesel,2717
Chevrolet Spark 1.0 LS,Kochi,2014,36657,Petrol,Manual,First,16.2,995.0,62.1,5,Chevrolet,Spark 1.0 LS,3630
Tata New Safari DICOR 2.2 EX 4x2,Delhi,2011,77000,Diesel,Manual,Second,11.57,2179.0,138.1,7,Tata,New Safari DICOR 2.2 EX 4x2,3850
Mercedes-Benz GL-Class 350 CDI Blue Efficiency,Delhi,2014,85000,Diesel,Automatic,First,11.3,2987.0,254.8,7,Mercedes-Benz,GL-Class 350 CDI Blue Efficiency,42625
BMW 5 Series 2003-2012 530d Highline,Pune,2008,112500,Diesel,Automatic,First,11.5,2993.0,235.0,5,BMW,5 Series 2003-2012 530d Highline,8789
Toyota Fortuner 2.8 4WD MT,Kochi,2013,105072,Diesel,Manual,First,14.24,2755.0,174.5,7,Toyota,Fortuner 2.8 4WD MT,14608
BMW X1 sDrive 18i,Pune,2012,80000,Petrol,Automatic,First,11.25,1995.0,150.0,5,BMW,X1 sDrive 18i,10450
Hyundai Xcent 1.1 CRDi S,Coimbatore,2016,14656,Diesel,Manual,First,24.4,1120.0,71.0,5,Hyundai,Xcent 1.1 CRDi S,7689
BMW 3 Series 320d,Hyderabad,2010,105000,Diesel,Automatic,Second,13.2,1995.0,170.0,5,BMW,3 Series 320d,12100
BMW 5 Series 2010-2013 525i,Hyderabad,2008,61000,Petrol,Automatic,Second,10.8,2497.0,215.0,5,BMW,5 Series 2010-2013 525i,12100
Nissan Micra XE,Pune,2010,85046,Petrol,Manual,Second,18.06,1198.0,75.0,5,Nissan,Micra XE,2530
Jaguar XF 2.2 Litre Luxury,Delhi,2014,48000,Diesel,Automatic,First,16.36,2179.0,187.7,5,Jaguar,XF 2.2 Litre Luxury,29150
Honda CR-V 2.4 AT,Delhi,2010,94000,Petrol,Automatic,Second,10.1,2354.0,152.0,5,Honda,CR-V 2.4 AT,5280
Maruti Swift VXI,Coimbatore,2013,61110,Petrol,Manual,First,18.6,1197.0,85.8,5,Maruti,Swift VXI,5027
Hyundai Xcent 1.1 CRDi S,Chennai,2016,80000,Diesel,Manual,First,24.4,1120.0,71.0,5,Hyundai,Xcent 1.1 CRDi S,3850
Nissan Terrano XV Premium 110 PS,Kochi,2015,43190,Diesel,Manual,First,19.01,1461.0,108.5,5,Nissan,Terrano XV Premium 110 PS,8371
Audi A4 35 TDI Technology,Hyderabad,2015,45000,Diesel,Automatic,First,18.25,1968.0,187.74,5,Audi,A4 35 TDI Technology,27500
Hyundai Grand i10 Asta Option,Coimbatore,2016,44178,Petrol,Manual,First,18.9,1197.0,82.0,5,Hyundai,Grand i10 Asta Option,6468
Toyota Innova 2.5 G (Diesel) 8 Seater,Hyderabad,2015,84415,Diesel,Manual,First,12.99,2494.0,100.6,8,Toyota,Innova 2.5 G (Diesel) 8 Seater,14850
Hyundai i20 1.2 Magna,Kolkata,2015,35000,Petrol,Manual,First,18.5,1197.0,80.0,5,Hyundai,i20 1.2 Magna,5060
Ford EcoSport 1.5 TDCi Titanium,Kolkata,2013,44000,Diesel,Manual,First,22.77,1498.0,98.59,5,Ford,EcoSport 1.5 TDCi Titanium,5390
Honda City 1.5 S MT,Hyderabad,2012,67635,Petrol,Manual,First,17.0,1497.0,118.0,5,Honda,City 1.5 S MT,5775
Ford EcoSport 1.5 Petrol Titanium Plus AT,Coimbatore,2018,18385,Petrol,Automatic,First,14.8,1497.0,121.36,5,Ford,EcoSport 1.5 Petrol Titanium Plus AT,13651
Volkswagen Polo Diesel Highline 1.2L,Kolkata,2014,35000,Diesel,Manual,First,22.07,1199.0,73.9,5,Volkswagen,Polo Diesel Highline 1.2L,4180
Mercedes-Benz New C-Class C 220 CDI Avantgarde,Mumbai,2010,49000,Diesel,Automatic,First,19.27,2143.0,170.0,5,Mercedes-Benz,New C-Class C 220 CDI Avantgarde,9845
Ford Ecosport 1.5 DV5 MT Titanium,Hyderabad,2013,69000,Diesel,Manual,First,22.7,1498.0,89.84,5,Ford,Ecosport 1.5 DV5 MT Titanium,7920
Tata Indigo GLE,Hyderabad,2017,23228,Petrol,Manual,First,14.4,1396.0,65.0,5,Tata,Indigo GLE,4950
Maruti Swift Dzire LDI,Delhi,2014,68462,Diesel,Manual,First,26.59,1248.0,74.0,5,Maruti,Swift Dzire LDI,4565
Maruti S-Cross Zeta DDiS 200 SH,Coimbatore,2016,74611,Diesel,Manual,First,25.1,1248.0,88.5,5,Maruti,S-Cross Zeta DDiS 200 SH,8734
Renault Duster 110PS Diesel RxZ Pack,Pune,2014,90000,Diesel,Manual,First,19.01,1461.0,108.45,5,Renault,Duster 110PS Diesel RxZ Pack,7975
Maruti Wagon R VXI,Delhi,2016,22000,Petrol,Manual,First,18.9,998.0,67.1,5,Maruti,Wagon R VXI,4070
Hyundai Santro Xing GL,Hyderabad,2010,58163,Petrol,Manual,First,0.0,1086.0,62.0,5,Hyundai,Santro Xing GL,2695
Chevrolet Beat Diesel LT,Chennai,2011,109500,Diesel,Manual,Third,25.44,936.0,57.6,5,Chevrolet,Beat Diesel LT,1650
Mahindra XUV500 W4 1.99 mHawk,Delhi,2017,13363,Diesel,Manual,First,16.0,1997.0,140.0,7,Mahindra,XUV500 W4 1.99 mHawk,13200
Hyundai i10 Era 1.1,Delhi,2012,51000,Petrol,Manual,Second,19.81,1086.0,68.05,5,Hyundai,i10 Era 1.1,2420
Tata New Safari DICOR 2.2 EX 4x4,Hyderabad,2007,103000,Diesel,Manual,First,13.93,2179.0,138.0,7,Tata,New Safari DICOR 2.2 EX 4x4,3960
Hyundai i10 Sportz,Kolkata,2009,43002,Petrol,Manual,First,20.36,1197.0,78.9,5,Hyundai,i10 Sportz,2112
Toyota Innova Crysta 2.8 ZX AT,Bangalore,2016,108000,Diesel,Automatic,First,11.36,2755.0,171.5,7,Toyota,Innova Crysta 2.8 ZX AT,22550
Skoda Laura Elegance MT,Jaipur,2010,82407,Diesel,Manual,First,17.5,1896.0,106.0,5,Skoda,Laura Elegance MT,4675
Hyundai Grand i10 Sportz,Kolkata,2013,29000,Petrol,Manual,First,18.9,1197.0,82.0,5,Hyundai,Grand i10 Sportz,3520
Maruti Swift Dzire VDI,Kolkata,2014,45000,Diesel,Manual,First,23.4,1248.0,74.0,5,Maruti,Swift Dzire VDI,4235
Hyundai i20 Asta 1.4 CRDi (Diesel),Kochi,2010,93401,Diesel,Manual,First,23.0,1396.0,90.0,5,Hyundai,i20 Asta 1.4 CRDi (Diesel),3828
Ford Figo 2015-2019 1.5D Trend MT,Hyderabad,2017,95802,Diesel,Manual,Second,25.83,1498.0,99.0,5,Ford,Figo 2015-2019 1.5D Trend MT,5005
Maruti Ertiga VDI,Pune,2016,130000,Diesel,Manual,First,25.47,1248.0,88.5,7,Maruti,Ertiga VDI,7700
Maruti Ertiga ZDI,Ahmedabad,2013,67443,Diesel,Manual,First,20.77,1248.0,88.8,7,Maruti,Ertiga ZDI,6325
Honda City 1.5 V AT Sunroof,Kochi,2016,47681,Petrol,Automatic,First,16.8,1497.0,116.3,5,Honda,City 1.5 V AT Sunroof,9603
Ford Endeavour 3.2 Titanium AT 4X4,Hyderabad,2016,68000,Diesel,Automatic,First,10.91,3198.0,197.0,7,Ford,Endeavour 3.2 Titanium AT 4X4,32450
Maruti Vitara Brezza ZDi Plus,Kochi,2019,34688,Diesel,Manual,First,24.3,1248.0,88.5,5,Maruti,Vitara Brezza ZDi Plus,11539
Maruti Swift ZDi,Pune,2016,58000,Diesel,Manual,First,22.9,1248.0,74.0,5,Maruti,Swift ZDi,8305
Tata Zest Revotron 1.2 XT,Mumbai,2014,40000,Petrol,Manual,First,17.57,1193.0,88.7,5,Tata,Zest Revotron 1.2 XT,4345
Hyundai i20 1.2 Sportz Option,Bangalore,2010,61000,Petrol,Manual,Fourth & Above,17.0,1197.0,80.0,5,Hyundai,i20 1.2 Sportz Option,3575
Skoda Fabia 1.4 TDI Active,Mumbai,2009,86000,Diesel,Manual,First,19.4,1422.0,70.0,5,Skoda,Fabia 1.4 TDI Active,3025
Toyota Corolla Altis D-4D J,Kolkata,2015,45000,Diesel,Manual,First,21.43,1364.0,87.2,5,Toyota,Corolla Altis D-4D J,8085
Volkswagen Ameo 1.2 MPI Comfortline,Ahmedabad,2017,55000,Petrol,Manual,First,17.0,1198.0,73.75,5,Volkswagen,Ameo 1.2 MPI Comfortline,5170
Hyundai Creta 1.6 VTVT S,Kochi,2016,36855,Petrol,Manual,Second,15.29,1591.0,121.3,5,Hyundai,Creta 1.6 VTVT S,9647
Hyundai i10 Magna 1.2,Kochi,2013,46821,Petrol,Manual,First,20.36,1197.0,78.9,5,Hyundai,i10 Magna 1.2,3762
Chevrolet Beat LS,Kolkata,2015,120000,Petrol,Manual,First,18.6,1199.0,76.8,5,Chevrolet,Beat LS,2750
Nissan Terrano XL,Mumbai,2014,40000,Petrol,Manual,First,13.24,1598.0,102.5,5,Nissan,Terrano XL,5775
Audi Q3 2012-2015 2.0 TDI Quattro Premium Plus,Delhi,2013,60000,Diesel,Automatic,Second,15.73,1968.0,174.33,5,Audi,Q3 2012-2015 2.0 TDI Quattro Premium Plus,15950
Hyundai i10 Asta AT,Mumbai,2011,64984,Petrol,Automatic,First,16.95,1197.0,78.9,5,Hyundai,i10 Asta AT,3795
Maruti Alto K10 VXI AGS,Pune,2015,73204,Petrol,Automatic,First,24.07,998.0,67.1,5,Maruti,Alto K10 VXI AGS,3630
Maruti Vitara Brezza VDi,Kolkata,2017,35000,Diesel,Manual,First,24.3,1248.0,88.5,5,Maruti,Vitara Brezza VDi,7150
Hyundai EON D Lite Plus,Hyderabad,2013,17729,Petrol,Manual,First,21.1,814.0,55.2,5,Hyundai,EON D Lite Plus,4015
Mahindra XUV300 W8 Diesel,Chennai,2012,97000,Diesel,Manual,First,20.0,1497.0,115.0,5,Mahindra,XUV300 W8 Diesel,7975
Hyundai Verna CRDi 1.6 SX Option,Kochi,2014,89614,Diesel,Manual,First,22.0,1582.0,126.2,5,Hyundai,Verna CRDi 1.6 SX Option,6611
Maruti Wagon R VXI,Kolkata,2015,14000,Petrol,Manual,First,18.9,998.0,67.1,5,Maruti,Wagon R VXI,3080
Hyundai i20 Sportz Option,Chennai,2012,50000,Petrol,Manual,First,17.0,1197.0,80.0,5,Hyundai,i20 Sportz Option,4400
Honda City i VTEC V,Delhi,2014,62505,Petrol,Manual,First,17.4,1497.0,117.3,5,Honda,City i VTEC V,6545
Hyundai Verna CRDi SX,Pune,2012,94900,Diesel,Manual,First,16.8,1493.0,110.0,5,Hyundai,Verna CRDi SX,5885
Tata Hexa XT,Delhi,2017,55000,Diesel,Manual,First,17.6,2179.0,153.86,7,Tata,Hexa XT,13200
Audi Q7 3.0 TDI Quattro Premium Plus,Coimbatore,2015,53735,Diesel,Automatic,Second,12.07,2967.0,241.4,7,Audi,Q7 3.0 TDI Quattro Premium Plus,42834
Maruti Wagon R VXI,Coimbatore,2008,53934,Petrol,Manual,Second,18.9,998.0,67.1,5,Maruti,Wagon R VXI,2959
BMW 5 Series 2013-2017 525d Luxury Line,Bangalore,2013,58500,Diesel,Automatic,Second,17.09,1995.0,218.0,5,BMW,5 Series 2013-2017 525d Luxury Line,30250
Honda Amaze EX i-Vtech,Kolkata,2014,48000,Petrol,Manual,First,18.0,1198.0,86.7,5,Honda,Amaze EX i-Vtech,3025
Maruti Alto 800 2016-2019 LXI,Mumbai,2016,24000,Petrol,Manual,First,24.7,796.0,47.3,5,Maruti,Alto 800 2016-2019 LXI,3080
Hyundai Verna 1.6 SX VTVT,Mumbai,2016,52001,Petrol,Manual,First,17.01,1591.0,121.3,5,Hyundai,Verna 1.6 SX VTVT,7095
Tata Tiago 1.2 Revotron XZ,Coimbatore,2018,9565,Petrol,Manual,First,23.84,1199.0,84.0,5,Tata,Tiago 1.2 Revotron XZ,6468
Maruti Swift LXI,Pune,2013,32953,Petrol,Manual,First,18.6,1197.0,85.8,5,Maruti,Swift LXI,5115
Hyundai EON Era,Jaipur,2014,18000,Petrol,Manual,First,21.1,814.0,55.2,5,Hyundai,EON Era,2750
Mercedes-Benz E-Class E 220 d,Kochi,2018,20446,Petrol,Automatic,First,12.6,1950.0,191.34,5,Mercedes-Benz,E-Class E 220 d,56485
Hyundai i20 Magna 1.4 CRDi,Hyderabad,2016,33016,Diesel,Manual,First,22.54,1396.0,88.73,5,Hyundai,i20 Magna 1.4 CRDi,7535
Toyota Etios VD,Chennai,2012,48000,Diesel,Manual,First,23.59,1364.0,67.05,5,Toyota,Etios VD,5775
Toyota Corolla Altis Diesel D4DG,Coimbatore,2014,72022,Diesel,Manual,First,21.43,1364.0,87.2,5,Toyota,Corolla Altis Diesel D4DG,10153
Mini Cooper 5 DOOR D,Ahmedabad,2014,34000,Diesel,Automatic,First,20.7,1496.0,113.98,5,Mini,Cooper 5 DOOR D,24200
Volkswagen Polo 1.5 TDI Highline,Hyderabad,2014,69000,Diesel,Manual,First,20.14,1498.0,88.8,5,Volkswagen,Polo 1.5 TDI Highline,5709
Skoda Superb Elegance 1.8 TSI AT,Pune,2009,108000,Petrol,Automatic,First,13.7,1798.0,157.75,5,Skoda,Superb Elegance 1.8 TSI AT,4785
Mercedes-Benz E-Class 2009-2013 E 220 CDI Avantgarde,Hyderabad,2013,34700,Diesel,Automatic,First,10.0,2148.0,170.0,5,Mercedes-Benz,E-Class 2009-2013 E 220 CDI Avantgarde,26950
Maruti Swift VDi BSIII W/ ABS,Pune,2015,79000,Diesel,Manual,First,17.8,1248.0,75.0,5,Maruti,Swift VDi BSIII W/ ABS,6325
Honda City i VTEC CVT VX,Kochi,2016,58197,Petrol,Automatic,First,18.0,1497.0,117.3,5,Honda,City i VTEC CVT VX,10109
Hyundai i10 Magna AT,Bangalore,2009,60000,Petrol,Automatic,First,19.2,1197.0,80.0,5,Hyundai,i10 Magna AT,3289
Maruti Swift Dzire VDI,Kolkata,2014,57000,Diesel,Manual,First,26.59,1248.0,74.0,5,Maruti,Swift Dzire VDI,4279
Honda City i DTec VX,Coimbatore,2018,45555,Diesel,Manual,First,26.0,1498.0,98.6,5,Honda,City i DTec VX,12903
Skoda Superb 2009-2014 Elegance 2.0 TDI MT,Jaipur,2014,93325,Diesel,Manual,Second,17.2,1968.0,138.1,5,Skoda,Superb 2009-2014 Elegance 2.0 TDI MT,15895
Maruti Ertiga SHVS VDI,Ahmedabad,2018,38000,Diesel,Manual,First,24.52,1248.0,88.5,7,Maruti,Ertiga SHVS VDI,9570
Hyundai Grand i10 CRDi Magna,Kochi,2016,57738,Diesel,Manual,First,24.0,1120.0,70.0,5,Hyundai,Grand i10 CRDi Magna,5544
Maruti Ciaz VDi Plus SHVS,Jaipur,2017,38282,Diesel,Manual,First,28.09,1248.0,88.5,5,Maruti,Ciaz VDi Plus SHVS,9350
Mercedes-Benz New C-Class C 220 CDI Avantgarde,Delhi,2014,64000,Diesel,Automatic,First,19.27,2143.0,170.0,5,Mercedes-Benz,New C-Class C 220 CDI Avantgarde,17215
Fiat Avventura MULTIJET Emotion,Mumbai,2015,32000,Diesel,Manual,First,20.5,1248.0,91.72,5,Fiat,Avventura MULTIJET Emotion,6215
Mercedes-Benz E-Class 2009-2013 E 250 Elegance,Bangalore,2010,83000,Petrol,Automatic,First,10.93,2497.0,204.0,5,Mercedes-Benz,E-Class 2009-2013 E 250 Elegance,18150
Maruti Zen Estilo LXI Green (CNG),Ahmedabad,2011,76000,CNG,Manual,First,18.78571428571429,998.0,67.1,5,Maruti,Zen Estilo LXI Green (CNG),2200
Volkswagen Vento Petrol Highline,Pune,2012,67200,Petrol,Manual,First,15.04,1598.0,103.6,5,Volkswagen,Vento Petrol Highline,4290
BMW 3 Series 320d Luxury Line,Jaipur,2013,62655,Diesel,Automatic,First,18.88,1995.0,184.0,5,BMW,3 Series 320d Luxury Line,15950
BMW 5 Series 2013-2017 530d M Sport,Bangalore,2015,16900,Diesel,Automatic,First,14.69,2993.0,258.0,5,BMW,5 Series 2013-2017 530d M Sport,48400
Hyundai Grand i10 1.2 Kappa Magna,Delhi,2017,8471,Petrol,Manual,First,18.9,1197.0,81.86,5,Hyundai,Grand i10 1.2 Kappa Magna,5500
Toyota Innova Crysta 2.8 ZX AT,Hyderabad,2016,69000,Diesel,Automatic,First,11.36,2755.0,171.5,7,Toyota,Innova Crysta 2.8 ZX AT,21725
Renault Duster 110PS Diesel RxZ AMT,Coimbatore,2017,30090,Diesel,Automatic,First,19.6,1461.0,108.45,5,Renault,Duster 110PS Diesel RxZ AMT,12584
Tata Indica Vista Aura 1.3 Quadrajet,Chennai,2011,120000,Diesel,Manual,First,18.0,1248.0,75.0,5,Tata,Indica Vista Aura 1.3 Quadrajet,1925
Maruti Swift VDI BSIV,Bangalore,2013,23000,Diesel,Manual,First,17.8,1248.0,74.0,5,Maruti,Swift VDI BSIV,6160
Mercedes-Benz E-Class 2009-2013 E 200 CGI Avantgarde,Kochi,2016,35939,Petrol,Manual,First,12.3,1796.0,185.0,5,Mercedes-Benz,E-Class 2009-2013 E 200 CGI Avantgarde,33462
Mahindra XUV500 W8 4WD,Coimbatore,2013,116694,Diesel,Manual,First,15.1,2179.0,140.0,7,Mahindra,XUV500 W8 4WD,10527
Mahindra Bolero ZLX,Mumbai,2016,40448,Diesel,Manual,First,15.96,2523.0,62.1,7,Mahindra,Bolero ZLX,3850
Maruti Vitara Brezza ZDi,Coimbatore,2018,64456,Diesel,Manual,First,24.3,1248.0,88.5,5,Maruti,Vitara Brezza ZDi,11506
Fiat Avventura MULTIJET Emotion,Pune,2014,52782,Diesel,Manual,First,20.5,1248.0,91.72,5,Fiat,Avventura MULTIJET Emotion,5335
Honda Amaze S Petrol,Kochi,2016,51672,Petrol,Manual,First,19.5,1199.0,88.76,5,Honda,Amaze S Petrol,6248
Skoda Superb Elegance 1.8 TSI AT,Mumbai,2015,56073,Petrol,Automatic,First,13.7,1798.0,157.75,5,Skoda,Superb Elegance 1.8 TSI AT,14575
Maruti Wagon R VXI BSIII,Chennai,2013,79000,Petrol,Manual,First,18.9,998.0,67.1,5,Maruti,Wagon R VXI BSIII,3300
Toyota Corolla Altis VL,Mumbai,2010,70200,Petrol,Automatic,First,14.53,1798.0,138.1,5,Toyota,Corolla Altis VL,5500
Maruti Swift VXi BSIV,Delhi,2016,42000,Petrol,Manual,First,16.1,1197.0,85.0,5,Maruti,Swift VXi BSIV,5225
Volkswagen Polo 1.2 MPI Highline,Bangalore,2014,62000,Petrol,Manual,First,16.47,1198.0,74.0,5,Volkswagen,Polo 1.2 MPI Highline,5885
Hyundai Grand i10 1.2 Kappa Asta,Hyderabad,2017,20000,Petrol,Manual,First,18.9,1197.0,81.86,5,Hyundai,Grand i10 1.2 Kappa Asta,6578
Maruti SX4 ZDI,Chennai,2011,80000,Diesel,Manual,Third,21.5,1248.0,88.8,5,Maruti,SX4 ZDI,3850
Hyundai Grand i10 1.2 Kappa Magna,Kochi,2018,50234,Petrol,Manual,First,18.9,1197.0,81.86,5,Hyundai,Grand i10 1.2 Kappa Magna,5246
Maruti Baleno Delta 1.2,Delhi,2016,50003,Petrol,Manual,First,21.4,1197.0,83.1,5,Maruti,Baleno Delta 1.2,5995
Maruti Swift Dzire AMT ZDI,Jaipur,2016,54897,Diesel,Automatic,First,26.59,1248.0,74.0,5,Maruti,Swift Dzire AMT ZDI,8030
Tata Indica GLS BS IV,Pune,2007,108995,Petrol,Manual,First,15.3,1193.0,65.3,5,Tata,Indica GLS BS IV,1375
Maruti SX4 S Cross DDiS 320 Zeta,Chennai,2015,73000,Diesel,Manual,First,22.7,1598.0,118.0,5,Maruti,SX4 S Cross DDiS 320 Zeta,9075
Maruti Swift VXI BSIII,Ahmedabad,2008,65000,Petrol,Manual,First,16.1,1298.0,88.2,5,Maruti,Swift VXI BSIII,2981
Hyundai Xcent 1.2 Kappa SX,Kolkata,2016,32000,Petrol,Manual,First,19.1,1197.0,82.0,5,Hyundai,Xcent 1.2 Kappa SX,3960
Hyundai i20 1.2 Magna,Ahmedabad,2010,65000,Petrol,Manual,First,18.5,1197.0,80.0,5,Hyundai,i20 1.2 Magna,3300
Maruti Celerio VXI AT,Hyderabad,2016,21600,Petrol,Automatic,First,23.1,998.0,67.04,5,Maruti,Celerio VXI AT,5115
Mercedes-Benz New C-Class C 220 CDI Elegance AT,Mumbai,2010,39000,Diesel,Automatic,First,14.84,2143.0,170.0,5,Mercedes-Benz,New C-Class C 220 CDI Elegance AT,10450
Maruti Swift Dzire VXi,Mumbai,2011,58075,Petrol,Manual,First,17.5,1298.0,85.8,5,Maruti,Swift Dzire VXi,3245
Volkswagen Vento Petrol Trendline,Mumbai,2011,58000,Petrol,Manual,First,15.04,1598.0,103.6,5,Volkswagen,Vento Petrol Trendline,3300
Maruti Swift ZDi,Hyderabad,2015,58000,Diesel,Manual,First,25.2,1248.0,74.0,5,Maruti,Swift ZDi,6545
Toyota Corolla Altis VL,Delhi,2008,89000,Petrol,Automatic,First,14.53,1798.0,138.1,5,Toyota,Corolla Altis VL,4400
Honda Civic 2006-2010 1.8 V MT,Delhi,2008,72000,Petrol,Manual,First,13.5,1799.0,130.0,5,Honda,Civic 2006-2010 1.8 V MT,2750
Hyundai i10 Era,Jaipur,2013,46230,Petrol,Manual,First,19.81,1086.0,68.05,5,Hyundai,i10 Era,3410
Volvo XC60 D5 Inscription,Kochi,2014,86925,Diesel,Automatic,First,11.2,2400.0,215.0,5,Volvo,XC60 D5 Inscription,18898
Hyundai i20 1.2 Asta,Jaipur,2018,5000,Petrol,Manual,First,18.6,1197.0,81.83,5,Hyundai,i20 1.2 Asta,7150
Honda City i DTEC S,Ahmedabad,2014,66000,Diesel,Manual,First,26.0,1498.0,98.6,5,Honda,City i DTEC S,6270
Toyota Innova 2.5 VX (Diesel) 8 Seater BS IV,Ahmedabad,2013,119000,Diesel,Manual,First,12.99,2494.0,100.0,8,Toyota,Innova 2.5 VX (Diesel) 8 Seater BS IV,8800
Renault KWID RXT,Chennai,2016,45000,Petrol,Manual,First,25.17,799.0,53.3,5,Renault,KWID RXT,2860
Maruti A-Star Vxi,Hyderabad,2009,66149,Petrol,Manual,First,19.0,998.0,66.1,5,Maruti,A-Star Vxi,2695
Mercedes-Benz B Class B180,Kochi,2014,42070,Petrol,Automatic,First,14.8,1595.0,120.7,5,Mercedes-Benz,B Class B180,12727
Maruti Wagon R LXI BS IV,Kolkata,2012,35503,Petrol,Manual,First,18.9,998.0,67.1,5,Maruti,Wagon R LXI BS IV,2530
Maruti Swift VDI BSIV,Jaipur,2016,41460,Diesel,Manual,First,25.2,1248.0,74.0,5,Maruti,Swift VDI BSIV,6490
Hyundai Verna VTVT 1.6 AT SX Option,Mumbai,2015,40600,Petrol,Automatic,First,17.0,1591.0,121.3,5,Hyundai,Verna VTVT 1.6 AT SX Option,7920
Hyundai Verna CRDi 1.6 AT SX Option,Ahmedabad,2013,87000,Diesel,Automatic,First,22.0,1582.0,126.2,5,Hyundai,Verna CRDi 1.6 AT SX Option,6490
Honda City V MT,Chennai,2014,30000,Petrol,Manual,Second,16.8,1497.0,116.3,5,Honda,City V MT,6600
Hyundai i10 Magna Optional 1.1L,Kolkata,2010,27089,Petrol,Manual,First,16.0,1086.0,66.7,5,Hyundai,i10 Magna Optional 1.1L,2145
Toyota Etios GD SP,Coimbatore,2016,53702,Diesel,Manual,First,23.59,1364.0,67.04,5,Toyota,Etios GD SP,7205
Volvo S60 D4 Momentum,Hyderabad,2015,51000,Diesel,Automatic,First,27.03,1969.0,190.0,5,Volvo,S60 D4 Momentum,27500
Ford Figo Diesel EXI,Kolkata,2012,36542,Diesel,Manual,First,20.0,1399.0,68.05,5,Ford,Figo Diesel EXI,2915
BMW 3 Series 320d Luxury Line,Chennai,2012,65000,Diesel,Automatic,First,22.69,1995.0,190.0,5,BMW,3 Series 320d Luxury Line,15400
Maruti Alto 800 VXI,Pune,2014,32000,Petrol,Manual,Second,22.74,796.0,47.3,5,Maruti,Alto 800 VXI,2310
Toyota Innova Crysta 2.4 VX MT,Hyderabad,2017,24393,Diesel,Manual,First,13.68,2393.0,147.8,7,Toyota,Innova Crysta 2.4 VX MT,22440
Nissan Terrano XL,Mumbai,2014,28238,Petrol,Manual,First,13.24,1598.0,102.5,5,Nissan,Terrano XL,6105
Mitsubishi Pajero Sport 4X4,Mumbai,2013,59000,Diesel,Manual,First,13.5,2477.0,175.56,7,Mitsubishi,Pajero Sport 4X4,14025
Honda Civic 2010-2013 1.8 S MT,Mumbai,2012,92000,Petrol,Manual,Second,14.8,1799.0,130.2,5,Honda,Civic 2010-2013 1.8 S MT,3685
Maruti Alto 800 LXI,Kolkata,2013,56840,Petrol,Manual,First,22.74,796.0,47.3,5,Maruti,Alto 800 LXI,1705
Volkswagen Vento Diesel Highline,Coimbatore,2013,62746,Diesel,Manual,Second,20.54,1598.0,103.6,5,Volkswagen,Vento Diesel Highline,6490
Land Rover Freelander 2 HSE,Hyderabad,2012,96000,Diesel,Automatic,First,12.35,2179.0,187.74,5,Land,Rover Freelander 2 HSE,20878
Honda CR-V 2.0L 2WD MT,Mumbai,2014,24000,Petrol,Manual,First,13.7,1997.0,153.86,5,Honda,CR-V 2.0L 2WD MT,12661
Maruti Ertiga VDI,Mumbai,2016,54000,Diesel,Manual,First,20.77,1248.0,88.76,7,Maruti,Ertiga VDI,8525
Toyota Innova 2.5 GX (Diesel) 7 Seater,Chennai,2016,90000,Diesel,Manual,First,12.99,2494.0,100.6,7,Toyota,Innova 2.5 GX (Diesel) 7 Seater,15290
Tata Manza Aura Safire,Kolkata,2010,40000,Petrol,Manual,First,15.0,1368.0,90.0,5,Tata,Manza Aura Safire,1485
Audi Q7 35 TDI Quattro Premium Plus,Mumbai,2015,65938,Diesel,Automatic,Second,12.07,2967.0,241.4,7,Audi,Q7 35 TDI Quattro Premium Plus,41800
Hyundai Verna 1.6 SX VTVT (O) AT,Mumbai,2017,16100,Petrol,Automatic,First,17.1,1591.0,121.4,5,Hyundai,Verna 1.6 SX VTVT (O) AT,12760
Honda City 1.5 S MT,Jaipur,2011,52000,Petrol,Manual,First,17.0,1497.0,118.0,5,Honda,City 1.5 S MT,4180
Ford Figo Diesel Titanium,Mumbai,2014,54000,Diesel,Manual,First,20.0,1399.0,68.05,5,Ford,Figo Diesel Titanium,3575
Honda Jazz 1.2 VX i VTEC,Mumbai,2016,15399,Petrol,Manual,First,18.7,1199.0,88.7,5,Honda,Jazz 1.2 VX i VTEC,7040
Volkswagen Polo Petrol Highline 1.2L,Bangalore,2012,75000,Petrol,Manual,Second,16.47,1198.0,73.9,5,Volkswagen,Polo Petrol Highline 1.2L,4345
Honda City i-VTEC S,Delhi,2010,76752,Petrol,Manual,First,17.4,1497.0,117.3,5,Honda,City i-VTEC S,3927
Honda City ZX GXi,Mumbai,2005,56000,Petrol,Manual,Second,17.7,1497.0,78.0,5,Honda,City ZX GXi,1375
Maruti Wagon R LXI CNG,Pune,2015,70000,CNG,Manual,First,18.714285714285715,998.0,58.2,5,Maruti,Wagon R LXI CNG,4015
Honda CR-V 2.4L 4WD AT AVN,Kolkata,2013,46125,Petrol,Automatic,Second,12.0,2354.0,187.4,5,Honda,CR-V 2.4L 4WD AT AVN,13750
BMW 5 Series 2013-2017 520d Luxury Line,Ahmedabad,2014,35000,Diesel,Automatic,Second,18.12,1995.0,190.0,5,BMW,5 Series 2013-2017 520d Luxury Line,25300
Mahindra Scorpio VLX 2.2 mHawk BSIII,Coimbatore,2012,62729,Diesel,Manual,First,12.05,2179.0,120.0,8,Mahindra,Scorpio VLX 2.2 mHawk BSIII,6952
Volkswagen Vento Diesel Comfortline,Kolkata,2012,34000,Diesel,Manual,First,20.54,1598.0,103.6,5,Volkswagen,Vento Diesel Comfortline,3740
Toyota Corolla Altis 1.8 VL CVT,Delhi,2017,21000,Petrol,Automatic,First,14.28,1798.0,138.03,5,Toyota,Corolla Altis 1.8 VL CVT,19800
BMW 3 Series 328i Sport Line,Pune,2013,49000,Petrol,Automatic,First,14.59,1997.0,245.0,5,BMW,3 Series 328i Sport Line,20900
Ford Ikon 1.3 Flair,Chennai,2007,40000,Petrol,Manual,Third,13.8,1299.0,70.0,5,Ford,Ikon 1.3 Flair,1210
Chevrolet Beat LT,Pune,2012,78000,Petrol,Manual,Second,18.6,1199.0,79.4,5,Chevrolet,Beat LT,2200
Toyota Corolla Altis 1.4 DG,Ahmedabad,2012,52000,Diesel,Manual,First,21.43,1364.0,86.79,5,Toyota,Corolla Altis 1.4 DG,7150
Mahindra XUV500 W4,Bangalore,2014,65213,Diesel,Manual,First,16.0,2179.0,140.0,7,Mahindra,XUV500 W4,10395
Mercedes-Benz E-Class 2015-2017 E250 CDI Avantgarde,Kochi,2017,36884,Diesel,Automatic,First,13.0,2143.0,204.0,5,Mercedes-Benz,E-Class 2015-2017 E250 CDI Avantgarde,35475
Hyundai i10 Sportz,Pune,2009,62500,Petrol,Manual,First,20.36,1197.0,78.9,5,Hyundai,i10 Sportz,2310
Toyota Corolla Altis VL AT,Mumbai,2015,68000,Petrol,Automatic,Second,14.28,1798.0,138.03,5,Toyota,Corolla Altis VL AT,10725
Toyota Corolla 1.8 J,Kolkata,2014,40748,Petrol,Manual,First,14.53,1798.0,138.0,5,Toyota,Corolla 1.8 J,6930
Audi Q3 2.0 TDI Quattro,Hyderabad,2013,60000,Diesel,Automatic,First,17.32,1968.0,184.0,5,Audi,Q3 2.0 TDI Quattro,23100
Hyundai i20 Magna Optional 1.4 CRDi,Mumbai,2014,12400,Diesel,Manual,First,21.9,1396.0,88.8,5,Hyundai,i20 Magna Optional 1.4 CRDi,5115
Mercedes-Benz New C-Class C 220d Avantgarde Edition C,Mumbai,2013,87000,Diesel,Automatic,Second,19.27,2143.0,167.62,5,Mercedes-Benz,New C-Class C 220d Avantgarde Edition C,18700
Maruti Ritz VDi,Pune,2013,20248,Diesel,Manual,First,21.1,1248.0,73.9,5,Maruti,Ritz VDi,4785
Hyundai Creta 1.6 SX Plus Diesel,Coimbatore,2017,52383,Diesel,Manual,First,19.67,1582.0,126.2,5,Hyundai,Creta 1.6 SX Plus Diesel,16302
Mahindra Xylo D4,Chennai,2016,85000,Diesel,Manual,First,14.95,2489.0,93.7,7,Mahindra,Xylo D4,6765
Toyota Innova 2.5 G (Diesel) 7 Seater,Ahmedabad,2014,47000,Diesel,Manual,First,12.99,2494.0,100.6,7,Toyota,Innova 2.5 G (Diesel) 7 Seater,12375
Toyota Camry 2.5 Hybrid,Pune,2018,17585,Petrol,Automatic,First,19.16,2494.0,157.7,5,Toyota,Camry 2.5 Hybrid,35200
Audi Q5 3.0 TDI Quattro,Coimbatore,2018,32496,Diesel,Automatic,First,13.22,2967.0,241.4,5,Audi,Q5 3.0 TDI Quattro,50182
Maruti Swift VDI,Kochi,2017,34613,Diesel,Manual,First,28.4,1248.0,74.0,5,Maruti,Swift VDI,6864
Maruti Ertiga VDI Limited Edition,Chennai,2015,153000,Diesel,Manual,First,20.77,1248.0,88.76,7,Maruti,Ertiga VDI Limited Edition,5280
Maruti Swift VXi BSIV,Chennai,2014,54000,Petrol,Manual,Second,16.1,1197.0,85.0,5,Maruti,Swift VXi BSIV,4950
Hyundai i10 Sportz,Kochi,2015,16900,Petrol,Manual,First,20.36,1197.0,78.9,5,Hyundai,i10 Sportz,4257
Hyundai i10 Sportz,Delhi,2013,62334,Petrol,Manual,First,20.36,1197.0,78.9,5,Hyundai,i10 Sportz,3025
Maruti Baleno Sigma 1.2,Kochi,2018,23714,Petrol,Manual,First,21.4,1197.0,83.1,5,Maruti,Baleno Sigma 1.2,7227
Hyundai Accent Executive,Jaipur,2010,52325,Petrol,Manual,First,16.36,1495.0,93.7,5,Hyundai,Accent Executive,2200
Honda Brio S MT,Ahmedabad,2012,50000,Petrol,Manual,First,19.4,1198.0,86.8,5,Honda,Brio S MT,4015
Maruti Swift ZDi,Hyderabad,2016,55746,Diesel,Manual,First,22.9,1248.0,74.0,5,Maruti,Swift ZDi,7645
Hyundai Xcent 1.2 VTVT S,Bangalore,2014,54000,Petrol,Manual,First,20.14,1197.0,81.86,5,Hyundai,Xcent 1.2 VTVT S,6050
Mahindra XUV500 W8 2WD,Kolkata,2013,43000,Diesel,Manual,First,16.0,2179.0,140.0,7,Mahindra,XUV500 W8 2WD,7700
Mercedes-Benz E-Class E250 CDI Avantgrade,Delhi,2014,40000,Diesel,Automatic,First,13.0,2143.0,201.1,5,Mercedes-Benz,E-Class E250 CDI Avantgrade,26400
Land Rover Freelander 2 TD4 S,Bangalore,2010,125000,Diesel,Automatic,Second,0.0,2179.0,115.0,5,Land,Rover Freelander 2 TD4 S,12100
Mercedes-Benz New C-Class C 220 CDI Avantgarde,Bangalore,2016,51944,Diesel,Automatic,First,19.27,2143.0,170.0,5,Mercedes-Benz,New C-Class C 220 CDI Avantgarde,35750
Hyundai i20 Asta 1.4 CRDi,Kochi,2015,46950,Diesel,Manual,First,21.27,1396.0,88.76,5,Hyundai,i20 Asta 1.4 CRDi,7095
Skoda Octavia Elegance 2.0 TDI AT,Mumbai,2015,23000,Diesel,Automatic,First,19.3,1968.0,141.0,5,Skoda,Octavia Elegance 2.0 TDI AT,17325
Honda City 1.5 S MT,Mumbai,2014,54546,Petrol,Manual,First,17.0,1497.0,118.0,5,Honda,City 1.5 S MT,6050
Toyota Fortuner 4x2 AT,Kochi,2015,51535,Diesel,Automatic,First,12.55,2982.0,168.5,7,Toyota,Fortuner 4x2 AT,20933
Audi Q3 2.0 TDI Quattro,Kolkata,2013,45000,Diesel,Automatic,First,17.32,1968.0,184.0,5,Audi,Q3 2.0 TDI Quattro,16775
Maruti Alto K10 2010-2014 VXI,Hyderabad,2012,46004,Petrol,Manual,First,20.92,998.0,67.1,5,Maruti,Alto K10 2010-2014 VXI,2640
Tata Indigo eCS LX BSIV,Chennai,2011,124000,Diesel,Manual,First,23.03,1396.0,69.0,5,Tata,Indigo eCS LX BSIV,2530
Audi A4 2.0 TDI 177 Bhp Premium Plus,Kochi,2014,77395,Diesel,Automatic,First,17.11,1968.0,174.33,5,Audi,A4 2.0 TDI 177 Bhp Premium Plus,15785
Honda City i-VTEC CVT VX,Kochi,2018,22974,Petrol,Automatic,First,18.0,1497.0,117.3,5,Honda,City i-VTEC CVT VX,13167
Toyota Fortuner 2.8 2WD MT,Ahmedabad,2015,65012,Diesel,Manual,First,14.24,2755.0,174.5,7,Toyota,Fortuner 2.8 2WD MT,20790
Hyundai Grand i10 Sportz,Ahmedabad,2017,17125,Petrol,Manual,First,18.9,1197.0,82.0,5,Hyundai,Grand i10 Sportz,5940
Maruti Eeco 7 Seater Standard,Hyderabad,2015,90413,Petrol,Manual,First,15.1,1196.0,73.0,7,Maruti,Eeco 7 Seater Standard,3245
Volkswagen Polo Petrol Highline 1.2L,Bangalore,2013,37000,Petrol,Manual,First,16.47,1198.0,73.9,5,Volkswagen,Polo Petrol Highline 1.2L,5610
Maruti Wagon R LXI Minor,Jaipur,2006,65000,Petrol,Manual,First,18.9,1061.0,67.0,5,Maruti,Wagon R LXI Minor,1650
Honda City 1.5 V MT,Bangalore,2011,66000,Petrol,Manual,First,17.0,1497.0,118.0,5,Honda,City 1.5 V MT,5390
Honda Civic 2010-2013 1.8 S MT,Mumbai,2010,86000,Petrol,Manual,First,14.8,1799.0,130.2,5,Honda,Civic 2010-2013 1.8 S MT,3190
Honda City 1.5 EXI,Pune,2005,98437,Petrol,Manual,First,13.0,1493.0,100.0,5,Honda,City 1.5 EXI,1265
Hyundai i20 1.2 Magna,Kolkata,2010,18000,Petrol,Manual,First,18.5,1197.0,80.0,5,Hyundai,i20 1.2 Magna,2530
Hyundai Grand i10 CRDi Sportz Celebration Edition,Kochi,2018,35070,Diesel,Manual,First,24.0,1120.0,70.0,5,Hyundai,Grand i10 CRDi Sportz Celebration Edition,6589
Volkswagen Vento Petrol Highline AT,Pune,2011,42000,Petrol,Automatic,Third,14.4,1598.0,103.6,5,Volkswagen,Vento Petrol Highline AT,3740
Hyundai i10 Sportz 1.2,Kolkata,2009,40000,Petrol,Manual,First,20.36,1197.0,78.9,5,Hyundai,i10 Sportz 1.2,1870
Hyundai i20 Asta,Kolkata,2009,43000,Petrol,Manual,First,17.0,1197.0,80.0,5,Hyundai,i20 Asta,2189
Chevrolet Beat LS,Pune,2012,65000,Petrol,Manual,First,18.6,1199.0,79.4,5,Chevrolet,Beat LS,2750
Volkswagen Polo Diesel Highline 1.2L,Hyderabad,2013,74000,Diesel,Manual,First,22.07,1199.0,73.9,5,Volkswagen,Polo Diesel Highline 1.2L,5335
Ford Figo Petrol LXI,Hyderabad,2010,51192,Petrol,Manual,First,15.6,1196.0,70.0,5,Ford,Figo Petrol LXI,2915
Audi TT 2.0 TFSI,Kochi,2014,14262,Petrol,Automatic,First,9.9,1984.0,207.8,2,Audi,TT 2.0 TFSI,30085
Honda City i DTEC VX,Jaipur,2015,66339,Diesel,Manual,Second,25.1,1498.0,98.6,5,Honda,City i DTEC VX,7590
Ford Figo Diesel Titanium,Hyderabad,2013,90200,Diesel,Manual,First,20.0,1399.0,68.05,5,Ford,Figo Diesel Titanium,3850
Toyota Innova 2.5 ZX Diesel 7 Seater,Delhi,2015,57854,Diesel,Manual,First,12.99,2494.0,100.6,7,Toyota,Innova 2.5 ZX Diesel 7 Seater,13750
Maruti Ciaz 1.4 AT Alpha,Delhi,2017,32000,Petrol,Automatic,First,19.12,1373.0,91.1,5,Maruti,Ciaz 1.4 AT Alpha,10120
Hyundai Grand i10 AT Asta,Mumbai,2015,29631,Petrol,Automatic,First,18.9,1197.0,82.0,5,Hyundai,Grand i10 AT Asta,5390
Ford EcoSport 1.0 Ecoboost Titanium Plus BE,Kochi,2014,54173,Petrol,Manual,First,18.88,999.0,123.24,5,Ford,EcoSport 1.0 Ecoboost Titanium Plus BE,6105
Skoda Octavia Ambition 1.8 TSI AT,Ahmedabad,2014,50000,Petrol,Automatic,First,14.7,1798.0,177.6,5,Skoda,Octavia Ambition 1.8 TSI AT,14850
Fiat Linea Emotion (Diesel),Kolkata,2010,145000,Diesel,Manual,First,20.4,1248.0,91.7,5,Fiat,Linea Emotion (Diesel),2860
Maruti Swift Lxi BSIII,Jaipur,2015,78000,Petrol,Manual,First,16.1,1298.0,88.2,5,Maruti,Swift Lxi BSIII,4950
Land Rover Discovery 4 TDV6 SE,Delhi,2013,65000,Diesel,Automatic,Second,11.8,2993.0,180.0,7,Land,Rover Discovery 4 TDV6 SE,37400
Toyota Innova 2.5 V Diesel 7-seater,Hyderabad,2012,120000,Diesel,Manual,First,12.8,2494.0,102.0,7,Toyota,Innova 2.5 V Diesel 7-seater,13200
Maruti Swift LDI,Mumbai,2015,14000,Diesel,Manual,First,28.4,1248.0,74.0,5,Maruti,Swift LDI,5775
Audi A6 2011-2015 2.0 TDI Premium Plus,Kochi,2014,57456,Diesel,Automatic,First,17.68,1968.0,174.33,5,Audi,A6 2011-2015 2.0 TDI Premium Plus,23716
BMW 5 Series 520d Luxury Line,Coimbatore,2012,44450,Diesel,Automatic,First,22.48,1995.0,190.0,5,BMW,5 Series 520d Luxury Line,27148
Hyundai i20 Magna Optional 1.2,Delhi,2013,63777,Petrol,Manual,First,18.5,1197.0,82.9,5,Hyundai,i20 Magna Optional 1.2,4037
BMW X1 M Sport sDrive 20d,Mumbai,2016,31000,Diesel,Automatic,First,17.05,1995.0,190.0,5,BMW,X1 M Sport sDrive 20d,32450
Toyota Etios G,Delhi,2012,60000,Petrol,Manual,First,17.6,1496.0,88.73,5,Toyota,Etios G,3410
Tata Indigo LX,Ahmedabad,2015,78008,Diesel,Manual,First,17.0,1405.0,70.0,5,Tata,Indigo LX,3190
Mercedes-Benz M-Class ML 350 4Matic,Bangalore,2014,33000,Diesel,Automatic,Second,0.0,2987.0,165.0,5,Mercedes-Benz,M-Class ML 350 4Matic,47300
Volkswagen Beetle 2.0,Mumbai,2009,27078,Petrol,Automatic,First,10.98,1984.0,114.4,4,Volkswagen,Beetle 2.0,17545
Volkswagen Polo GT TDI,Hyderabad,2011,57275,Diesel,Manual,First,19.7,1598.0,103.6,5,Volkswagen,Polo GT TDI,4950
Hyundai Grand i10 CRDi Magna,Delhi,2014,45000,Diesel,Manual,First,24.0,1120.0,70.0,5,Hyundai,Grand i10 CRDi Magna,3839
Maruti Swift VDI BSIV,Delhi,2014,57319,Diesel,Manual,First,25.2,1248.0,74.0,5,Maruti,Swift VDI BSIV,4675
Hyundai Verna CRDi 1.4 E,Chennai,2008,121097,Diesel,Manual,Second,24.0,1396.0,88.76,5,Hyundai,Verna CRDi 1.4 E,2090
BMW 5 Series 2003-2012 525d,Mumbai,2011,89000,Diesel,Automatic,First,16.73,1995.0,218.0,5,BMW,5 Series 2003-2012 525d,18227
Honda City 1.5 S MT,Bangalore,2012,72000,Petrol,Manual,First,17.0,1497.0,118.0,5,Honda,City 1.5 S MT,6325
Audi A4 2.0 TDI,Delhi,2013,36000,Diesel,Automatic,Second,16.55,1968.0,147.51,5,Audi,A4 2.0 TDI,15400
Fiat Linea Classic Plus 1.3 Multijet,Jaipur,2013,86000,Diesel,Manual,Second,19.5,1248.0,75.0,5,Fiat,Linea Classic Plus 1.3 Multijet,2750
Honda City 1.3 EXI,Ahmedabad,2002,85000,Petrol,Manual,First,13.0,1343.0,90.0,5,Honda,City 1.3 EXI,1320
BMW 3 Series 320d Luxury Line,Kochi,2013,37613,Diesel,Automatic,First,22.69,1995.0,190.0,5,BMW,3 Series 320d Luxury Line,15345
Ford Fiesta 1.4 Duratec EXI,Chennai,2007,100000,Petrol,Manual,First,16.6,1388.0,68.0,5,Ford,Fiesta 1.4 Duratec EXI,1760
Maruti Eeco 5 STR With AC Plus HTR CNG,Mumbai,2018,20000,CNG,Manual,First,10.785714285714286,1196.0,73.0,5,Maruti,Eeco 5 STR With AC Plus HTR CNG,4950
Maruti Ignis 1.2 Delta,Coimbatore,2019,16862,Petrol,Manual,First,20.89,1197.0,81.8,5,Maruti,Ignis 1.2 Delta,6666
Maruti Swift Dzire ZXi,Coimbatore,2013,59254,Petrol,Manual,Second,17.5,1298.0,85.8,5,Maruti,Swift Dzire ZXi,5819
Ford Ecosport 1.5 DV5 MT Titanium,Jaipur,2014,60000,Diesel,Manual,First,22.7,1498.0,89.84,5,Ford,Ecosport 1.5 DV5 MT Titanium,6325
Maruti Swift Dzire VXI,Coimbatore,2014,47674,Petrol,Manual,First,19.1,1197.0,85.8,5,Maruti,Swift Dzire VXI,6292
Hyundai i10 Sportz AT,Kochi,2014,61517,Petrol,Automatic,First,16.95,1197.0,78.9,5,Hyundai,i10 Sportz AT,4829
Mahindra XUV500 W6 2WD,Coimbatore,2016,62946,Diesel,Manual,First,15.1,2179.0,140.0,7,Mahindra,XUV500 W6 2WD,12155
Hyundai i20 Magna 1.4 CRDi,Delhi,2015,66823,Diesel,Manual,Second,22.54,1396.0,88.73,5,Hyundai,i20 Magna 1.4 CRDi,5313
Maruti Wagon R CNG LXI,Pune,2013,79494,CNG,Manual,First,23.95714285714286,998.0,67.04,5,Maruti,Wagon R CNG LXI,3256
Hyundai i20 Asta 1.4 CRDi,Chennai,2012,107000,Diesel,Manual,Second,21.27,1396.0,88.76,5,Hyundai,i20 Asta 1.4 CRDi,4950
BMW 7 Series 730Ld,Mumbai,2011,55000,Diesel,Automatic,Second,16.46,2993.0,258.0,5,BMW,7 Series 730Ld,21450
Skoda Rapid 1.6 MPI AT Style Plus,Mumbai,2017,24000,Petrol,Automatic,First,14.3,1598.0,103.52,5,Skoda,Rapid 1.6 MPI AT Style Plus,9625
Honda City i VTEC VX,Kochi,2016,54317,Petrol,Manual,First,17.4,1497.0,117.3,5,Honda,City i VTEC VX,9240
Hyundai Xcent 1.2 Kappa SX,Mumbai,2016,10200,Petrol,Manual,First,19.1,1197.0,82.0,5,Hyundai,Xcent 1.2 Kappa SX,5489
Honda City i DTec E,Coimbatore,2016,24337,Diesel,Manual,First,26.0,1498.0,98.6,5,Honda,City i DTec E,8998
Honda Brio S Option MT,Pune,2012,79000,Petrol,Manual,First,18.4,1198.0,86.8,5,Honda,Brio S Option MT,3190
Maruti Ciaz ZDi Plus SHVS,Jaipur,2015,40500,Diesel,Manual,First,28.09,1248.0,88.5,5,Maruti,Ciaz ZDi Plus SHVS,7810
Maruti Swift Dzire VDI Optional,Pune,2016,23000,Diesel,Manual,First,26.59,1248.0,74.0,5,Maruti,Swift Dzire VDI Optional,7755
Honda CR-V 2.4L 4WD AT,Pune,2015,63050,Petrol,Automatic,First,11.1,2354.0,158.8,5,Honda,CR-V 2.4L 4WD AT,19250
Toyota Corolla Altis 2008-2013 1.8 VL AT,Mumbai,2008,78000,Petrol,Automatic,Second,14.53,1794.0,138.1,5,Toyota,Corolla Altis 2008-2013 1.8 VL AT,3751
Honda City 1.5 V MT,Coimbatore,2012,66245,Petrol,Manual,First,17.0,1497.0,118.0,5,Honda,City 1.5 V MT,6248
Mahindra Scorpio LX BS IV,Bangalore,2007,74112,Diesel,Manual,First,12.05,2179.0,120.0,9,Mahindra,Scorpio LX BS IV,4510
Skoda Laura 1.8 TSI Ambiente,Delhi,2011,87670,Petrol,Manual,First,13.4,1798.0,157.8,5,Skoda,Laura 1.8 TSI Ambiente,4400
BMW 3 Series 320d Sport Line,Hyderabad,2015,10000,Diesel,Automatic,First,18.88,1995.0,184.0,5,BMW,3 Series 320d Sport Line,33000
Maruti SX4 Zxi BSIII,Chennai,2007,62493,Petrol,Manual,First,15.0,1586.0,104.68,5,Maruti,SX4 Zxi BSIII,1980
Maruti Ciaz VXi Plus,Kochi,2015,44620,Petrol,Manual,First,20.73,1373.0,91.1,5,Maruti,Ciaz VXi Plus,7623
Toyota Innova 2.5 G (Diesel) 7 Seater BS IV,Ahmedabad,2013,60000,Diesel,Manual,First,12.99,2494.0,100.0,7,Toyota,Innova 2.5 G (Diesel) 7 Seater BS IV,8690
Hyundai Santro Xing GL,Kochi,2011,20842,Petrol,Manual,First,0.0,1086.0,62.0,5,Hyundai,Santro Xing GL,3058
Hyundai Santa Fe 4WD AT,Chennai,2014,110000,Diesel,Automatic,First,13.01,2199.0,194.3,7,Hyundai,Santa Fe 4WD AT,15840
Mercedes-Benz New C-Class C250 Avantgarde,Mumbai,2011,45000,Petrol,Automatic,Second,11.74,1796.0,186.0,5,Mercedes-Benz,New C-Class C250 Avantgarde,14850
Maruti Wagon R LXI CNG,Mumbai,2014,40000,CNG,Manual,Second,19.000000000000004,998.0,58.16,5,Maruti,Wagon R LXI CNG,3465
Maruti Alto 800 2016-2019 LXI,Kolkata,2016,31000,Petrol,Manual,First,24.7,796.0,47.3,5,Maruti,Alto 800 2016-2019 LXI,2365
Nissan Sunny 2011-2014 XV,Pune,2013,8000,Petrol,Manual,First,16.95,1498.0,97.7,5,Nissan,Sunny 2011-2014 XV,4125
Hyundai Grand i10 1.2 Kappa Sportz AT,Coimbatore,2018,20667,Petrol,Automatic,First,18.9,1197.0,81.86,5,Hyundai,Grand i10 1.2 Kappa Sportz AT,8305
Honda Mobilio S i DTEC,Kolkata,2015,50000,Diesel,Manual,First,24.2,1498.0,98.6,7,Honda,Mobilio S i DTEC,5170
Tata Manza Aqua Quadrajet,Jaipur,2010,100030,Diesel,Manual,Second,18.8,1248.0,90.0,5,Tata,Manza Aqua Quadrajet,1760
Chevrolet Optra Magnum 2.0 LT,Pune,2011,75372,Diesel,Manual,First,16.52,1991.0,123.7,5,Chevrolet,Optra Magnum 2.0 LT,3674
Honda City i VTEC CVT VX,Kochi,2016,60475,Petrol,Automatic,First,18.0,1497.0,117.3,5,Honda,City i VTEC CVT VX,10010
Hyundai Grand i10 1.2 Kappa Sportz,Kochi,2019,18453,Petrol,Manual,First,18.9,1197.0,81.86,5,Hyundai,Grand i10 1.2 Kappa Sportz,6787
Hyundai Verna CRDi 1.6 SX,Hyderabad,2008,96578,Diesel,Manual,First,22.0,1582.0,126.2,5,Hyundai,Verna CRDi 1.6 SX,2750
Nissan Micra XL,Kolkata,2016,31001,Petrol,Manual,First,18.44,1198.0,75.0,5,Nissan,Micra XL,3300
Hyundai Verna 1.6 SX,Jaipur,2012,65900,Diesel,Manual,First,22.32,1582.0,126.32,5,Hyundai,Verna 1.6 SX,6325
Hyundai Creta 1.6 VTVT E Plus,Bangalore,2017,26246,Petrol,Manual,First,15.29,1591.0,121.3,5,Hyundai,Creta 1.6 VTVT E Plus,11825
Maruti Wagon R VXI BS IV,Jaipur,2013,62700,Petrol,Manual,Second,20.51,998.0,67.04,5,Maruti,Wagon R VXI BS IV,3135
Honda Accord 2.4 Elegance A/T,Chennai,2008,90000,Petrol,Automatic,First,10.2,2354.0,180.0,5,Honda,Accord 2.4 Elegance A/T,7150
Honda City 1.5 S AT,Bangalore,2016,36000,Petrol,Automatic,First,16.8,1497.0,118.0,5,Honda,City 1.5 S AT,10395
Maruti Baleno Alpha 1.3,Delhi,2016,46000,Diesel,Manual,First,27.39,1248.0,74.0,5,Maruti,Baleno Alpha 1.3,7425
Honda City i DTec V,Coimbatore,2017,73003,Diesel,Manual,First,26.0,1498.0,98.6,5,Honda,City i DTec V,8525
Hyundai i20 Era 1.4 CRDi,Kochi,2014,46566,Diesel,Manual,First,22.54,1396.0,88.76,5,Hyundai,i20 Era 1.4 CRDi,4840
Mercedes-Benz E-Class 2015-2017 E350 Edition E,Jaipur,2015,41493,Diesel,Automatic,First,13.0,2987.0,265.0,5,Mercedes-Benz,E-Class 2015-2017 E350 Edition E,46200
Nissan Terrano XV 110 PS,Kochi,2014,103788,Diesel,Manual,First,19.01,1461.0,108.5,5,Nissan,Terrano XV 110 PS,6237
Renault Duster 110PS Diesel RxZ AMT,Bangalore,2016,45000,Diesel,Automatic,First,19.6,1461.0,108.45,5,Renault,Duster 110PS Diesel RxZ AMT,12650
Maruti Wagon R LXI Minor,Pune,2009,120000,Petrol,Manual,First,18.9,998.0,67.1,5,Maruti,Wagon R LXI Minor,1859
Hyundai Getz 1.5 CRDi GVS,Jaipur,2009,97359,Diesel,Manual,Second,17.1,1493.0,110.0,5,Hyundai,Getz 1.5 CRDi GVS,1980
Maruti Ritz LXi,Mumbai,2016,62000,Petrol,Manual,First,18.5,1197.0,85.8,5,Maruti,Ritz LXi,3520
Honda City 1.5 GXI,Pune,2004,115000,Petrol,Manual,Second,0.0,1493.0,100.0,0,Honda,City 1.5 GXI,1650
BMW 5 Series 520d Sport Line,Kochi,2019,18373,Diesel,Automatic,First,22.48,1995.0,187.74,5,BMW,5 Series 520d Sport Line,50446
Volkswagen Polo 1.2 MPI Highline,Hyderabad,2016,60453,Petrol,Manual,First,16.47,1198.0,74.0,5,Volkswagen,Polo 1.2 MPI Highline,5610
Maruti Swift VDI BSIV,Pune,2013,37000,Diesel,Manual,First,17.8,1248.0,74.0,5,Maruti,Swift VDI BSIV,5335
Ford Figo Petrol ZXI,Mumbai,2010,69009,Petrol,Manual,Second,15.6,1196.0,70.0,5,Ford,Figo Petrol ZXI,2640
BMW 3 Series 320d Luxury Line,Hyderabad,2013,30000,Diesel,Automatic,First,18.88,1995.0,184.0,5,BMW,3 Series 320d Luxury Line,24200
Hyundai Verna 1.6 SX CRDi (O),Delhi,2012,70707,Diesel,Manual,First,22.32,1582.0,126.32,5,Hyundai,Verna 1.6 SX CRDi (O),4708
Renault Duster 85PS Diesel RxL,Coimbatore,2015,64677,Diesel,Manual,First,20.45,1461.0,83.8,5,Renault,Duster 85PS Diesel RxL,6237
BMW X1 sDrive20d,Bangalore,2013,49000,Diesel,Automatic,Second,17.05,1995.0,184.0,5,BMW,X1 sDrive20d,15939
Maruti Ritz VDi,Pune,2010,71000,Diesel,Manual,First,21.1,1248.0,73.9,5,Maruti,Ritz VDi,3300
Hyundai i10 Era 1.1 iTech SE,Jaipur,2010,52000,Petrol,Manual,Second,19.81,1086.0,68.05,5,Hyundai,i10 Era 1.1 iTech SE,2475
BMW X5 2014-2019 xDrive 30d Design Pure Experience 7 Seater,Kochi,2016,35659,Diesel,Automatic,First,15.97,2993.0,258.0,7,BMW,X5 2014-2019 xDrive 30d Design Pure Experience 7 Seater,48158
Honda City V MT Exclusive,Kochi,2019,5377,Petrol,Manual,First,16.8,1497.0,116.3,5,Honda,City V MT Exclusive,12595
Mahindra Ssangyong Rexton RX7,Delhi,2014,65000,Diesel,Automatic,First,11.18,2696.0,184.0,7,Mahindra,Ssangyong Rexton RX7,11550
Ford Ecosport 1.5 DV5 MT Titanium Optional,Coimbatore,2015,92708,Diesel,Manual,First,22.7,1498.0,89.84,5,Ford,Ecosport 1.5 DV5 MT Titanium Optional,8228
Volkswagen Polo 1.2 MPI Highline,Mumbai,2011,46759,Petrol,Manual,First,16.47,1198.0,74.0,5,Volkswagen,Polo 1.2 MPI Highline,2805
Volkswagen Polo Diesel Comfortline 1.2L,Jaipur,2013,62000,Diesel,Manual,First,22.07,1199.0,73.9,5,Volkswagen,Polo Diesel Comfortline 1.2L,3850
Volkswagen Polo Diesel Highline 1.2L,Kolkata,2012,35175,Diesel,Manual,First,22.07,1199.0,73.9,5,Volkswagen,Polo Diesel Highline 1.2L,2849
Maruti Ertiga ZDI,Kolkata,2013,70000,Diesel,Manual,First,20.77,1248.0,88.8,7,Maruti,Ertiga ZDI,5995
Ford EcoSport 1.5 TDCi Ambiente,Kolkata,2017,30000,Diesel,Manual,First,22.77,1498.0,98.59,5,Ford,EcoSport 1.5 TDCi Ambiente,6600
Toyota Innova Crysta 2.8 ZX AT,Kolkata,2016,66618,Diesel,Automatic,First,11.36,2755.0,171.5,7,Toyota,Innova Crysta 2.8 ZX AT,17039
BMW 5 Series 523i Sedan,Mumbai,2010,69300,Petrol,Automatic,Second,10.8,2497.0,150.0,5,BMW,5 Series 523i Sedan,13750
Maruti Swift Dzire Tour LDI,Kolkata,2017,148000,Diesel,Manual,First,23.4,1248.0,74.0,5,Maruti,Swift Dzire Tour LDI,5225
Ford Ecosport 1.0 Ecoboost Platinum Edition,Mumbai,2017,22000,Petrol,Manual,First,18.88,999.0,123.24,5,Ford,Ecosport 1.0 Ecoboost Platinum Edition,8635
Hyundai Verna CRDi SX,Ahmedabad,2013,75000,Diesel,Manual,First,16.8,1493.0,110.0,5,Hyundai,Verna CRDi SX,6600
Tata Zest Revotron 1.2T XM,Mumbai,2016,43706,Petrol,Manual,First,17.57,1193.0,88.7,5,Tata,Zest Revotron 1.2T XM,4400
Audi A7 2011-2015 3.0 TDI Quattro,Mumbai,2011,42000,Diesel,Automatic,First,14.4,2967.0,241.4,5,Audi,A7 2011-2015 3.0 TDI Quattro,31625
Tata Indica Vista Quadrajet VX,Pune,2012,65000,Diesel,Manual,First,22.3,1248.0,74.0,5,Tata,Indica Vista Quadrajet VX,2750
Maruti Swift Dzire VDI,Delhi,2015,76128,Diesel,Manual,First,26.59,1248.0,74.0,5,Maruti,Swift Dzire VDI,6050
Fiat Linea Emotion,Kolkata,2010,39852,Petrol,Manual,First,16.0,1368.0,90.0,5,Fiat,Linea Emotion,1749
Hyundai i20 1.2 Spotz,Mumbai,2017,18673,Petrol,Manual,First,18.6,1197.0,81.83,5,Hyundai,i20 1.2 Spotz,6842
Hyundai EON Era Plus,Kolkata,2016,11583,Petrol,Manual,First,21.1,814.0,55.2,5,Hyundai,EON Era Plus,3025
Mercedes-Benz GLA Class 200 CDI SPORT,Pune,2017,50000,Diesel,Automatic,First,17.9,2143.0,136.0,5,Mercedes-Benz,GLA Class 200 CDI SPORT,27500
Maruti Celerio VXI,Delhi,2014,77000,Petrol,Manual,First,23.1,998.0,67.04,5,Maruti,Celerio VXI,3080
Chevrolet Beat LT,Mumbai,2014,54890,Petrol,Manual,Second,17.8,1199.0,76.8,5,Chevrolet,Beat LT,2695
Honda Jazz 1.2 V AT i VTEC Privilege,Pune,2016,21000,Petrol,Automatic,First,19.0,1199.0,88.7,5,Honda,Jazz 1.2 V AT i VTEC Privilege,6985
BMW 3 Series 320d Highline,Mumbai,2009,58557,Diesel,Automatic,Third,16.07,1995.0,181.0,5,BMW,3 Series 320d Highline,8800
Renault Duster 110PS Diesel RxL,Bangalore,2014,70000,Diesel,Manual,First,19.01,1461.0,108.45,5,Renault,Duster 110PS Diesel RxL,9075
Ford Figo 2015-2019 1.5P Titanium AT,Mumbai,2017,16000,Petrol,Automatic,First,17.01,1499.0,110.4,5,Ford,Figo 2015-2019 1.5P Titanium AT,6545
Toyota Innova Crysta 2.4 VX MT,Kochi,2018,8899,Diesel,Manual,First,13.68,2393.0,147.8,7,Toyota,Innova Crysta 2.4 VX MT,21912
Chevrolet Beat Diesel LS,Kochi,2016,83629,Diesel,Manual,First,25.44,936.0,56.3,5,Chevrolet,Beat Diesel LS,3465
Volkswagen Polo GTI,Chennai,2014,35059,Petrol,Automatic,First,17.21,1798.0,189.0,4,Volkswagen,Polo GTI,6325
Ford Endeavour 3.2 Trend AT 4X4,Kochi,2018,30552,Diesel,Automatic,First,10.91,3198.0,197.2,7,Ford,Endeavour 3.2 Trend AT 4X4,35684
Hyundai Verna 1.6 SX CRDI (O) AT,Kochi,2016,44875,Diesel,Automatic,Second,22.32,1582.0,126.32,5,Hyundai,Verna 1.6 SX CRDI (O) AT,8811
Ford Figo 2015-2019 1.2P Titanium Opt MT,Coimbatore,2017,25095,Petrol,Manual,First,18.16,1196.0,86.8,5,Ford,Figo 2015-2019 1.2P Titanium Opt MT,7128
Honda City i DTEC V,Kolkata,2014,36000,Diesel,Manual,First,26.0,1498.0,98.6,5,Honda,City i DTEC V,5500
Mahindra XUV500 W8 2WD,Mumbai,2012,37000,Diesel,Manual,First,16.0,2179.0,140.0,7,Mahindra,XUV500 W8 2WD,8525
Ford Figo Diesel ZXI,Chennai,2010,90000,Diesel,Manual,First,20.0,1399.0,68.0,5,Ford,Figo Diesel ZXI,2860
Ford EcoSport 1.5 Petrol Titanium,Pune,2018,17000,Petrol,Manual,First,17.0,1497.0,121.36,5,Ford,EcoSport 1.5 Petrol Titanium,10120
Hyundai i20 Asta 1.2,Mumbai,2015,42575,Petrol,Manual,First,18.6,1197.0,81.83,5,Hyundai,i20 Asta 1.2,5555
Toyota Innova 2.5 G (Diesel) 7 Seater BS IV,Hyderabad,2012,131000,Diesel,Manual,First,12.99,2494.0,100.0,7,Toyota,Innova 2.5 G (Diesel) 7 Seater BS IV,10560
Renault Duster 85PS Diesel RxL Optional,Mumbai,2013,74000,Diesel,Manual,First,20.46,1461.0,83.8,5,Renault,Duster 85PS Diesel RxL Optional,6050
Toyota Innova 2.5 VX (Diesel) 8 Seater,Mumbai,2013,47234,Diesel,Manual,First,12.99,2494.0,100.6,8,Toyota,Innova 2.5 VX (Diesel) 8 Seater,10285
Maruti Alto K10 VXI,Hyderabad,2016,10000,Petrol,Manual,First,24.07,998.0,67.1,5,Maruti,Alto K10 VXI,3850
Nissan Micra Active XL Petrol,Kochi,2016,49389,Petrol,Manual,First,19.49,1198.0,67.04,5,Nissan,Micra Active XL Petrol,4686
Maruti Celerio VXI AT,Chennai,2016,12000,Petrol,Automatic,Second,23.1,998.0,67.04,5,Maruti,Celerio VXI AT,4675
Mercedes-Benz New C-Class 200 Kompressor,Hyderabad,2010,65000,Petrol,Manual,Second,11.7,1796.0,178.0,5,Mercedes-Benz,New C-Class 200 Kompressor,12925
Hyundai Verna 1.6 VTVT S,Jaipur,2015,89000,Petrol,Manual,First,17.01,1591.0,121.3,5,Hyundai,Verna 1.6 VTVT S,8250
Hyundai i20 1.4 Asta (AT),Chennai,2009,72000,Petrol,Automatic,Third,15.0,1396.0,100.0,5,Hyundai,i20 1.4 Asta (AT),3575
Maruti Swift Dzire VXi,Chennai,2012,49000,Petrol,Manual,First,17.5,1298.0,85.8,5,Maruti,Swift Dzire VXi,5390
Mercedes-Benz New C-Class C 220CDIBE Avantgarde Command,Hyderabad,2014,51355,Diesel,Automatic,First,14.84,2143.0,170.0,5,Mercedes-Benz,New C-Class C 220CDIBE Avantgarde Command,29700
Hyundai Elite i20 Petrol Asta,Kochi,2017,13460,Petrol,Manual,First,18.6,1197.0,81.86,5,Hyundai,Elite i20 Petrol Asta,9801
Hyundai Verna 1.6 VTVT EX AT,Kochi,2014,35642,Petrol,Automatic,First,17.01,1591.0,121.4,5,Hyundai,Verna 1.6 VTVT EX AT,7359
Chevrolet Cruze LTZ,Kochi,2014,52895,Diesel,Manual,First,17.3,1998.0,163.7,5,Chevrolet,Cruze LTZ,6621
Toyota Corolla Altis 1.8 G,Mumbai,2010,93000,Petrol,Manual,First,14.28,1798.0,138.03,5,Toyota,Corolla Altis 1.8 G,4950
Maruti A-Star Vxi,Pune,2011,70000,Petrol,Manual,First,19.0,998.0,66.1,5,Maruti,A-Star Vxi,2200
Nissan Micra Diesel XV Premium,Kolkata,2012,32048,Diesel,Manual,First,23.08,1461.0,63.1,5,Nissan,Micra Diesel XV Premium,2640
Maruti Swift Dzire Tour LDI,Delhi,2014,71800,Diesel,Manual,First,23.4,1248.0,74.0,5,Maruti,Swift Dzire Tour LDI,3190
Audi Q3 2.0 TDI Quattro,Ahmedabad,2016,45000,Diesel,Automatic,First,17.32,1968.0,184.0,5,Audi,Q3 2.0 TDI Quattro,29700
Honda Amaze VX i-DTEC,Chennai,2016,15388,Diesel,Manual,First,25.8,1498.0,98.6,5,Honda,Amaze VX i-DTEC,8250
Chevrolet Optra 1.6 LS,Mumbai,2004,98798,Petrol,Manual,First,14.7,1599.0,104.0,5,Chevrolet,Optra 1.6 LS,1650
Audi Q5 2.0 TDI Premium Plus,Hyderabad,2016,43000,Diesel,Automatic,First,14.16,1968.0,174.3,5,Audi,Q5 2.0 TDI Premium Plus,43450
Maruti Ritz VDi,Hyderabad,2012,85112,Diesel,Manual,First,23.2,1248.0,73.94,5,Maruti,Ritz VDi,3729
Mahindra Scorpio S6 7 Seater,Kochi,2018,37804,Diesel,Manual,First,15.4,2179.0,120.0,7,Mahindra,Scorpio S6 7 Seater,13640
Maruti Ciaz ZDi SHVS,Chennai,2014,45000,Diesel,Manual,First,28.09,1248.0,88.5,5,Maruti,Ciaz ZDi SHVS,7535
Toyota Corolla Altis Aero D 4D J,Pune,2011,116000,Diesel,Manual,Second,21.43,1364.0,138.0,5,Toyota,Corolla Altis Aero D 4D J,6325
Tata Indica V2 eLS,Chennai,2015,100073,Diesel,Manual,Second,25.0,1396.0,69.0,5,Tata,Indica V2 eLS,2200
Volkswagen Polo 1.2 MPI Highline,Kolkata,2015,22000,Petrol,Manual,First,16.47,1198.0,74.0,5,Volkswagen,Polo 1.2 MPI Highline,4180
Hyundai Elantra 2.0 SX Option AT,Delhi,2017,9500,Petrol,Automatic,First,14.62,1999.0,149.92,5,Hyundai,Elantra 2.0 SX Option AT,17985
Toyota Fortuner 4x2 4 Speed AT,Hyderabad,2012,152000,Diesel,Automatic,First,11.5,2982.0,169.0,7,Toyota,Fortuner 4x2 4 Speed AT,18150
Maruti Baleno Zeta 1.2,Coimbatore,2019,17705,Petrol,Manual,First,21.4,1197.0,83.1,5,Maruti,Baleno Zeta 1.2,9570
Maruti Baleno Zeta 1.2,Mumbai,2016,12000,Petrol,Manual,First,21.4,1197.0,83.1,5,Maruti,Baleno Zeta 1.2,6710
Mini Cooper Countryman D,Hyderabad,2013,51000,Diesel,Automatic,First,23.8,1998.0,112.0,5,Mini,Cooper Countryman D,24134
Mercedes-Benz S Class 2005 2013 320 CDI,Chennai,2009,42000,Diesel,Automatic,Second,13.0,2987.0,210.0,5,Mercedes-Benz,S Class 2005 2013 320 CDI,24200
Maruti Alto K10 LXI,Delhi,2015,51000,Petrol,Manual,First,20.92,998.0,67.1,5,Maruti,Alto K10 LXI,2915
Maruti Swift VXI Optional,Kochi,2017,42527,Petrol,Manual,First,20.4,1197.0,81.8,5,Maruti,Swift VXI Optional,5796
Chevrolet Sail LT ABS,Kolkata,2014,45000,Diesel,Manual,First,22.1,1248.0,74.0,5,Chevrolet,Sail LT ABS,2728
Toyota Innova 2.5 G (Diesel) 8 Seater BS IV,Kolkata,2011,70000,Diesel,Manual,First,12.8,2494.0,102.0,8,Toyota,Innova 2.5 G (Diesel) 8 Seater BS IV,6600
Toyota Fortuner 3.0 Diesel,Mumbai,2009,92000,Diesel,Manual,First,11.5,2982.0,171.0,7,Toyota,Fortuner 3.0 Diesel,9790
BMW 3 Series 320d Sport Line,Hyderabad,2012,57156,Diesel,Automatic,Second,18.88,1995.0,184.0,5,BMW,3 Series 320d Sport Line,19800
Skoda Octavia Ambition 1.4 TSI MT,Coimbatore,2016,53211,Petrol,Manual,First,16.8,1395.0,138.02,5,Skoda,Octavia Ambition 1.4 TSI MT,12804
Toyota Fortuner 3.0 Diesel,Kolkata,2019,80000,Diesel,Manual,First,11.5,2982.0,171.0,7,Toyota,Fortuner 3.0 Diesel,9889
Volkswagen Jetta 2007-2011 1.9 Highline TDI,Bangalore,2009,74000,Diesel,Automatic,First,15.5,1896.0,105.0,5,Volkswagen,Jetta 2007-2011 1.9 Highline TDI,5775
Hyundai i20 1.4 CRDi Asta,Kolkata,2011,37000,Diesel,Manual,First,23.0,1396.0,90.0,5,Hyundai,i20 1.4 CRDi Asta,3245
Tata Manza Club Class Quadrajet90 LX,Mumbai,2013,64000,Diesel,Manual,Second,21.02,1248.0,88.76,5,Tata,Manza Club Class Quadrajet90 LX,2915
Volkswagen Vento Petrol Highline,Pune,2013,57197,Petrol,Manual,First,15.04,1598.0,103.6,5,Volkswagen,Vento Petrol Highline,4400
Hyundai Creta 1.6 SX Automatic Diesel,Chennai,2016,55000,Diesel,Automatic,First,17.6,1582.0,126.2,5,Hyundai,Creta 1.6 SX Automatic Diesel,13750
Maruti Ritz VXI,Mumbai,2014,33000,Petrol,Manual,First,21.1,1197.0,85.8,5,Maruti,Ritz VXI,3575
Honda CR-V 2.0L 2WD MT,Delhi,2008,70000,Petrol,Manual,First,13.1,1997.0,141.1,5,Honda,CR-V 2.0L 2WD MT,4400
Mahindra XUV500 W8 2WD,Delhi,2012,75000,Diesel,Manual,Second,15.1,2179.0,140.0,7,Mahindra,XUV500 W8 2WD,6875
Volkswagen Ameo 1.5 TDI Comfortline,Jaipur,2016,58095,Diesel,Manual,First,21.66,1498.0,108.62,5,Volkswagen,Ameo 1.5 TDI Comfortline,6380
Tata Zest Revotron 1.2 XT,Kolkata,2015,7445,Petrol,Manual,First,17.57,1193.0,88.7,5,Tata,Zest Revotron 1.2 XT,5500
Toyota Corolla Altis 1.8 VL CVT,Kochi,2018,28321,Petrol,Automatic,First,14.28,1798.0,138.03,5,Toyota,Corolla Altis 1.8 VL CVT,19239
Maruti A-Star Vxi,Pune,2011,69000,Petrol,Manual,Second,19.0,998.0,66.1,5,Maruti,A-Star Vxi,2145
Honda Accord VTi-L (AT),Mumbai,2007,80000,Petrol,Automatic,First,11.1,2354.0,142.0,5,Honda,Accord VTi-L (AT),3300
Hyundai i20 Asta (o),Delhi,2014,42365,Petrol,Manual,First,17.0,1197.0,80.0,5,Hyundai,i20 Asta (o),6050
Toyota Fortuner 4x2 AT,Delhi,2013,123000,Diesel,Automatic,First,12.55,2982.0,168.5,7,Toyota,Fortuner 4x2 AT,18150
Mercedes-Benz New C-Class C 200 CGI Avantgarde,Mumbai,2011,40000,Petrol,Automatic,Second,11.74,1796.0,186.0,5,Mercedes-Benz,New C-Class C 200 CGI Avantgarde,15950
Maruti Baleno Alpha 1.3,Hyderabad,2016,30112,Diesel,Manual,First,27.39,1248.0,74.0,5,Maruti,Baleno Alpha 1.3,8569
Maruti Ertiga VDI,Kochi,2017,43775,Diesel,Manual,First,20.77,1248.0,88.76,7,Maruti,Ertiga VDI,9097
Chevrolet Optra Magnum 1.6 LT ABS BS3,Mumbai,2012,56000,Petrol,Manual,First,12.9,1598.0,102.5,5,Chevrolet,Optra Magnum 1.6 LT ABS BS3,2365
Honda Civic 2006-2010 1.8 V AT,Hyderabad,2008,95000,Petrol,Automatic,Second,12.9,1799.0,130.0,5,Honda,Civic 2006-2010 1.8 V AT,3300
BMW X3 xDrive20d,Coimbatore,2014,41089,Diesel,Automatic,First,16.09,1995.0,184.0,5,BMW,X3 xDrive20d,31669
Skoda Laura Ambition 2.0 TDI CR AT,Mumbai,2011,41988,Diesel,Automatic,First,20.0,1968.0,138.1,5,Skoda,Laura Ambition 2.0 TDI CR AT,5995
Maruti Swift Dzire VDI,Delhi,2013,72486,Diesel,Manual,First,23.4,1248.0,74.0,5,Maruti,Swift Dzire VDI,4345
Volvo V40 Cross Country D3,Pune,2013,92000,Diesel,Automatic,First,23.3,1984.0,150.0,5,Volvo,V40 Cross Country D3,17600
Maruti Swift Dzire ZXi,Delhi,2013,40000,Petrol,Manual,First,17.5,1298.0,85.8,5,Maruti,Swift Dzire ZXi,4675
Land Rover Range Rover 2.2L Pure,Bangalore,2014,56000,Diesel,Automatic,First,12.7,2179.0,187.7,5,Land,Rover Range Rover 2.2L Pure,37950
Honda Accord 2.4 AT,Mumbai,2008,125000,Petrol,Automatic,Third,11.7,2354.0,177.6,5,Honda,Accord 2.4 AT,2860
Toyota Innova 2.5 G (Diesel) 8 Seater,Kochi,2017,29219,Diesel,Manual,First,12.99,2494.0,100.6,8,Toyota,Innova 2.5 G (Diesel) 8 Seater,14828
Toyota Fortuner 4x4 MT,Hyderabad,2018,39927,Diesel,Manual,First,12.55,2982.0,168.5,7,Toyota,Fortuner 4x4 MT,35310
Honda Jazz 1.2 E i VTEC,Kochi,2018,38593,Petrol,Manual,First,18.7,1199.0,88.7,5,Honda,Jazz 1.2 E i VTEC,6787
Honda City 1.5 V MT,Kolkata,2015,32000,Petrol,Manual,First,17.0,1497.0,118.0,5,Honda,City 1.5 V MT,6050
Maruti Dzire AMT ZDI Plus,Hyderabad,2017,28226,Diesel,Automatic,First,28.4,1248.0,73.75,5,Maruti,Dzire AMT ZDI Plus,10065
Nissan Sunny 2011-2014 Diesel XL,Pune,2014,95000,Diesel,Manual,First,21.64,1461.0,84.8,5,Nissan,Sunny 2011-2014 Diesel XL,4950
Honda Brio S MT,Coimbatore,2016,14821,Petrol,Manual,First,19.4,1198.0,86.8,5,Honda,Brio S MT,5907
Volkswagen Vento Petrol Trendline,Bangalore,2012,52000,Petrol,Manual,First,15.04,1598.0,103.6,5,Volkswagen,Vento Petrol Trendline,5995
Mahindra XUV500 W4,Mumbai,2016,33000,Diesel,Manual,First,16.0,2179.0,140.0,7,Mahindra,XUV500 W4,10175
Ford EcoSport 1.5 Diesel Titanium Plus,Chennai,2016,29200,Diesel,Manual,First,23.0,1498.0,98.96,5,Ford,EcoSport 1.5 Diesel Titanium Plus,8470
Skoda Yeti Ambition 4X2,Hyderabad,2012,99754,Diesel,Manual,First,17.72,1968.0,108.49,5,Skoda,Yeti Ambition 4X2,8789
Hyundai i10 Sportz,Chennai,2012,49000,Petrol,Manual,First,20.36,1197.0,78.9,5,Hyundai,i10 Sportz,3300
Tata Zest Quadrajet 1.3 XT,Coimbatore,2018,38310,Diesel,Manual,First,20.65,1248.0,88.7,5,Tata,Zest Quadrajet 1.3 XT,7359
Maruti Swift VDI,Delhi,2014,56000,Diesel,Manual,First,22.9,1248.0,74.0,5,Maruti,Swift VDI,4675
Skoda Rapid 1.5 TDI AT Style,Kolkata,2017,31300,Diesel,Automatic,First,21.72,1498.0,108.4,5,Skoda,Rapid 1.5 TDI AT Style,11550
Toyota Innova Crysta 2.4 VX MT 8S,Coimbatore,2019,11241,Diesel,Manual,First,13.68,2393.0,147.8,8,Toyota,Innova Crysta 2.4 VX MT 8S,24805
Hyundai Verna 1.6 SX VTVT,Pune,2014,48000,Petrol,Manual,Second,17.01,1591.0,121.3,5,Hyundai,Verna 1.6 SX VTVT,5720
Honda City i VTEC VX Option,Coimbatore,2019,23882,Petrol,Manual,First,17.4,1497.0,117.3,5,Honda,City i VTEC VX Option,13057
Honda City i DTEC SV,Hyderabad,2014,65000,Diesel,Manual,First,26.0,1498.0,98.6,5,Honda,City i DTEC SV,7689
Volkswagen Vento Diesel Highline,Jaipur,2011,50000,Diesel,Manual,First,20.54,1598.0,103.6,5,Volkswagen,Vento Diesel Highline,5500
Audi Q5 2008-2012 3.0 TDI,Chennai,2014,25000,Diesel,Automatic,First,12.19,2967.0,236.0,5,Audi,Q5 2008-2012 3.0 TDI,48400
Maruti Alto 800 LXI,Chennai,2015,21000,Petrol,Manual,First,22.74,796.0,47.3,5,Maruti,Alto 800 LXI,3069
Tata Manza ELAN Quadrajet BS IV,Pune,2012,148000,Diesel,Manual,Second,21.12,1248.0,88.8,5,Tata,Manza ELAN Quadrajet BS IV,3190
Hyundai Creta 1.6 SX Plus Dual Tone Petrol,Delhi,2016,68000,Petrol,Manual,First,15.29,1591.0,121.3,5,Hyundai,Creta 1.6 SX Plus Dual Tone Petrol,10835
Mercedes-Benz GL-Class 2007 2012 350 CDI Luxury,Bangalore,2014,52000,Diesel,Automatic,First,12.0,2987.0,224.0,7,Mercedes-Benz,GL-Class 2007 2012 350 CDI Luxury,53900
Mahindra Thar CRDe,Jaipur,2016,19000,Diesel,Manual,First,16.55,2498.0,105.0,6,Mahindra,Thar CRDe,10175
Hyundai Verna 1.6 CRDI,Mumbai,2011,74000,Diesel,Manual,Second,22.32,1582.0,126.3,5,Hyundai,Verna 1.6 CRDI,4125
Ford Aspire Titanium Diesel,Coimbatore,2017,30279,Diesel,Manual,First,26.1,1498.0,99.0,5,Ford,Aspire Titanium Diesel,8019
Mini Cooper 3 DOOR D,Mumbai,2016,20000,Diesel,Automatic,First,20.7,1496.0,113.98,4,Mini,Cooper 3 DOOR D,25850
Mahindra Verito 1.5 D4 BSIV,Pune,2015,90000,Diesel,Manual,Second,21.03,1461.0,65.0,5,Mahindra,Verito 1.5 D4 BSIV,3410
Mercedes-Benz E-Class 2009-2013 E250 CDI Elegance,Coimbatore,2016,38730,Diesel,Automatic,First,14.21,2143.0,203.0,5,Mercedes-Benz,E-Class 2009-2013 E250 CDI Elegance,32978
Renault Duster 110PS Diesel RxZ,Kochi,2016,57390,Diesel,Manual,First,19.01,1461.0,108.45,5,Renault,Duster 110PS Diesel RxZ,7403
Maruti Swift Dzire Tour LDI,Kolkata,2016,100000,Diesel,Manual,First,23.4,1248.0,74.0,5,Maruti,Swift Dzire Tour LDI,3850
Volkswagen Polo Petrol Highline 1.2L,Kolkata,2011,50000,Petrol,Manual,First,16.47,1198.0,73.9,5,Volkswagen,Polo Petrol Highline 1.2L,2585
Mahindra XUV500 W10 2WD,Coimbatore,2017,64961,Diesel,Manual,First,16.0,2179.0,140.0,7,Mahindra,XUV500 W10 2WD,17743
Volkswagen Polo 1.2 MPI Highline,Coimbatore,2014,72465,Petrol,Manual,First,16.47,1198.0,74.0,5,Volkswagen,Polo 1.2 MPI Highline,6490
Maruti Ritz VXI,Hyderabad,2012,68776,Petrol,Manual,First,21.1,1197.0,85.8,5,Maruti,Ritz VXI,4290
Toyota Innova 2.5 GX 7 STR BSIV,Delhi,2012,68000,Diesel,Manual,First,12.8,2494.0,102.0,7,Toyota,Innova 2.5 GX 7 STR BSIV,7645
Honda City i DTec SV,Delhi,2015,33000,Diesel,Manual,First,26.0,1498.0,98.6,5,Honda,City i DTec SV,7700
Volkswagen Ameo 1.2 MPI Highline,Coimbatore,2017,22389,Petrol,Manual,First,17.0,1198.0,73.75,5,Volkswagen,Ameo 1.2 MPI Highline,7953
Maruti SX4 ZDI Leather,Mumbai,2012,90000,Diesel,Manual,First,21.5,1248.0,88.8,5,Maruti,SX4 ZDI Leather,4191
Maruti Swift ZXI,Chennai,2012,42000,Petrol,Manual,Third,18.6,1197.0,85.8,5,Maruti,Swift ZXI,4950
Hyundai Creta 1.6 CRDi SX,Pune,2017,38767,Diesel,Manual,First,19.67,1582.0,126.2,5,Hyundai,Creta 1.6 CRDi SX,13860
Audi Q7 35 TDI Quattro Technology,Bangalore,2015,21000,Diesel,Automatic,First,12.07,2967.0,241.4,7,Audi,Q7 35 TDI Quattro Technology,52800
Honda Amaze SX i-DTEC,Kolkata,2014,36000,Diesel,Manual,First,25.8,1498.0,98.6,5,Honda,Amaze SX i-DTEC,3575
Volkswagen Passat Diesel Highline 2.0 TDI,Chennai,2011,95000,Diesel,Automatic,Second,18.33,1968.0,167.7,5,Volkswagen,Passat Diesel Highline 2.0 TDI,9350
Hyundai Elantra CRDi SX AT,Mumbai,2013,51000,Diesel,Automatic,First,19.5,1582.0,126.24,5,Hyundai,Elantra CRDi SX AT,9625
Maruti Wagon R VXI BS IV,Kochi,2011,36411,Petrol,Manual,First,18.9,998.0,67.1,5,Maruti,Wagon R VXI BS IV,3388
Land Rover Discovery Sport TD4 HSE 7S,Mumbai,2017,40000,Diesel,Automatic,First,12.81,1999.0,148.31,7,Land,Rover Discovery Sport TD4 HSE 7S,45650
Honda City i VTEC SV,Pune,2016,27300,Petrol,Manual,First,17.8,1497.0,117.3,5,Honda,City i VTEC SV,7700
Mercedes-Benz New C-Class C 200 Avantgarde Edition C,Kochi,2011,29813,Petrol,Automatic,Second,14.74,1991.0,181.03,5,Mercedes-Benz,New C-Class C 200 Avantgarde Edition C,12650
Maruti Wagon R LX BS IV,Pune,2011,71000,Petrol,Manual,First,20.51,998.0,67.04,5,Maruti,Wagon R LX BS IV,2860
Hyundai Verna 1.6 CRDI,Kolkata,2014,32000,Diesel,Manual,First,22.32,1582.0,126.3,5,Hyundai,Verna 1.6 CRDI,4730
Maruti Ertiga VXI CNG,Mumbai,2017,19234,CNG,Manual,First,12.5,1373.0,80.46,7,Maruti,Ertiga VXI CNG,9185
Volkswagen Tiguan 2.0 TDI Highline,Jaipur,2017,50510,Diesel,Automatic,First,17.06,1968.0,141.0,5,Volkswagen,Tiguan 2.0 TDI Highline,27390
BMW X1 sDrive 20d Exclusive,Pune,2011,102000,Diesel,Automatic,First,15.06,1995.0,177.0,5,BMW,X1 sDrive 20d Exclusive,15125
Hyundai Grand i10 1.2 CRDi Sportz Option,Kolkata,2014,42277,Diesel,Manual,First,24.0,1186.0,73.97,5,Hyundai,Grand i10 1.2 CRDi Sportz Option,4235
Mercedes-Benz E-Class E250 CDI Avantgrade,Mumbai,2014,46000,Diesel,Automatic,First,13.0,2143.0,201.1,5,Mercedes-Benz,E-Class E250 CDI Avantgrade,25575
Mahindra Bolero ZLX,Chennai,2012,35000,Diesel,Manual,First,13.6,2523.0,62.1,7,Mahindra,Bolero ZLX,7700
Hyundai Grand i10 Asta Option,Bangalore,2015,50000,Petrol,Manual,First,18.9,1197.0,82.0,5,Hyundai,Grand i10 Asta Option,6325
Hyundai i10 Magna 1.2,Mumbai,2008,62000,Petrol,Manual,Second,20.36,1197.0,78.9,5,Hyundai,i10 Magna 1.2,1815
Volkswagen Jetta 2012-2014 2.0L TDI Comfortline,Mumbai,2012,78000,Diesel,Manual,First,19.33,1968.0,138.1,5,Volkswagen,Jetta 2012-2014 2.0L TDI Comfortline,7150
Skoda Yeti Elegance,Chennai,2011,79000,Diesel,Manual,First,17.67,1968.0,138.08,5,Skoda,Yeti Elegance,8250
Toyota Fortuner 3.0 Diesel,Chennai,2010,135000,Diesel,Manual,Second,11.5,2982.0,171.0,7,Toyota,Fortuner 3.0 Diesel,12100
Maruti Wagon R VXI Minor ABS,Kochi,2013,36716,Petrol,Manual,First,18.9,1061.0,67.0,5,Maruti,Wagon R VXI Minor ABS,3322
Hyundai EON Era,Coimbatore,2013,65060,Petrol,Manual,First,21.1,814.0,55.2,5,Hyundai,EON Era,3652
Honda Brio S MT,Delhi,2013,33000,Petrol,Manual,First,19.4,1198.0,86.8,5,Honda,Brio S MT,3564
Maruti Alto 800 VXI,Kolkata,2015,11110,Petrol,Manual,First,22.74,796.0,47.3,5,Maruti,Alto 800 VXI,2585
Mahindra Bolero ZLX,Jaipur,2013,63000,Diesel,Manual,First,15.96,2523.0,62.1,7,Mahindra,Bolero ZLX,6050
Honda City i VTEC SV,Mumbai,2015,27030,Petrol,Manual,First,17.8,1497.0,117.3,5,Honda,City i VTEC SV,7425
Skoda Rapid 1.6 MPI Elegance Black Package,Mumbai,2015,19600,Petrol,Manual,First,15.0,1598.0,103.52,5,Skoda,Rapid 1.6 MPI Elegance Black Package,6765
Maruti Swift VVT VXI,Pune,2016,27755,Petrol,Manual,First,22.0,1197.0,81.8,5,Maruti,Swift VVT VXI,5995
Hyundai EON Magna Plus,Hyderabad,2013,20000,Petrol,Manual,Second,21.1,814.0,55.2,5,Hyundai,EON Magna Plus,2530
Maruti Swift Dzire ZXI,Kochi,2015,24782,Petrol,Manual,First,20.85,1197.0,83.14,5,Maruti,Swift Dzire ZXI,6831
Nissan Micra XV CVT,Coimbatore,2014,47303,Petrol,Automatic,First,19.34,1198.0,76.0,5,Nissan,Micra XV CVT,5731
Audi Q7 4.2 FSI quattro,Delhi,2008,71000,Petrol,Automatic,First,8.3,4134.0,250.0,7,Audi,Q7 4.2 FSI quattro,13189
Maruti Swift Vdi BSIII,Pune,2010,135000,Diesel,Manual,First,17.8,1248.0,75.0,5,Maruti,Swift Vdi BSIII,3410
Volkswagen Polo 1.5 TDI Comfortline,Kolkata,2016,29000,Diesel,Manual,First,20.14,1498.0,88.8,5,Volkswagen,Polo 1.5 TDI Comfortline,4400
Honda City i VTEC SV,Kochi,2016,36367,Petrol,Manual,First,17.8,1497.0,117.3,5,Honda,City i VTEC SV,8503
Honda City i VTEC V,Bangalore,2015,38000,Petrol,Manual,First,17.4,1497.0,117.3,5,Honda,City i VTEC V,8580
Volkswagen Polo 1.5 TDI Trendline,Jaipur,2014,82621,Diesel,Manual,First,20.14,1498.0,88.8,5,Volkswagen,Polo 1.5 TDI Trendline,4862
Chevrolet Captiva LTZ VCDi,Pune,2009,89000,Diesel,Automatic,First,12.5,1991.0,147.9,7,Chevrolet,Captiva LTZ VCDi,4400
Mahindra XUV500 W10 2WD,Kolkata,2016,54000,Diesel,Manual,First,16.0,2179.0,140.0,7,Mahindra,XUV500 W10 2WD,14300
Honda Amaze VX i-DTEC,Kochi,2015,61691,Diesel,Manual,First,25.8,1498.0,98.6,5,Honda,Amaze VX i-DTEC,5918
Hyundai i20 1.2 Sportz Option,Chennai,2011,32200,Petrol,Manual,Second,17.0,1197.0,80.0,5,Hyundai,i20 1.2 Sportz Option,3575
Maruti Wagon R AMT VXI,Jaipur,2016,68630,Petrol,Automatic,First,20.51,998.0,67.0,5,Maruti,Wagon R AMT VXI,4257
Volkswagen Jetta 2013-2015 2.0L TDI Highline AT,Mumbai,2014,61000,Diesel,Automatic,Second,16.96,1968.0,138.03,5,Volkswagen,Jetta 2013-2015 2.0L TDI Highline AT,9075
Maruti Ciaz 1.4 Zeta,Mumbai,2018,32644,Petrol,Manual,First,20.73,1373.0,91.1,5,Maruti,Ciaz 1.4 Zeta,10208
Mahindra Scorpio 2009-2014 VLX 4WD AT 7S BSIV,Delhi,2012,85000,Diesel,Automatic,First,11.79,2179.0,120.0,7,Mahindra,Scorpio 2009-2014 VLX 4WD AT 7S BSIV,6875
Chevrolet Aveo U-VA 1.2 LS,Mumbai,2008,75000,Petrol,Manual,Second,15.26,1150.0,74.9,5,Chevrolet,Aveo U-VA 1.2 LS,1265
Maruti Ciaz ZXi Option,Kochi,2016,40347,Petrol,Manual,First,20.73,1373.0,91.2,5,Maruti,Ciaz ZXi Option,8580
Hyundai i20 1.4 CRDi Asta,Hyderabad,2012,60788,Diesel,Manual,First,23.0,1396.0,90.0,5,Hyundai,i20 1.4 CRDi Asta,4950
Honda Jazz 1.2 SV i VTEC,Kochi,2018,18664,Petrol,Manual,First,18.7,1199.0,88.7,5,Honda,Jazz 1.2 SV i VTEC,8316
Mahindra XUV500 W10 2WD,Coimbatore,2017,57847,Diesel,Manual,First,16.0,2179.0,140.0,7,Mahindra,XUV500 W10 2WD,17687
Hyundai i20 1.2 Sportz,Bangalore,2012,52237,Petrol,Manual,First,17.0,1197.0,80.0,5,Hyundai,i20 1.2 Sportz,4950
Hyundai Verna 1.6 SX,Chennai,2012,128000,Diesel,Manual,First,22.32,1582.0,126.32,5,Hyundai,Verna 1.6 SX,5500
Hyundai i10 Era 1.1,Delhi,2011,54000,Petrol,Manual,First,19.81,1086.0,68.05,5,Hyundai,i10 Era 1.1,2420
Maruti Celerio VXI AT,Bangalore,2014,49800,Petrol,Automatic,First,23.1,998.0,67.04,5,Maruti,Celerio VXI AT,4400
Skoda Fabia 1.2 TDI Ambition,Kolkata,2012,98000,Diesel,Manual,First,20.86,1199.0,73.9,5,Skoda,Fabia 1.2 TDI Ambition,2760
Maruti Swift VDI BSIV,Delhi,2015,60095,Diesel,Manual,First,25.2,1248.0,74.0,5,Maruti,Swift VDI BSIV,5225
Hyundai i10 Magna(O) with Sun Roof,Pune,2008,68000,Petrol,Manual,Second,16.0,1086.0,66.7,5,Hyundai,i10 Magna(O) with Sun Roof,2200
Hyundai i10 Magna 1.2,Jaipur,2010,81402,Petrol,Manual,Second,20.36,1197.0,78.9,5,Hyundai,i10 Magna 1.2,2310
Ford Ecosport 1.5 Ti VCT AT Titanium,Mumbai,2013,38000,Petrol,Automatic,First,16.5,1499.0,110.0,5,Ford,Ecosport 1.5 Ti VCT AT Titanium,6875
Mercedes-Benz E-Class 2009-2013 E350 CDI Avantgarde,Kochi,2011,92239,Diesel,Automatic,Second,11.5,2987.0,210.0,5,Mercedes-Benz,E-Class 2009-2013 E350 CDI Avantgarde,11660
Maruti Swift VDI BSIV,Ahmedabad,2017,49224,Diesel,Manual,First,25.2,1248.0,74.0,5,Maruti,Swift VDI BSIV,6600
Maruti Swift Lxi BSIII,Pune,2010,54898,Petrol,Manual,Third,16.1,1298.0,88.2,5,Maruti,Swift Lxi BSIII,2750
BMW X1 M Sport sDrive 20d,Kochi,2017,32838,Diesel,Automatic,First,17.05,1995.0,190.0,5,BMW,X1 M Sport sDrive 20d,33319
Ford Ikon 1.3 Flair,Hyderabad,2006,27076,Petrol,Manual,First,13.8,1299.0,70.0,5,Ford,Ikon 1.3 Flair,1760
Ford Ecosport 1.5 DV5 MT Titanium Optional,Kochi,2017,75445,Diesel,Manual,First,22.7,1498.0,89.84,5,Ford,Ecosport 1.5 DV5 MT Titanium Optional,8294
Maruti Ciaz VXi Plus,Kochi,2015,46601,Petrol,Manual,First,20.73,1373.0,91.1,5,Maruti,Ciaz VXi Plus,7524
Volkswagen Passat Diesel Highline 2.0 TDI,Kolkata,2012,72000,Diesel,Automatic,First,18.33,1968.0,167.7,5,Volkswagen,Passat Diesel Highline 2.0 TDI,6600
Honda Jazz 1.5 VX i DTEC,Pune,2017,27000,Diesel,Manual,First,27.3,1498.0,98.6,5,Honda,Jazz 1.5 VX i DTEC,8800
Audi A4 35 TDI Premium,Coimbatore,2016,68193,Diesel,Automatic,First,17.11,1968.0,174.33,5,Audi,A4 35 TDI Premium,27214
Hyundai Grand i10 CRDi Sportz Celebration Edition,Kochi,2017,34429,Diesel,Manual,First,24.0,1120.0,70.0,5,Hyundai,Grand i10 CRDi Sportz Celebration Edition,6050
Mercedes-Benz GL-Class 2007 2012 350 CDI Luxury,Delhi,2013,46000,Diesel,Automatic,First,12.0,2987.0,224.0,7,Mercedes-Benz,GL-Class 2007 2012 350 CDI Luxury,39600
Toyota Innova 2.5 G (Diesel) 7 Seater,Coimbatore,2013,80544,Diesel,Manual,First,12.99,2494.0,100.6,7,Toyota,Innova 2.5 G (Diesel) 7 Seater,12968
Nissan Sunny 2011-2014 XL,Jaipur,2011,42000,Petrol,Manual,Second,16.95,1498.0,97.7,5,Nissan,Sunny 2011-2014 XL,3300
Skoda Laura Ambiente 2.0 TDI CR AT,Bangalore,2011,94821,Diesel,Automatic,Second,20.0,1968.0,138.1,5,Skoda,Laura Ambiente 2.0 TDI CR AT,7425
Chevrolet Aveo 1.4 LS,Jaipur,2006,100000,Petrol,Manual,First,14.49,1399.0,92.7,5,Chevrolet,Aveo 1.4 LS,1540
Honda Mobilio V i DTEC,Mumbai,2014,57000,Diesel,Manual,First,24.2,1498.0,98.6,7,Honda,Mobilio V i DTEC,6325
Maruti Ritz VDi,Hyderabad,2010,79894,Diesel,Manual,First,21.1,1248.0,73.9,5,Maruti,Ritz VDi,3740
Volkswagen Polo Petrol Highline 1.2L,Coimbatore,2011,44748,Petrol,Manual,Second,16.47,1198.0,73.9,5,Volkswagen,Polo Petrol Highline 1.2L,5379
Nissan Terrano XL,Mumbai,2013,31000,Petrol,Manual,First,13.24,1598.0,102.5,5,Nissan,Terrano XL,5445
Maruti A-Star AT Vxi Aktiv,Coimbatore,2013,60587,Petrol,Automatic,Second,16.98,998.0,66.1,5,Maruti,A-Star AT Vxi Aktiv,3839
Toyota Etios Liva GD,Pune,2011,32000,Diesel,Manual,First,23.59,1364.0,67.04,5,Toyota,Etios Liva GD,4235
Honda City 1.5 S MT,Pune,2014,43772,Petrol,Manual,First,17.0,1497.0,118.0,5,Honda,City 1.5 S MT,6985
Hyundai Grand i10 AT Asta,Coimbatore,2017,23576,Petrol,Automatic,First,18.9,1197.0,82.0,5,Hyundai,Grand i10 AT Asta,7788
Mahindra Scorpio VLX,Kolkata,2012,62000,Diesel,Manual,First,12.05,2179.0,120.0,8,Mahindra,Scorpio VLX,6875
Mercedes-Benz New C-Class C 200 Kompressor Elegance AT,Mumbai,2011,36000,Petrol,Automatic,First,11.74,1796.0,186.0,5,Mercedes-Benz,New C-Class C 200 Kompressor Elegance AT,11165
Skoda Superb Elegance 1.8 TSI AT,Delhi,2014,80000,Petrol,Automatic,First,13.7,1798.0,157.75,5,Skoda,Superb Elegance 1.8 TSI AT,11825
Chevrolet Cruze LTZ AT,Pune,2012,137008,Diesel,Automatic,First,18.1,1991.0,147.9,4,Chevrolet,Cruze LTZ AT,5115
Mahindra Scorpio VLX,Delhi,2010,61001,Diesel,Manual,First,12.05,2179.0,120.0,8,Mahindra,Scorpio VLX,5225
Hyundai Verna 1.6 SX VTVT (O),Coimbatore,2015,52191,Petrol,Manual,First,17.1,1591.0,121.3,5,Hyundai,Verna 1.6 SX VTVT (O),8558
Hyundai i20 1.4 Asta CRDi with AVN,Hyderabad,2016,77076,Diesel,Manual,First,23.0,1396.0,90.0,5,Hyundai,i20 1.4 Asta CRDi with AVN,7425
Honda City ZX CVT,Hyderabad,2008,56000,Petrol,Automatic,First,16.4,1497.0,78.0,5,Honda,City ZX CVT,3289
Hyundai i10 Magna,Kolkata,2013,21000,Petrol,Manual,First,20.36,1197.0,78.9,5,Hyundai,i10 Magna,2585
Honda Amaze S i-Dtech,Delhi,2013,89429,Diesel,Manual,First,25.8,1498.0,98.6,5,Honda,Amaze S i-Dtech,4015
Maruti Wagon R LXI,Delhi,2012,45631,Petrol,Manual,Second,22.5,998.0,67.04,5,Maruti,Wagon R LXI,3014
Honda Brio S MT,Jaipur,2013,53959,Petrol,Manual,First,19.4,1198.0,86.8,5,Honda,Brio S MT,3850
Hyundai i20 1.2 Sportz Option,Kochi,2014,55804,Petrol,Manual,First,17.0,1197.0,80.0,5,Hyundai,i20 1.2 Sportz Option,5236
Volkswagen Vento 2013-2015 1.6 Comfortline,Kochi,2016,25899,Petrol,Manual,First,15.04,1598.0,103.2,5,Volkswagen,Vento 2013-2015 1.6 Comfortline,6820
Skoda Octavia Rider 1.9 TDI MT,Pune,2008,82000,Diesel,Manual,Second,18.7,1896.0,66.0,5,Skoda,Octavia Rider 1.9 TDI MT,2585
Mercedes-Benz E-Class 2015-2017 E250 CDI Avantgarde,Mumbai,2014,52000,Diesel,Automatic,First,13.0,2143.0,204.0,5,Mercedes-Benz,E-Class 2015-2017 E250 CDI Avantgarde,26950
Renault Duster Petrol RxL,Pune,2013,20000,Petrol,Manual,First,13.24,1598.0,102.57,5,Renault,Duster Petrol RxL,6600
Hyundai EON Sportz,Hyderabad,2017,31829,Petrol,Manual,First,21.1,814.0,55.2,5,Hyundai,EON Sportz,4015
Maruti Swift VXI,Coimbatore,2016,18094,Petrol,Manual,Second,18.6,1197.0,85.8,5,Maruti,Swift VXI,6886
Audi Q5 3.0 TDI Quattro Technology,Mumbai,2015,11964,Diesel,Automatic,First,13.22,2967.0,241.4,5,Audi,Q5 3.0 TDI Quattro Technology,36245
Hyundai i20 1.2 Spotz,Coimbatore,2018,22684,Petrol,Manual,First,18.6,1197.0,81.83,5,Hyundai,i20 1.2 Spotz,8580
Honda Brio S MT,Bangalore,2014,43521,Petrol,Manual,First,19.4,1198.0,86.8,5,Honda,Brio S MT,4675
Maruti Swift Dzire ZXi,Kochi,2014,49386,Petrol,Manual,First,17.5,1298.0,85.8,5,Maruti,Swift Dzire ZXi,5346
Hyundai Grand i10 1.2 Kappa Magna,Delhi,2017,12248,Petrol,Manual,First,18.9,1197.0,81.86,5,Hyundai,Grand i10 1.2 Kappa Magna,5390
Mahindra Xylo E8 ABS BS IV,Coimbatore,2014,67771,Diesel,Manual,First,11.68,2498.0,112.0,8,Mahindra,Xylo E8 ABS BS IV,7766
Volkswagen Polo GTI,Delhi,2015,60007,Petrol,Automatic,First,17.21,1798.0,189.0,4,Volkswagen,Polo GTI,4950
Maruti Alto K10 VXI,Coimbatore,2011,48624,Petrol,Manual,First,24.07,998.0,67.1,5,Maruti,Alto K10 VXI,3542
Volkswagen Polo Diesel Comfortline 1.2L,Kolkata,2014,30000,Diesel,Manual,First,22.07,1199.0,73.9,5,Volkswagen,Polo Diesel Comfortline 1.2L,3575
Hyundai Grand i10 Sportz,Delhi,2016,81605,Petrol,Manual,First,18.9,1197.0,82.0,5,Hyundai,Grand i10 Sportz,4983
Mercedes-Benz New C-Class C 220 CDI Elegance AT,Coimbatore,2017,32642,Diesel,Automatic,First,14.84,2143.0,170.0,5,Mercedes-Benz,New C-Class C 220 CDI Elegance AT,38258
Hyundai Verna 1.6 SX VTVT AT,Pune,2014,34200,Petrol,Automatic,First,15.74,1591.0,121.3,5,Hyundai,Verna 1.6 SX VTVT AT,7150
Fiat Punto EVO 1.2 Emotion,Chennai,2010,72204,Petrol,Manual,First,15.7,1172.0,67.0,5,Fiat,Punto EVO 1.2 Emotion,2475
Toyota Innova 2.5 VX (Diesel) 8 Seater BS IV,Pune,2011,156347,Diesel,Manual,Second,12.99,2494.0,100.0,8,Toyota,Innova 2.5 VX (Diesel) 8 Seater BS IV,8800
Mahindra TUV 300 2015-2019 mHAWK100 T8 AMT,Kochi,2017,47357,Diesel,Automatic,First,18.49,1493.0,100.0,7,Mahindra,TUV 300 2015-2019 mHAWK100 T8 AMT,9207
Volkswagen Polo 1.5 TDI Comfortline,Coimbatore,2015,61738,Diesel,Manual,First,20.14,1498.0,88.8,5,Volkswagen,Polo 1.5 TDI Comfortline,5929
BMW 5 Series 520d Luxury Line,Kochi,2018,32586,Diesel,Automatic,First,22.48,1995.0,190.0,5,BMW,5 Series 520d Luxury Line,41030
Mercedes-Benz M-Class ML 350 CDI,Mumbai,2012,51000,Diesel,Automatic,First,11.74,2987.0,254.8,5,Mercedes-Benz,M-Class ML 350 CDI,24475
Hyundai Grand i10 1.2 Kappa Sportz,Kochi,2018,10393,Petrol,Manual,First,18.9,1197.0,81.86,5,Hyundai,Grand i10 1.2 Kappa Sportz,6633
Skoda Superb Elegance 1.8 TSI AT,Mumbai,2011,46000,Petrol,Automatic,First,13.7,1798.0,157.75,5,Skoda,Superb Elegance 1.8 TSI AT,5390
Hyundai i10 Sportz AT,Chennai,2013,21000,Petrol,Automatic,First,16.95,1197.0,78.9,5,Hyundai,i10 Sportz AT,4356
Hyundai i20 1.4 CRDi Asta,Hyderabad,2011,113562,Diesel,Manual,First,23.0,1396.0,90.0,5,Hyundai,i20 1.4 CRDi Asta,5060
Mahindra Scorpio VLX,Mumbai,2011,100010,Diesel,Manual,Second,12.05,2179.0,120.0,8,Mahindra,Scorpio VLX,6050
Honda Brio V MT,Mumbai,2013,63107,Petrol,Manual,First,19.4,1198.0,86.8,5,Honda,Brio V MT,3575
Hyundai i20 1.2 Magna Executive,Jaipur,2017,58500,Petrol,Manual,First,18.6,1197.0,81.83,5,Hyundai,i20 1.2 Magna Executive,6875
Ford Endeavour 4x2 XLT Limited Edition,Pune,2007,90000,Diesel,Manual,Fourth & Above,10.9,2499.0,143.0,7,Ford,Endeavour 4x2 XLT Limited Edition,3300
Hyundai Verna CRDi SX,Chennai,2011,108242,Diesel,Manual,First,16.8,1493.0,110.0,5,Hyundai,Verna CRDi SX,4675
Toyota Fortuner 3.0 Diesel,Pune,2011,146300,Diesel,Manual,First,11.5,2982.0,171.0,7,Toyota,Fortuner 3.0 Diesel,13475
BMW X1 sDrive20d,Pune,2011,62943,Diesel,Automatic,Second,17.05,1995.0,184.0,5,BMW,X1 sDrive20d,12045
Toyota Fortuner 4x2 AT,Delhi,2013,65000,Diesel,Automatic,First,12.55,2982.0,168.5,7,Toyota,Fortuner 4x2 AT,18150
Hyundai i10 Era 1.1,Kochi,2013,34697,Petrol,Manual,First,19.81,1086.0,68.05,5,Hyundai,i10 Era 1.1,4070
Hyundai i20 1.2 Sportz,Hyderabad,2012,58000,Petrol,Manual,First,17.0,1197.0,80.0,5,Hyundai,i20 1.2 Sportz,4400
BMW 3 Series 320d GT Luxury Line,Mumbai,2015,32500,Diesel,Automatic,First,19.59,1995.0,187.74,5,BMW,3 Series 320d GT Luxury Line,29425
Audi Q3 35 TDI Quattro Premium Plus,Coimbatore,2016,58661,Diesel,Automatic,First,15.17,1968.0,181.0,5,Audi,Q3 35 TDI Quattro Premium Plus,30833
Maruti Swift VXI Optional,Kochi,2017,37124,Petrol,Manual,First,20.4,1197.0,81.8,5,Maruti,Swift VXI Optional,5984
Maruti Baleno Delta Automatic,Delhi,2017,44000,Petrol,Automatic,First,21.4,1197.0,83.1,5,Maruti,Baleno Delta Automatic,6820
Maruti Ritz LXi,Mumbai,2016,11000,Petrol,Manual,First,18.5,1197.0,85.8,5,Maruti,Ritz LXi,4345
Ford Figo Diesel EXI,Ahmedabad,2012,55005,Diesel,Manual,First,20.0,1399.0,68.0,5,Ford,Figo Diesel EXI,3025
Volkswagen Passat Diesel Highline 2.0 TDI,Hyderabad,2011,81650,Diesel,Automatic,First,18.33,1968.0,167.7,5,Volkswagen,Passat Diesel Highline 2.0 TDI,8250
Fiat Linea Emotion Pack (Diesel),Chennai,2010,160000,Diesel,Manual,Second,19.0,1248.0,93.0,5,Fiat,Linea Emotion Pack (Diesel),2750
Mahindra Xylo D4,Hyderabad,2015,169000,Diesel,Manual,First,14.95,2489.0,93.7,7,Mahindra,Xylo D4,5500
Maruti Wagon R VXI,Hyderabad,2013,67263,Petrol,Manual,First,18.9,998.0,67.1,5,Maruti,Wagon R VXI,3960
Toyota Etios G Safety,Kochi,2012,44223,Petrol,Manual,First,17.6,1496.0,88.7,5,Toyota,Etios G Safety,4389
Hyundai Grand i10 Sportz,Coimbatore,2015,36840,Petrol,Manual,First,18.9,1197.0,82.0,5,Hyundai,Grand i10 Sportz,6204
Toyota Innova 2.5 VX (Diesel) 8 Seater BS IV,Pune,2014,160000,Diesel,Manual,First,12.99,2494.0,100.0,8,Toyota,Innova 2.5 VX (Diesel) 8 Seater BS IV,13200
BMW 3 Series 320d Sport Line,Mumbai,2015,69123,Diesel,Automatic,First,18.88,1995.0,184.0,5,BMW,3 Series 320d Sport Line,20900
Ford Endeavour 3.2 Titanium AT 4X4,Delhi,2017,38000,Diesel,Automatic,First,10.91,3198.0,197.0,7,Ford,Endeavour 3.2 Titanium AT 4X4,33528
Maruti Ciaz Zeta,Mumbai,2017,5500,Petrol,Manual,First,21.56,1462.0,103.25,5,Maruti,Ciaz Zeta,9020
Honda City 1.5 V AT,Delhi,2011,78256,Petrol,Automatic,First,16.8,1497.0,118.0,5,Honda,City 1.5 V AT,4565
Nissan Sunny XL,Chennai,2016,90000,Petrol,Manual,First,16.95,1498.0,97.6,5,Nissan,Sunny XL,6820
Maruti Swift Dzire VXI,Kolkata,2016,18000,Petrol,Manual,First,19.1,1197.0,85.8,5,Maruti,Swift Dzire VXI,4840
Ford Figo Diesel Titanium,Kolkata,2012,60000,Diesel,Manual,First,20.0,1399.0,68.0,5,Ford,Figo Diesel Titanium,2310
Fiat Grande Punto 1.3 Emotion (Diesel),Jaipur,2011,130000,Diesel,Manual,First,20.3,1248.0,75.0,5,Fiat,Grande Punto 1.3 Emotion (Diesel),2420
Hyundai Elite i20 Petrol Asta,Coimbatore,2018,32851,Petrol,Manual,First,18.6,1197.0,81.86,5,Hyundai,Elite i20 Petrol Asta,9174
Maruti Swift Dzire VDI,Kolkata,2014,32000,Diesel,Manual,First,23.4,1248.0,74.0,5,Maruti,Swift Dzire VDI,4785
Ford Ecosport 1.5 DV5 MT Titanium,Hyderabad,2014,62700,Diesel,Manual,First,22.7,1498.0,89.84,5,Ford,Ecosport 1.5 DV5 MT Titanium,7480
Maruti Swift Dzire VDi,Jaipur,2010,71000,Diesel,Manual,First,19.3,1248.0,73.9,5,Maruti,Swift Dzire VDi,3630
Hyundai Grand i10 Sportz,Kochi,2016,19947,Petrol,Manual,First,18.9,1197.0,82.0,5,Hyundai,Grand i10 Sportz,5544
Ford Endeavour 3.0L 4X4 AT,Hyderabad,2012,91000,Diesel,Automatic,First,11.4,2953.0,153.86,7,Ford,Endeavour 3.0L 4X4 AT,10120
Volkswagen Polo Diesel Highline 1.2L,Hyderabad,2014,74000,Diesel,Manual,First,22.07,1199.0,73.9,5,Volkswagen,Polo Diesel Highline 1.2L,6270
Mahindra TUV 300 2015-2019 mHAWK100 T8,Kochi,2018,55594,Diesel,Manual,First,18.49,1493.0,100.0,7,Mahindra,TUV 300 2015-2019 mHAWK100 T8,9328
Renault Duster 110PS Diesel RxZ,Hyderabad,2012,110224,Diesel,Manual,First,19.01,1461.0,108.45,5,Renault,Duster 110PS Diesel RxZ,6710
Maruti Wagon R LXI,Ahmedabad,2010,21002,Petrol,Manual,First,22.5,998.0,67.04,5,Maruti,Wagon R LXI,3025
Maruti Ertiga SHVS VDI,Pune,2017,121000,Diesel,Manual,First,24.52,1248.0,88.5,7,Maruti,Ertiga SHVS VDI,8800
Maruti Wagon R AMT VXI Option,Jaipur,2015,34000,Petrol,Automatic,First,20.51,998.0,67.0,5,Maruti,Wagon R AMT VXI Option,4235
Maruti Eeco 7 Seater Standard,Coimbatore,2017,28371,Petrol,Manual,First,15.1,1196.0,73.0,7,Maruti,Eeco 7 Seater Standard,5214
Renault Duster 110PS Diesel RxL,Kochi,2013,74755,Diesel,Manual,First,19.6,1461.0,108.45,5,Renault,Duster 110PS Diesel RxL,6193
Maruti Zen Estilo 1.1 LX BSIII,Kochi,2011,25805,Petrol,Manual,First,18.2,1061.0,64.0,5,Maruti,Zen Estilo 1.1 LX BSIII,2882
Renault Duster Petrol RxL,Kochi,2015,82603,Petrol,Manual,First,13.06,1598.0,102.53,5,Renault,Duster Petrol RxL,5390
Honda Civic 2006-2010 1.8 S MT,Chennai,2006,110000,Petrol,Manual,First,13.5,1799.0,130.0,5,Honda,Civic 2006-2010 1.8 S MT,2915
Mahindra XUV500 W8 2WD,Delhi,2012,88000,Diesel,Manual,First,16.0,2179.0,140.0,7,Mahindra,XUV500 W8 2WD,6589
Mahindra Verito 1.5 D6 BSIV,Chennai,2011,110000,Diesel,Manual,Second,21.0,1461.0,64.1,5,Mahindra,Verito 1.5 D6 BSIV,2640
Renault KWID Climber 1.0 MT,Delhi,2017,15000,Petrol,Manual,First,21.7,999.0,67.0,5,Renault,KWID Climber 1.0 MT,4675
Porsche Cayenne Diesel,Mumbai,2013,70000,Diesel,Automatic,First,15.15,2967.0,240.0,5,Porsche,Cayenne Diesel,44000
Maruti Swift DDiS VDI,Pune,2008,150000,Diesel,Manual,Second,28.4,1248.0,74.0,5,Maruti,Swift DDiS VDI,2970
Datsun GO T Option,Hyderabad,2016,19000,Petrol,Manual,First,20.63,1198.0,67.0,5,Datsun,GO T Option,3289
Hyundai i20 1.2 Magna,Chennai,2011,37442,Petrol,Manual,First,18.5,1197.0,80.0,5,Hyundai,i20 1.2 Magna,3740
BMW 5 Series 2013-2017 520d Luxury Line,Coimbatore,2016,63111,Diesel,Automatic,Second,18.12,1995.0,190.0,5,BMW,5 Series 2013-2017 520d Luxury Line,33880
Maruti Ertiga ZDI,Mumbai,2012,88000,Diesel,Manual,First,20.77,1248.0,88.8,7,Maruti,Ertiga ZDI,6435
Hyundai Grand i10 Magna,Jaipur,2014,42355,Petrol,Manual,First,18.9,1197.0,82.0,5,Hyundai,Grand i10 Magna,4400
BMW 3 Series 330i,Coimbatore,2011,75871,Petrol,Automatic,First,9.43,2996.0,254.0,5,BMW,3 Series 330i,15532
Chevrolet Cruze LTZ,Mumbai,2011,65000,Diesel,Manual,First,17.9,1998.0,163.7,5,Chevrolet,Cruze LTZ,5005
Mercedes-Benz M-Class ML 350 4Matic,Pune,2015,69000,Diesel,Automatic,First,0.0,2987.0,165.0,5,Mercedes-Benz,M-Class ML 350 4Matic,41800
Maruti Ritz LDi,Jaipur,2011,79232,Diesel,Manual,First,21.1,1248.0,73.9,5,Maruti,Ritz LDi,3190
Hyundai i20 1.2 Magna Executive,Kochi,2016,28470,Petrol,Manual,First,18.6,1197.0,81.83,5,Hyundai,i20 1.2 Magna Executive,7645
Hyundai EON 1.0 Kappa Magna Plus Optional,Kolkata,2014,9759,Petrol,Manual,First,20.3,998.0,68.05,5,Hyundai,EON 1.0 Kappa Magna Plus Optional,3025
Maruti Swift VDI,Pune,2014,75216,Diesel,Manual,First,22.9,1248.0,74.0,5,Maruti,Swift VDI,5610
Hyundai i20 Sportz 1.2,Chennai,2017,8000,Petrol,Manual,First,18.6,1197.0,81.83,5,Hyundai,i20 Sportz 1.2,7425
Maruti Ritz ZXi,Mumbai,2014,59451,Petrol,Manual,First,18.5,1197.0,85.8,5,Maruti,Ritz ZXi,4059
Maruti Swift VDI,Hyderabad,2013,53996,Diesel,Manual,First,22.9,1248.0,74.0,5,Maruti,Swift VDI,5995
Honda WRV i-VTEC VX,Kochi,2018,15135,Petrol,Manual,First,17.5,1199.0,88.7,5,Honda,WRV i-VTEC VX,10218
Hyundai Xcent 1.2 Kappa AT S Option,Chennai,2015,53000,Petrol,Automatic,Second,16.9,1197.0,81.86,5,Hyundai,Xcent 1.2 Kappa AT S Option,4400
Honda Amaze E i-Vtech,Kolkata,2013,40000,Petrol,Manual,First,18.0,1198.0,86.7,5,Honda,Amaze E i-Vtech,3190
Hyundai Verna 1.6 SX VTVT (O),Pune,2013,21107,Petrol,Manual,First,17.1,1591.0,121.3,5,Hyundai,Verna 1.6 SX VTVT (O),5775
Honda City V MT,Mumbai,2014,56000,Petrol,Manual,First,16.8,1497.0,116.3,5,Honda,City V MT,6325
Hyundai Creta 1.6 SX Plus Dual Tone Petrol,Coimbatore,2017,19623,Petrol,Manual,First,15.29,1591.0,121.3,5,Hyundai,Creta 1.6 SX Plus Dual Tone Petrol,14432
Mahindra XUV500 W8 2WD,Kochi,2014,70963,Diesel,Manual,First,15.1,2179.0,140.0,7,Mahindra,XUV500 W8 2WD,8613
Maruti Wagon R LXI CNG,Mumbai,2013,25755,CNG,Manual,First,19.000000000000004,998.0,58.16,5,Maruti,Wagon R LXI CNG,3465
Toyota Innova 2.5 V Diesel 7-seater,Mumbai,2013,51450,Diesel,Manual,First,12.8,2494.0,102.0,7,Toyota,Innova 2.5 V Diesel 7-seater,11440
Maruti Swift VDI,Pune,2012,75000,Diesel,Manual,First,22.9,1248.0,74.0,5,Maruti,Swift VDI,4785
Maruti Wagon R VXI AMT,Coimbatore,2017,37832,Petrol,Automatic,First,22.5,998.0,67.0,5,Maruti,Wagon R VXI AMT,5753
Hyundai Grand i10 1.2 Kappa Asta,Coimbatore,2016,43041,Petrol,Manual,First,18.9,1197.0,81.86,5,Hyundai,Grand i10 1.2 Kappa Asta,6611
Honda Amaze VX i-DTEC,Hyderabad,2014,97236,Diesel,Manual,First,25.8,1498.0,98.6,5,Honda,Amaze VX i-DTEC,4840
BMW 3 Series 320d Highline,Chennai,2010,83000,Diesel,Automatic,First,16.07,1995.0,181.0,5,BMW,3 Series 320d Highline,14025
Ford Figo Petrol Titanium,Delhi,2011,65000,Petrol,Manual,First,15.6,1196.0,70.0,5,Ford,Figo Petrol Titanium,2640
Volkswagen Ameo 1.2 MPI Trendline,Kochi,2018,46007,Petrol,Manual,First,17.0,1198.0,73.75,5,Volkswagen,Ameo 1.2 MPI Trendline,6281
Ford Ecosport 1.5 DV5 MT Trend,Kochi,2015,65925,Diesel,Manual,Second,22.7,1498.0,89.84,5,Ford,Ecosport 1.5 DV5 MT Trend,6039
Honda City 1.3 EXI,Pune,2004,73500,Petrol,Manual,Second,13.0,1343.0,90.0,5,Honda,City 1.3 EXI,1430
Mahindra XUV500 W6 2WD,Kolkata,2014,55000,Diesel,Manual,First,16.0,2179.0,140.0,7,Mahindra,XUV500 W6 2WD,9350
Toyota Fortuner 4x2 Manual,Delhi,2012,115000,Diesel,Manual,First,13.0,2982.0,168.5,7,Toyota,Fortuner 4x2 Manual,14289
Hyundai Grand i10 1.2 Kappa Magna,Kolkata,2017,31184,Petrol,Manual,First,18.9,1197.0,81.86,5,Hyundai,Grand i10 1.2 Kappa Magna,5500
Maruti Dzire AMT ZDI Plus,Pune,2017,41747,Diesel,Automatic,First,28.4,1248.0,73.75,5,Maruti,Dzire AMT ZDI Plus,9900
Maruti Swift VDI,Kochi,2016,38143,Diesel,Manual,First,22.9,1248.0,74.0,5,Maruti,Swift VDI,5742
Volkswagen Polo Petrol Highline 1.2L,Pune,2012,19030,Petrol,Manual,First,16.47,1198.0,73.9,5,Volkswagen,Polo Petrol Highline 1.2L,4180
Toyota Etios Liva 1.2 VX Dual Tone,Coimbatore,2019,20877,Petrol,Manual,First,18.16,1197.0,78.9,5,Toyota,Etios Liva 1.2 VX Dual Tone,7996
Maruti Swift VXI,Mumbai,2016,23555,Petrol,Manual,First,22.0,1197.0,81.8,5,Maruti,Swift VXI,5610
Mercedes-Benz E-Class 2009-2013 E250 CDI Elegance,Bangalore,2013,29000,Diesel,Automatic,First,14.21,2143.0,203.0,5,Mercedes-Benz,E-Class 2009-2013 E250 CDI Elegance,31900
Maruti Wagon R VXI,Pune,2013,61000,Petrol,Manual,First,18.9,998.0,67.1,5,Maruti,Wagon R VXI,3190
Skoda Laura 1.8 TSI Ambiente,Bangalore,2011,46000,Petrol,Manual,First,13.4,1798.0,157.8,5,Skoda,Laura 1.8 TSI Ambiente,6050
Volkswagen Polo GT TSI,Mumbai,2016,28000,Petrol,Automatic,First,17.21,1197.0,103.5,5,Volkswagen,Polo GT TSI,7975
Hyundai Verna 1.6 SX,Coimbatore,2014,83558,Diesel,Manual,First,22.32,1582.0,126.32,5,Hyundai,Verna 1.6 SX,7678
Tata Bolt Quadrajet XE,Hyderabad,2017,40000,Diesel,Manual,First,22.95,1248.0,74.0,5,Tata,Bolt Quadrajet XE,5775
Hyundai EON D Lite Plus,Kolkata,2013,36000,Petrol,Manual,First,21.1,814.0,55.2,5,Hyundai,EON D Lite Plus,2145
Audi A4 2.0 TDI 177 Bhp Premium Plus,Bangalore,2014,21000,Diesel,Automatic,First,17.11,1968.0,174.33,5,Audi,A4 2.0 TDI 177 Bhp Premium Plus,26950
Toyota Innova 2.5 GX (Diesel) 7 Seater,Kochi,2013,62162,Diesel,Manual,First,12.99,2494.0,100.0,7,Toyota,Innova 2.5 GX (Diesel) 7 Seater,9141
Mercedes-Benz M-Class ML 350 CDI,Hyderabad,2012,83000,Diesel,Automatic,First,11.74,2987.0,254.8,5,Mercedes-Benz,M-Class ML 350 CDI,39600
Hyundai Xcent 1.1 CRDi S,Pune,2015,58000,Diesel,Manual,First,24.4,1120.0,71.0,5,Hyundai,Xcent 1.1 CRDi S,6050
Honda Accord 2.4 AT,Kochi,2011,62332,Petrol,Automatic,First,11.7,2354.0,177.6,5,Honda,Accord 2.4 AT,6479
Volkswagen Vento 1.5 TDI Highline,Kochi,2016,50867,Diesel,Manual,First,20.34,1498.0,103.2,5,Volkswagen,Vento 1.5 TDI Highline,8745
Hyundai i20 Sportz Petrol,Mumbai,2010,73000,Petrol,Manual,First,17.0,1197.0,80.0,5,Hyundai,i20 Sportz Petrol,3025
Hyundai Elantra CRDi SX,Jaipur,2012,98008,Diesel,Manual,First,22.7,1582.0,126.24,5,Hyundai,Elantra CRDi SX,6875
Ford Figo Diesel Titanium,Hyderabad,2015,36000,Diesel,Manual,First,20.0,1399.0,68.05,5,Ford,Figo Diesel Titanium,5445
Hyundai i20 1.2 Magna Executive,Kochi,2019,27339,Petrol,Manual,First,18.6,1197.0,81.83,5,Hyundai,i20 1.2 Magna Executive,6896
Hyundai Verna 1.6 CRDi SX,Kolkata,2017,25000,Diesel,Manual,First,23.9,1582.0,126.2,5,Hyundai,Verna 1.6 CRDi SX,9515
Hyundai Grand i10 Asta,Kolkata,2014,37000,Petrol,Manual,First,18.9,1197.0,82.0,5,Hyundai,Grand i10 Asta,3850
Audi Q5 2.0 TDI,Hyderabad,2015,56000,Diesel,Automatic,First,14.16,1968.0,174.3,5,Audi,Q5 2.0 TDI,38500
Maruti Swift Dzire ZXi,Kolkata,2015,27000,Petrol,Manual,First,17.5,1298.0,85.8,5,Maruti,Swift Dzire ZXi,4895
Hyundai i20 Magna,Kolkata,2012,37000,Petrol,Manual,First,18.5,1197.0,80.0,5,Hyundai,i20 Magna,2915
Mahindra KUV 100 mFALCON D75 K4 Plus 5str,Kolkata,2017,10500,Diesel,Manual,First,25.32,1198.0,77.0,5,Mahindra,KUV 100 mFALCON D75 K4 Plus 5str,5170
Hyundai Elantra 1.6 SX Option AT,Ahmedabad,2014,49000,Diesel,Automatic,First,18.23,1582.0,126.2,5,Hyundai,Elantra 1.6 SX Option AT,9790
Jeep Compass 2.0 Limited Option Black,Mumbai,2017,7000,Diesel,Manual,First,17.1,1956.0,170.0,5,Jeep,Compass 2.0 Limited Option Black,19195
Maruti Vitara Brezza VDi Option,Coimbatore,2017,71256,Diesel,Manual,First,24.3,1248.0,88.5,5,Maruti,Vitara Brezza VDi Option,10538
Toyota Corolla Altis 1.8 GL,Kochi,2012,83184,Petrol,Manual,First,14.28,1798.0,138.03,5,Toyota,Corolla Altis 1.8 GL,6842
Mahindra XUV500 W8 2WD,Kolkata,2013,87284,Diesel,Manual,First,15.1,2179.0,140.0,7,Mahindra,XUV500 W8 2WD,8580
BMW X1 xDrive 20d xLine,Mumbai,2016,7000,Diesel,Automatic,First,20.68,1995.0,190.0,5,BMW,X1 xDrive 20d xLine,30525
Hyundai i20 Magna 1.4 CRDi,Pune,2015,29000,Diesel,Manual,Second,22.54,1396.0,88.73,5,Hyundai,i20 Magna 1.4 CRDi,7700
Chevrolet Cruze LTZ,Bangalore,2013,64000,Diesel,Manual,Second,17.3,1998.0,163.7,5,Chevrolet,Cruze LTZ,7150
Hyundai i20 1.2 Magna,Jaipur,2011,82000,Petrol,Manual,Second,18.5,1197.0,80.0,5,Hyundai,i20 1.2 Magna,2970
Honda Brio S MT,Mumbai,2012,70000,Petrol,Manual,Second,19.4,1198.0,86.8,5,Honda,Brio S MT,2750
Nissan Evalia 2013 XL,Hyderabad,2013,166194,Diesel,Manual,First,19.3,1461.0,84.8,7,Nissan,Evalia 2013 XL,4290
Volkswagen Polo Petrol Trendline 1.2L,Delhi,2015,58000,Petrol,Manual,First,16.47,1198.0,73.9,5,Volkswagen,Polo Petrol Trendline 1.2L,4345
Hyundai i10 Sportz 1.2,Chennai,2010,77000,Petrol,Manual,Second,20.36,1197.0,78.9,5,Hyundai,i10 Sportz 1.2,2310
Chevrolet Cruze LTZ AT,Pune,2009,73204,Diesel,Automatic,Third,18.1,1991.0,147.9,4,Chevrolet,Cruze LTZ AT,3850
Hyundai i10 Era,Hyderabad,2007,70000,Petrol,Manual,Second,19.81,1086.0,68.05,5,Hyundai,i10 Era,2200
Maruti Ertiga VDI,Delhi,2014,79870,Diesel,Manual,First,20.77,1248.0,88.76,7,Maruti,Ertiga VDI,5885
Honda Amaze S i-Dtech,Delhi,2013,90000,Diesel,Manual,First,25.8,1498.0,98.6,5,Honda,Amaze S i-Dtech,4180
Mercedes-Benz A Class A180 Sport,Mumbai,2016,17000,Petrol,Automatic,First,15.5,1595.0,122.0,5,Mercedes-Benz,A Class A180 Sport,18975
Hyundai Grand i10 1.2 Kappa Magna,Kochi,2018,46493,Petrol,Manual,First,18.9,1197.0,81.86,5,Hyundai,Grand i10 1.2 Kappa Magna,6083
Hyundai i10 Sportz 1.2,Pune,2009,68000,Petrol,Manual,Third,20.36,1197.0,78.9,5,Hyundai,i10 Sportz 1.2,2145
Mini Cooper Countryman D High,Coimbatore,2014,45535,Diesel,Automatic,First,23.8,1998.0,112.0,5,Mini,Cooper Countryman D High,21351
Fiat Linea T-Jet Active,Coimbatore,2016,39228,Petrol,Manual,First,15.7,1368.0,112.4,5,Fiat,Linea T-Jet Active,7238
Chevrolet Aveo 1.4 LT,Mumbai,2011,57000,Petrol,Manual,Second,14.49,1399.0,92.7,5,Chevrolet,Aveo 1.4 LT,2310
Hyundai i10 Era 1.1,Chennai,2008,85445,Petrol,Manual,Second,19.81,1086.0,68.05,5,Hyundai,i10 Era 1.1,2200
Hyundai Xcent 1.1 CRDi Base,Delhi,2015,54000,Diesel,Manual,First,24.4,1120.0,71.0,5,Hyundai,Xcent 1.1 CRDi Base,4070
Maruti Celerio VXI AT,Mumbai,2014,53000,Petrol,Automatic,First,23.1,998.0,67.04,5,Maruti,Celerio VXI AT,4180
Hyundai i10 Sportz,Jaipur,2014,60000,Petrol,Manual,First,20.36,1197.0,78.9,5,Hyundai,i10 Sportz,3575
Renault Duster 85PS Diesel RxL,Coimbatore,2015,65668,Diesel,Manual,First,19.87,1461.0,83.8,5,Renault,Duster 85PS Diesel RxL,6083
BMW 3 Series 320d,Ahmedabad,2011,100000,Diesel,Automatic,Second,22.69,1995.0,190.0,5,BMW,3 Series 320d,11990
Chevrolet Spark 1.0 LS,Pune,2009,44200,Petrol,Manual,Second,18.0,995.0,62.0,5,Chevrolet,Spark 1.0 LS,1760
Honda City i VTEC VX Option,Ahmedabad,2018,14000,Petrol,Manual,First,17.4,1497.0,117.3,5,Honda,City i VTEC VX Option,12375
Toyota Fortuner 4x2 4 Speed AT,Delhi,2012,73000,Diesel,Automatic,First,11.5,2982.0,169.0,7,Toyota,Fortuner 4x2 4 Speed AT,15840
Honda City 1.5 S MT,Delhi,2011,68000,Petrol,Manual,First,17.0,1497.0,118.0,5,Honda,City 1.5 S MT,3960
BMW 5 Series 2013-2017 520d Luxury Line,Jaipur,2017,19543,Diesel,Automatic,First,18.12,1995.0,190.0,5,BMW,5 Series 2013-2017 520d Luxury Line,44550
Audi Q5 30 TDI quattro Premium Plus,Bangalore,2014,38000,Diesel,Automatic,Second,14.16,1968.0,174.3,5,Audi,Q5 30 TDI quattro Premium Plus,42845
Maruti Ritz LDi,Delhi,2014,32805,Diesel,Manual,First,23.2,1248.0,73.94,5,Maruti,Ritz LDi,3960
Volkswagen Vento 1.5 TDI Highline AT,Kochi,2016,44782,Diesel,Automatic,First,21.21,1498.0,103.2,5,Volkswagen,Vento 1.5 TDI Highline AT,7832
Honda City i DTEC SV,Kochi,2016,55700,Diesel,Manual,First,26.0,1498.0,98.6,5,Honda,City i DTEC SV,8272
Audi A4 New 2.0 TDI Multitronic,Delhi,2012,60000,Diesel,Automatic,Second,15.2,1968.0,140.8,5,Audi,A4 New 2.0 TDI Multitronic,11385
Skoda Rapid 1.6 MPI Elegance,Hyderabad,2014,56000,Petrol,Manual,First,15.0,1598.0,103.52,5,Skoda,Rapid 1.6 MPI Elegance,7700
Toyota Fortuner 3.0 Diesel,Delhi,2011,60000,Diesel,Manual,First,11.5,2982.0,171.0,7,Toyota,Fortuner 3.0 Diesel,11935
Chevrolet Optra Magnum 2.0 LT BS3,Mumbai,2010,78563,Diesel,Manual,First,16.52,1991.0,123.7,5,Chevrolet,Optra Magnum 2.0 LT BS3,2585
Maruti Eeco 7 Seater Standard,Mumbai,2014,34669,Petrol,Manual,First,15.1,1196.0,73.0,7,Maruti,Eeco 7 Seater Standard,3190
Maruti Ciaz ZXi,Delhi,2017,17000,Petrol,Manual,First,20.73,1373.0,91.1,5,Maruti,Ciaz ZXi,8415
Maruti Ciaz VDi Plus SHVS,Delhi,2016,66000,Diesel,Manual,First,28.09,1248.0,88.5,5,Maruti,Ciaz VDi Plus SHVS,7040
Toyota Innova 2.5 LE 2014 Diesel 7 Seater,Pune,2014,102418,Diesel,Manual,First,12.99,2494.0,100.6,7,Toyota,Innova 2.5 LE 2014 Diesel 7 Seater,11110
Maruti Swift Dzire VXI,Kolkata,2014,48800,Petrol,Manual,First,19.1,1197.0,85.8,5,Maruti,Swift Dzire VXI,4675
Toyota Innova Crysta 2.8 GX AT,Kochi,2019,10601,Diesel,Automatic,First,11.36,2755.0,171.5,7,Toyota,Innova Crysta 2.8 GX AT,21615
Tata Indica V2 eLX,Pune,2017,8200,Diesel,Manual,First,25.0,1396.0,69.0,5,Tata,Indica V2 eLX,4840
Hyundai i20 Magna,Jaipur,2012,100000,Petrol,Manual,First,18.5,1197.0,82.85,5,Hyundai,i20 Magna,3575
Ford Fiesta 1.4 Duratorq ZXI,Pune,2012,78000,Diesel,Manual,First,17.8,1399.0,68.0,5,Ford,Fiesta 1.4 Duratorq ZXI,3080
Chevrolet Enjoy 1.3 TCDi LS 8,Kolkata,2015,50000,Diesel,Manual,First,18.2,1248.0,73.74,8,Chevrolet,Enjoy 1.3 TCDi LS 8,4730
Ford Fiesta 1.4 Duratorq EXI,Chennai,2006,89327,Diesel,Manual,Third,17.8,1399.0,68.0,5,Ford,Fiesta 1.4 Duratorq EXI,1705
Honda CR-V 2.4 MT,Chennai,2007,98000,Petrol,Manual,Second,10.8,2354.0,152.0,5,Honda,CR-V 2.4 MT,5170
Honda Jazz 1.2 VX i VTEC,Kochi,2017,24700,Petrol,Manual,First,18.7,1199.0,88.7,5,Honda,Jazz 1.2 VX i VTEC,7777
Hyundai Grand i10 1.2 Kappa Sportz,Delhi,2018,9434,Petrol,Manual,First,18.9,1197.0,81.86,5,Hyundai,Grand i10 1.2 Kappa Sportz,6325
Maruti Ritz VXi,Mumbai,2012,29000,Petrol,Manual,First,18.5,1197.0,85.8,5,Maruti,Ritz VXi,3575
Volkswagen Ameo 1.5 TDI Highline AT,Coimbatore,2017,22440,Diesel,Automatic,First,22.0,1498.0,108.495,5,Volkswagen,Ameo 1.5 TDI Highline AT,9779
Honda City i VTEC SV,Mumbai,2015,73070,Petrol,Manual,First,17.4,1497.0,117.3,5,Honda,City i VTEC SV,6490
Honda Jazz 1.2 S i VTEC,Kolkata,2016,21771,Petrol,Manual,First,18.7,1199.0,88.7,5,Honda,Jazz 1.2 S i VTEC,5445
Maruti Swift Ldi BSIV,Delhi,2014,62000,Diesel,Manual,First,17.8,1248.0,75.0,5,Maruti,Swift Ldi BSIV,4125
Hyundai Creta 1.6 CRDi AT SX Plus,Kochi,2017,37024,Diesel,Automatic,First,17.01,1582.0,126.2,5,Hyundai,Creta 1.6 CRDi AT SX Plus,12067
Audi A7 2011-2015 3.0 TDI Quattro,Kochi,2014,60336,Diesel,Automatic,Second,14.4,2967.0,241.4,5,Audi,A7 2011-2015 3.0 TDI Quattro,27434
Hyundai EON D Lite Plus,Kolkata,2014,26008,Petrol,Manual,First,21.1,814.0,55.2,5,Hyundai,EON D Lite Plus,2167
Ford Figo Diesel EXI,Jaipur,2010,90000,Diesel,Manual,Second,20.0,1399.0,68.0,5,Ford,Figo Diesel EXI,1540
Volkswagen Ameo 1.2 MPI Highline,Coimbatore,2018,35569,Petrol,Manual,First,17.0,1198.0,73.75,5,Volkswagen,Ameo 1.2 MPI Highline,7996
Renault Scala Diesel RxL,Kolkata,2013,40000,Diesel,Manual,First,21.64,1461.0,84.8,5,Renault,Scala Diesel RxL,4400
Honda Jazz 1.2 V i VTEC,Kolkata,2015,45000,Petrol,Manual,First,18.7,1199.0,88.7,5,Honda,Jazz 1.2 V i VTEC,5225
Hyundai i20 1.2 Sportz,Delhi,2015,42000,Petrol,Manual,First,17.0,1197.0,80.0,5,Hyundai,i20 1.2 Sportz,5610
Audi A4 3.0 TDI Quattro Premium,Coimbatore,2012,46913,Diesel,Automatic,First,14.94,2967.0,241.4,5,Audi,A4 3.0 TDI Quattro Premium,17721
Mahindra Ssangyong Rexton RX7,Delhi,2014,62000,Diesel,Automatic,First,11.18,2696.0,184.0,7,Mahindra,Ssangyong Rexton RX7,11605
Toyota Fortuner 2.8 2WD AT,Ahmedabad,2017,15000,Diesel,Automatic,First,12.9,2755.0,174.5,7,Toyota,Fortuner 2.8 2WD AT,33000
Skoda Octavia Classic 1.9 TDI MT,Kolkata,2002,69000,Diesel,Manual,First,18.7,1896.0,66.0,5,Skoda,Octavia Classic 1.9 TDI MT,1760
Mercedes-Benz New C-Class 250 CDI Classic,Hyderabad,2012,41367,Diesel,Automatic,First,15.8,2148.0,170.0,5,Mercedes-Benz,New C-Class 250 CDI Classic,20339
Maruti Ciaz 1.4 Zeta,Kochi,2018,15982,Petrol,Manual,First,20.73,1373.0,91.1,5,Maruti,Ciaz 1.4 Zeta,10956
Maruti Swift ZDi,Hyderabad,2013,99595,Diesel,Manual,Second,22.9,1248.0,74.0,5,Maruti,Swift ZDi,5225
Toyota Qualis FS B3,Bangalore,2002,63000,Diesel,Manual,Third,13.1,2446.0,75.0,10,Toyota,Qualis FS B3,4015
BMW 5 Series 2007-2010 525d Sedan,Delhi,2012,49000,Diesel,Automatic,Second,16.73,2495.0,218.0,5,BMW,5 Series 2007-2010 525d Sedan,17050
Mitsubishi Pajero 2.8 SFX BSIII Dual Tone,Kochi,2013,48272,Diesel,Manual,First,10.5,2835.0,116.9,6,Mitsubishi,Pajero 2.8 SFX BSIII Dual Tone,13002
Toyota Corolla H2,Delhi,2008,63000,Petrol,Manual,First,13.4,1794.0,125.0,5,Toyota,Corolla H2,2255
Maruti Wagon R LXI CNG,Ahmedabad,2016,77000,CNG,Manual,First,19.000000000000004,998.0,58.16,5,Maruti,Wagon R LXI CNG,3630
Audi A6 2011-2015 2.0 TDI,Kochi,2014,62012,Diesel,Automatic,First,17.68,1968.0,174.33,5,Audi,A6 2011-2015 2.0 TDI,22132
Hyundai Xcent 1.2 Kappa S Option CNG,Chennai,2017,46000,CNG,Manual,First,17.857142857142858,1197.0,81.86,5,Hyundai,Xcent 1.2 Kappa S Option CNG,5445
Honda Jazz 1.5 S i DTEC,Coimbatore,2016,45449,Diesel,Manual,First,27.3,1498.0,98.6,5,Honda,Jazz 1.5 S i DTEC,8228
Mercedes-Benz E-Class 200 Kompressor Elegance,Mumbai,2004,85000,Petrol,Automatic,Second,10.5,1796.0,157.7,5,Mercedes-Benz,E-Class 200 Kompressor Elegance,6050
Honda City 1.5 EXI,Jaipur,2005,88000,Petrol,Manual,Second,13.0,1493.0,100.0,0,Honda,City 1.5 EXI,1870
Audi A4 2.0 TDI,Kochi,2013,45330,Diesel,Automatic,First,16.55,1968.0,147.51,5,Audi,A4 2.0 TDI,14509
Maruti Swift Dzire VXI,Mumbai,2012,88000,Petrol,Manual,First,19.1,1197.0,85.8,5,Maruti,Swift Dzire VXI,4235
Maruti Dzire VDI,Delhi,2016,45376,Diesel,Manual,First,28.4,1248.0,73.75,5,Maruti,Dzire VDI,6325
Mahindra XUV500 W8 4WD,Pune,2014,81000,Diesel,Manual,First,15.1,2179.0,140.0,7,Mahindra,XUV500 W8 4WD,9900
Chevrolet Beat LT,Kochi,2012,83381,Petrol,Manual,First,18.6,1199.0,79.4,5,Chevrolet,Beat LT,2431
Ford EcoSport 1.5 Diesel Titanium Plus,Kochi,2017,78526,Diesel,Manual,First,23.0,1498.0,98.96,5,Ford,EcoSport 1.5 Diesel Titanium Plus,8899
BMW 5 Series 2013-2017 530d M Sport,Coimbatore,2017,27313,Diesel,Automatic,First,14.69,2993.0,258.0,5,BMW,5 Series 2013-2017 530d M Sport,53493
Audi Q5 30 TDI quattro Premium Plus,Coimbatore,2015,42747,Diesel,Automatic,Second,14.16,1968.0,174.3,5,Audi,Q5 30 TDI quattro Premium Plus,43417
BMW X1 sDrive 20d xLine,Coimbatore,2015,42265,Diesel,Automatic,Second,20.68,1995.0,190.0,5,BMW,X1 sDrive 20d xLine,24464
Hyundai i10 Magna AT,Mumbai,2009,21000,Petrol,Automatic,First,19.2,1197.0,80.0,5,Hyundai,i10 Magna AT,2860
Hyundai Creta 1.6 CRDi AT SX Plus,Ahmedabad,2016,55100,Diesel,Automatic,First,17.01,1582.0,126.2,5,Hyundai,Creta 1.6 CRDi AT SX Plus,13200
Audi A4 2.0 TDI 177 Bhp Premium Plus,Chennai,2014,70000,Diesel,Automatic,First,17.11,1968.0,174.33,5,Audi,A4 2.0 TDI 177 Bhp Premium Plus,19800
Hyundai i10 Magna,Kolkata,2012,58235,Petrol,Manual,First,20.36,1197.0,78.9,5,Hyundai,i10 Magna,2695
Ford EcoSport 1.5 Diesel Titanium,Mumbai,2017,26000,Diesel,Manual,First,23.0,1498.0,98.96,5,Ford,EcoSport 1.5 Diesel Titanium,9889
Volkswagen Vento Diesel Highline,Kolkata,2011,35000,Diesel,Manual,First,20.54,1598.0,103.6,5,Volkswagen,Vento Diesel Highline,3465
Maruti Dzire ZDI Plus,Jaipur,2017,24000,Diesel,Manual,First,28.4,1248.0,73.75,5,Maruti,Dzire ZDI Plus,9020
Mahindra Scorpio 1.99 S10,Ahmedabad,2016,98000,Diesel,Manual,First,15.4,1997.0,120.0,7,Mahindra,Scorpio 1.99 S10,12650
Hyundai i20 Asta 1.4 CRDi,Coimbatore,2016,44487,Diesel,Manual,First,22.54,1396.0,88.73,5,Hyundai,i20 Asta 1.4 CRDi,8030
Hyundai i10 Magna,Delhi,2015,34951,Petrol,Manual,Second,20.36,1197.0,78.9,5,Hyundai,i10 Magna,3465
Mahindra Scorpio S6 7 Seater,Kolkata,2015,52373,Diesel,Manual,Second,15.4,2179.0,120.0,7,Mahindra,Scorpio S6 7 Seater,9350
Skoda Fabia 1.2L Diesel Classic,Hyderabad,2010,66285,Diesel,Manual,First,19.5,1199.0,75.0,5,Skoda,Fabia 1.2L Diesel Classic,3300
BMW X5 xDrive 30d,Mumbai,2012,66000,Diesel,Automatic,First,15.3,2993.0,258.0,5,BMW,X5 xDrive 30d,23100
Honda Jazz 1.5 S i DTEC,Hyderabad,2016,43000,Diesel,Manual,First,27.3,1498.0,98.6,5,Honda,Jazz 1.5 S i DTEC,8525
Mercedes-Benz E-Class 2009-2013 E 220 CDI Avantgarde,Mumbai,2013,45200,Diesel,Automatic,First,10.0,2148.0,170.0,5,Mercedes-Benz,E-Class 2009-2013 E 220 CDI Avantgarde,25300
Mahindra XUV500 AT W10 FWD,Mumbai,2016,41000,Diesel,Automatic,First,16.0,2179.0,140.0,7,Mahindra,XUV500 AT W10 FWD,15125
Honda City i VTEC CVT SV,Kochi,2017,39430,Petrol,Automatic,First,18.0,1497.0,117.3,5,Honda,City i VTEC CVT SV,9118
Maruti Swift VDI,Coimbatore,2014,83274,Diesel,Manual,First,22.9,1248.0,74.0,5,Maruti,Swift VDI,6369
Mercedes-Benz New C-Class 220 CDI AT,Coimbatore,2017,32324,Diesel,Automatic,First,14.84,2143.0,170.0,5,Mercedes-Benz,New C-Class 220 CDI AT,33550
Honda City 1.5 S MT,Mumbai,2011,49999,Petrol,Manual,First,17.0,1497.0,118.0,5,Honda,City 1.5 S MT,4180
Tata Sumo EX,Bangalore,2014,66000,Diesel,Manual,First,15.3,2956.0,83.8,7,Tata,Sumo EX,4895
Hyundai i20 Magna,Delhi,2012,54000,Petrol,Manual,First,18.5,1197.0,82.85,5,Hyundai,i20 Magna,3630
Fiat Linea 1.3 Dynamic,Jaipur,2009,80000,Diesel,Manual,Second,20.4,1248.0,91.2,5,Fiat,Linea 1.3 Dynamic,1925
Honda Civic 2006-2010 1.8 V AT,Bangalore,2011,72000,Petrol,Automatic,Second,12.9,1799.0,130.0,5,Honda,Civic 2006-2010 1.8 V AT,6050
Hyundai Creta 1.6 SX Plus Diesel,Pune,2017,44865,Diesel,Manual,First,19.67,1582.0,126.2,5,Hyundai,Creta 1.6 SX Plus Diesel,14685
Audi A3 35 TDI Technology,Delhi,2017,22000,Diesel,Automatic,Second,20.38,1968.0,143.0,5,Audi,A3 35 TDI Technology,24750
Hyundai Verna VTVT 1.6 SX Option,Delhi,2013,57478,Petrol,Manual,Second,17.0,1591.0,121.3,5,Hyundai,Verna VTVT 1.6 SX Option,5775
Hyundai i20 1.4 CRDi Magna,Hyderabad,2011,75000,Diesel,Manual,First,21.9,1396.0,90.0,5,Hyundai,i20 1.4 CRDi Magna,4125
Honda Mobilio S i DTEC,Kochi,2015,50624,Diesel,Manual,First,24.2,1498.0,98.6,7,Honda,Mobilio S i DTEC,6952
Hyundai Verna 1.6 SX CRDI (O) AT,Bangalore,2018,75000,Diesel,Automatic,First,22.32,1582.0,126.32,5,Hyundai,Verna 1.6 SX CRDI (O) AT,8525
Ford Fiesta 1.6 ZXI Duratec,Chennai,2006,87000,Petrol,Manual,Second,15.3,1596.0,101.0,5,Ford,Fiesta 1.6 ZXI Duratec,1507
Hyundai i10 Sportz 1.2,Mumbai,2010,62000,Petrol,Manual,First,20.36,1197.0,78.9,5,Hyundai,i10 Sportz 1.2,2310
Maruti Vitara Brezza ZDi,Hyderabad,2016,41372,Diesel,Manual,First,24.3,1248.0,88.5,5,Maruti,Vitara Brezza ZDi,10230
Toyota Innova 2.5 VX (Diesel) 7 Seater,Ahmedabad,2015,70000,Diesel,Manual,First,12.99,2494.0,100.6,7,Toyota,Innova 2.5 VX (Diesel) 7 Seater,13200
Mercedes-Benz GLA Class 200 d Sport,Pune,2017,35000,Diesel,Automatic,First,17.9,2143.0,136.0,5,Mercedes-Benz,GLA Class 200 d Sport,25850
Mercedes-Benz New C-Class C 220 CDI Elegance AT,Chennai,2013,62000,Diesel,Automatic,Second,14.84,2143.0,170.0,5,Mercedes-Benz,New C-Class C 220 CDI Elegance AT,13750
Maruti Swift LDI,Delhi,2015,51000,Diesel,Manual,First,22.9,1248.0,74.0,5,Maruti,Swift LDI,5214
Hyundai Grand i10 Sportz,Kochi,2016,26038,Petrol,Manual,First,18.9,1197.0,82.0,5,Hyundai,Grand i10 Sportz,5973
Toyota Fortuner 4x4 AT,Kochi,2018,37713,Diesel,Automatic,Second,12.55,2982.0,168.5,7,Toyota,Fortuner 4x4 AT,34782
Toyota Innova 2.0 GX 8 STR,Kolkata,2011,78088,Petrol,Manual,First,12.4,1998.0,132.0,8,Toyota,Innova 2.0 GX 8 STR,6930
Ford EcoSport 1.5 TDCi Titanium,Kochi,2017,30453,Diesel,Manual,First,22.77,1498.0,98.59,5,Ford,EcoSport 1.5 TDCi Titanium,9295
Ford Figo 1.2P Titanium MT,Pune,2016,54000,Petrol,Manual,First,18.16,1196.0,86.8,5,Ford,Figo 1.2P Titanium MT,5500
Maruti Swift Dzire VXI,Hyderabad,2012,65097,Petrol,Manual,First,19.1,1197.0,85.8,5,Maruti,Swift Dzire VXI,5170
Maruti Wagon R LXI Minor,Jaipur,2009,111000,Petrol,Manual,Second,18.9,1061.0,67.0,5,Maruti,Wagon R LXI Minor,1661
Renault Duster 110PS Diesel RxZ,Kochi,2013,63295,Diesel,Manual,First,19.01,1461.0,108.45,5,Renault,Duster 110PS Diesel RxZ,6699
Maruti Ciaz VXi Plus,Mumbai,2015,35770,Petrol,Manual,First,20.73,1373.0,91.1,5,Maruti,Ciaz VXi Plus,6545
Hyundai Elantra CRDi SX,Hyderabad,2012,125928,Diesel,Manual,First,22.7,1582.0,126.24,5,Hyundai,Elantra CRDi SX,9900
Skoda Rapid 1.5 TDI AT Elegance,Kolkata,2015,45000,Diesel,Automatic,First,21.66,1498.0,103.52,5,Skoda,Rapid 1.5 TDI AT Elegance,4675
Mercedes-Benz New C-Class C 220 CDI Elegance AT,Hyderabad,2013,21000,Diesel,Automatic,First,14.84,2143.0,170.0,5,Mercedes-Benz,New C-Class C 220 CDI Elegance AT,25850
Honda Accord 2.4 A/T,Mumbai,2011,54774,Petrol,Automatic,First,11.7,2354.0,177.6,5,Honda,Accord 2.4 A/T,6985
Maruti Celerio VXI,Chennai,2014,41123,Petrol,Manual,First,23.1,998.0,67.04,5,Maruti,Celerio VXI,3740
BMW 3 Series 320d Sport,Chennai,2014,48000,Diesel,Automatic,First,22.69,1995.0,190.0,5,BMW,3 Series 320d Sport,23760
Maruti Swift Dzire Tour LDI,Pune,2018,12000,Diesel,Manual,First,23.4,1248.0,74.0,5,Maruti,Swift Dzire Tour LDI,6050
Land Rover Freelander 2 SE,Mumbai,2012,34000,Diesel,Automatic,First,12.39,2179.0,147.51,5,Land,Rover Freelander 2 SE,21175
Hyundai i20 1.4 CRDi Magna,Hyderabad,2012,71360,Diesel,Manual,First,21.9,1396.0,90.0,5,Hyundai,i20 1.4 CRDi Magna,4345
Maruti Dzire VDI,Mumbai,2012,74000,Diesel,Manual,Second,28.4,1248.0,73.75,5,Maruti,Dzire VDI,4675
Jeep Compass 2.0 Longitude,Kochi,2018,28937,Diesel,Manual,First,17.1,1956.0,170.0,5,Jeep,Compass 2.0 Longitude,18722
Maruti Ertiga VDI,Hyderabad,2012,82085,Diesel,Manual,First,20.77,1248.0,88.76,7,Maruti,Ertiga VDI,7150
Ford Figo Petrol ZXI,Bangalore,2011,68465,Petrol,Manual,First,15.6,1196.0,70.0,5,Ford,Figo Petrol ZXI,3245
Toyota Corolla Altis 1.4 DG,Coimbatore,2013,63854,Diesel,Manual,First,21.43,1364.0,86.79,5,Toyota,Corolla Altis 1.4 DG,7832
Honda City 1.5 S MT,Delhi,2009,65055,Petrol,Manual,First,17.0,1497.0,118.0,5,Honda,City 1.5 S MT,3025
Mahindra Scorpio S10 4WD,Hyderabad,2015,120000,Diesel,Manual,First,15.4,2179.0,120.0,7,Mahindra,Scorpio S10 4WD,13200
Hyundai Xcent 1.2 VTVT SX,Mumbai,2014,64241,Petrol,Manual,First,20.14,1197.0,81.86,5,Hyundai,Xcent 1.2 VTVT SX,4037
Skoda Octavia 1.9 TDI,Pune,2008,88123,Diesel,Manual,First,18.7,1896.0,66.0,5,Skoda,Octavia 1.9 TDI,2420
Mercedes-Benz GL-Class 2007 2012 350 CDI Luxury,Pune,2014,79000,Diesel,Automatic,First,12.0,2987.0,224.0,7,Mercedes-Benz,GL-Class 2007 2012 350 CDI Luxury,45100
BMW X1 sDrive 20d xLine,Bangalore,2016,28143,Diesel,Automatic,First,20.68,1995.0,190.0,5,BMW,X1 sDrive 20d xLine,31350
Volkswagen Vento 2013-2015 1.6 Comfortline,Mumbai,2015,23001,Petrol,Manual,First,15.04,1598.0,103.2,5,Volkswagen,Vento 2013-2015 1.6 Comfortline,6039
Audi A4 2.0 TDI,Ahmedabad,2013,82002,Diesel,Automatic,Second,16.55,1968.0,147.51,5,Audi,A4 2.0 TDI,19250
Ford Ikon 1.4 TDCi DuraTorq,Bangalore,2009,75000,Diesel,Manual,First,13.8,1399.0,68.0,5,Ford,Ikon 1.4 TDCi DuraTorq,2189
Hyundai Verna 1.6 CRDi EX MT,Kochi,2016,37451,Diesel,Manual,First,22.32,1582.0,126.3,5,Hyundai,Verna 1.6 CRDi EX MT,7304
Toyota Innova Crysta 2.4 VX MT,Hyderabad,2017,67000,Diesel,Manual,First,13.68,2393.0,147.8,7,Toyota,Innova Crysta 2.4 VX MT,18150
Hyundai Grand i10 Asta Option,Pune,2016,25000,Petrol,Manual,First,18.9,1197.0,82.0,5,Hyundai,Grand i10 Asta Option,5500
Volkswagen Ameo 1.2 MPI Comfortline,Mumbai,2017,12000,Petrol,Manual,First,17.0,1198.0,73.75,5,Volkswagen,Ameo 1.2 MPI Comfortline,5940
Renault KWID RXT,Kolkata,2017,25000,Petrol,Manual,First,25.17,799.0,53.3,5,Renault,KWID RXT,3289
Honda City 1.5 S MT,Jaipur,2011,95936,Petrol,Manual,First,17.0,1497.0,118.0,5,Honda,City 1.5 S MT,4510
Hyundai Grand i10 1.2 Kappa Magna AT,Kochi,2018,5354,Petrol,Automatic,First,18.9,1197.0,81.86,5,Hyundai,Grand i10 1.2 Kappa Magna AT,7436
Volkswagen Polo 1.0 MPI Comfortline,Chennai,2016,42000,Petrol,Manual,Second,18.78,999.0,75.0,5,Volkswagen,Polo 1.0 MPI Comfortline,6050
Maruti Swift VDI BSIV,Coimbatore,2014,44282,Diesel,Manual,First,25.2,1248.0,74.0,5,Maruti,Swift VDI BSIV,6589
Nissan Sunny 2011-2014 Diesel XV,Delhi,2012,70000,Diesel,Manual,First,21.64,1461.0,84.8,5,Nissan,Sunny 2011-2014 Diesel XV,2849
Jaguar XF 2.2 Litre Luxury,Mumbai,2013,31400,Diesel,Automatic,First,16.36,2179.0,187.7,5,Jaguar,XF 2.2 Litre Luxury,29425
Maruti Ciaz ZDi SHVS,Pune,2016,50000,Diesel,Manual,First,28.09,1248.0,88.5,5,Maruti,Ciaz ZDi SHVS,9350
Audi Q5 2008-2012 2.0 TDI,Bangalore,2011,53000,Diesel,Automatic,First,12.8,1968.0,167.6,5,Audi,Q5 2008-2012 2.0 TDI,25300
Ford Figo Petrol ZXI,Pune,2014,21727,Petrol,Manual,First,15.6,1196.0,70.02,5,Ford,Figo Petrol ZXI,3685
Hyundai Santa Fe 4x4 AT,Bangalore,2012,43000,Diesel,Automatic,Second,11.72,2199.0,194.3,7,Hyundai,Santa Fe 4x4 AT,11825
Mahindra Scorpio VLX 2WD AIRBAG BSIV,Kolkata,2013,75000,Diesel,Manual,First,12.05,2179.0,120.0,8,Mahindra,Scorpio VLX 2WD AIRBAG BSIV,6919
Renault Duster 110PS Diesel RxL,Bangalore,2014,73557,Diesel,Manual,First,19.6,1461.0,108.45,5,Renault,Duster 110PS Diesel RxL,8525
Audi A4 New 2.0 TDI Multitronic,Delhi,2012,44555,Diesel,Automatic,First,15.2,1968.0,140.8,5,Audi,A4 New 2.0 TDI Multitronic,14850
Maruti Eeco 7 Seater Standard,Coimbatore,2013,54885,Petrol,Manual,First,15.1,1196.0,73.0,7,Maruti,Eeco 7 Seater Standard,4125
Mahindra Xylo E4,Mumbai,2011,76000,Diesel,Manual,Second,14.0,2498.0,112.0,7,Mahindra,Xylo E4,4125
Maruti Wagon R LXI,Jaipur,2006,101000,Petrol,Manual,Second,18.9,998.0,67.1,5,Maruti,Wagon R LXI,1650
Maruti Wagon R LXI BSIII,Chennai,2005,66000,Petrol,Manual,First,14.0,1061.0,64.0,5,Maruti,Wagon R LXI BSIII,1595
Maruti SX4 ZXI MT BSIV,Coimbatore,2013,84360,Petrol,Manual,First,15.5,1586.0,103.3,5,Maruti,SX4 ZXI MT BSIV,4532
Toyota Innova Crysta 2.4 VX MT,Mumbai,2016,25121,Diesel,Manual,First,13.68,2393.0,147.8,7,Toyota,Innova Crysta 2.4 VX MT,18821
Toyota Innova 2.5 G (Diesel) 7 Seater,Pune,2015,100000,Diesel,Manual,Second,12.99,2494.0,100.6,7,Toyota,Innova 2.5 G (Diesel) 7 Seater,11275
Volkswagen Polo Diesel Trendline 1.2L,Kolkata,2011,66035,Diesel,Manual,First,22.07,1199.0,73.9,5,Volkswagen,Polo Diesel Trendline 1.2L,2739
Ford Ecosport 1.5 DV5 MT Titanium,Hyderabad,2014,85670,Diesel,Manual,First,22.7,1498.0,89.84,5,Ford,Ecosport 1.5 DV5 MT Titanium,6875
Hyundai Grand i10 CRDi Magna,Hyderabad,2015,35000,Diesel,Manual,First,24.0,1120.0,70.0,5,Hyundai,Grand i10 CRDi Magna,5368
Honda City i VTEC CVT SV,Mumbai,2016,8000,Petrol,Automatic,First,18.0,1497.0,117.3,5,Honda,City i VTEC CVT SV,10395
Toyota Innova 2.5 G3,Hyderabad,2007,162000,Diesel,Manual,Second,12.8,2494.0,102.0,8,Toyota,Innova 2.5 G3,5280
Hyundai EON Era Plus,Kolkata,2012,60000,Petrol,Manual,First,21.1,814.0,55.2,5,Hyundai,EON Era Plus,2189
Hyundai i10 Magna 1.2,Hyderabad,2010,70600,Petrol,Manual,First,20.36,1197.0,78.9,5,Hyundai,i10 Magna 1.2,3080
Mercedes-Benz E-Class 2009-2013 E 200 CGI Elegance,Bangalore,2011,25000,Petrol,Automatic,Second,12.3,1796.0,185.0,5,Mercedes-Benz,E-Class 2009-2013 E 200 CGI Elegance,24200
Mahindra Bolero SLE,Hyderabad,2012,75000,Diesel,Manual,First,15.96,2523.0,62.1,7,Mahindra,Bolero SLE,4730
Skoda Laura Ambition 2.0 TDI CR AT,Coimbatore,2014,85071,Diesel,Automatic,First,20.0,1968.0,138.1,5,Skoda,Laura Ambition 2.0 TDI CR AT,10725
Maruti Swift ZXI,Ahmedabad,2015,40000,Petrol,Manual,First,20.4,1197.0,81.8,5,Maruti,Swift ZXI,6490
Audi A4 2.0 TDI,Delhi,2013,67000,Diesel,Automatic,First,16.55,1968.0,147.51,5,Audi,A4 2.0 TDI,15950
Ford Fiesta 1.4 SXi TDCi ABS,Hyderabad,2009,55000,Diesel,Manual,Second,17.8,1399.0,68.0,5,Ford,Fiesta 1.4 SXi TDCi ABS,2640
Maruti SX4 Vxi BSIII,Mumbai,2008,62000,Petrol,Manual,Second,15.0,1586.0,104.68,5,Maruti,SX4 Vxi BSIII,2321
Hyundai Grand i10 AT Asta,Coimbatore,2017,22526,Petrol,Automatic,First,18.9,1197.0,82.0,5,Hyundai,Grand i10 AT Asta,8360
Maruti Ritz AT,Hyderabad,2012,57788,Petrol,Automatic,First,17.16,1197.0,85.8,5,Maruti,Ritz AT,3960
Mahindra Scorpio 2.6 CRDe,Jaipur,2013,72000,Diesel,Manual,First,10.5,2179.0,120.0,8,Mahindra,Scorpio 2.6 CRDe,6600
Mahindra Scorpio S4 7 Seater,Mumbai,2014,83128,Diesel,Manual,First,15.4,2179.0,120.0,7,Mahindra,Scorpio S4 7 Seater,8195
Renault Duster 110PS Diesel RxZ,Ahmedabad,2013,58000,Diesel,Manual,Second,19.01,1461.0,108.45,5,Renault,Duster 110PS Diesel RxZ,5720
Toyota Innova 2.5 ZX Diesel 7 Seater,Kochi,2015,59751,Diesel,Manual,First,12.99,2494.0,100.6,7,Toyota,Innova 2.5 ZX Diesel 7 Seater,12782
BMW 7 Series 730Ld Eminence,Kochi,2015,29966,Diesel,Automatic,Second,16.77,2993.0,261.49,5,BMW,7 Series 730Ld Eminence,47960
Hyundai Sonata Embera 2.0L CRDi MT,Kolkata,2009,65000,Diesel,Manual,Second,13.6,1991.0,142.0,5,Hyundai,Sonata Embera 2.0L CRDi MT,5390
Renault Duster Adventure Edition,Kochi,2015,75863,Diesel,Manual,First,19.01,1461.0,108.45,5,Renault,Duster Adventure Edition,7370
Maruti Wagon R CNG LXI,Mumbai,2013,54000,CNG,Manual,First,23.95714285714286,998.0,67.04,5,Maruti,Wagon R CNG LXI,3355
Audi A4 2.0 TDI 177 Bhp Technology Edition,Bangalore,2014,24000,Diesel,Automatic,First,17.11,1968.0,174.33,5,Audi,A4 2.0 TDI 177 Bhp Technology Edition,27500
Jeep Compass 2.0 Longitude,Coimbatore,2018,33218,Diesel,Manual,First,17.1,1956.0,170.0,5,Jeep,Compass 2.0 Longitude,20955
Hyundai Verna 1.4 VTVT,Kolkata,2015,33425,Petrol,Manual,First,17.43,1396.0,105.5,5,Hyundai,Verna 1.4 VTVT,4950
Honda Amaze VX i-Vtech,Pune,2013,47000,Petrol,Manual,First,18.0,1198.0,86.7,5,Honda,Amaze VX i-Vtech,4565
Hyundai Creta 1.6 CRDi SX Option,Chennai,2015,41000,Diesel,Manual,First,19.67,1582.0,126.2,5,Hyundai,Creta 1.6 CRDi SX Option,13090
Hyundai i10 Magna 1.1,Delhi,2011,62000,Petrol,Manual,First,19.81,1086.0,68.05,5,Hyundai,i10 Magna 1.1,2310
Mahindra TUV 300 T8,Delhi,2016,47035,Diesel,Manual,First,18.49,1493.0,100.0,7,Mahindra,TUV 300 T8,7645
Maruti Swift Dzire VXi,Pune,2008,56230,Petrol,Manual,Second,17.5,1298.0,85.8,5,Maruti,Swift Dzire VXi,2640
Hyundai Accent GLE 1,Chennai,2007,55000,Petrol,Manual,First,13.2,1495.0,94.0,5,Hyundai,Accent GLE 1,2915
Mahindra XUV500 W8 2WD,Jaipur,2014,70669,Diesel,Manual,First,15.1,2179.0,140.0,7,Mahindra,XUV500 W8 2WD,9900
Maruti Alto K10 2010-2014 VXI,Pune,2012,69000,Petrol,Manual,First,20.92,998.0,67.1,5,Maruti,Alto K10 2010-2014 VXI,2310
Chevrolet Beat LT,Pune,2011,65000,Petrol,Manual,Second,18.6,1199.0,79.4,5,Chevrolet,Beat LT,2750
Audi A6 2.7 TDI,Mumbai,2009,30000,Diesel,Automatic,First,12.4,2698.0,179.5,5,Audi,A6 2.7 TDI,9845
Tata Zest Revotron 1.2T XMS,Chennai,2015,40000,Petrol,Manual,First,17.57,1193.0,88.7,5,Tata,Zest Revotron 1.2T XMS,4400
Honda City i DTEC SV,Kolkata,2014,40000,Diesel,Manual,First,26.0,1498.0,98.6,5,Honda,City i DTEC SV,4895
Chevrolet Beat LT,Jaipur,2010,26000,Petrol,Manual,First,18.6,1199.0,79.4,5,Chevrolet,Beat LT,1650
Audi A4 2.0 TDI Multitronic,Jaipur,2011,105000,Diesel,Automatic,Second,16.55,1968.0,140.0,5,Audi,A4 2.0 TDI Multitronic,15950
Hyundai Verna SX CRDi AT,Mumbai,2014,71000,Diesel,Automatic,Second,19.08,1582.0,126.32,5,Hyundai,Verna SX CRDi AT,5995
Honda City i VTEC CVT VX,Mumbai,2015,32896,Petrol,Automatic,First,18.0,1497.0,117.3,5,Honda,City i VTEC CVT VX,9790
Hyundai i10 Sportz 1.2,Hyderabad,2012,45000,Petrol,Manual,First,20.36,1197.0,78.9,5,Hyundai,i10 Sportz 1.2,4015
BMW X3 xDrive20d Expedition,Bangalore,2015,65000,Diesel,Automatic,Second,18.56,1995.0,190.0,5,BMW,X3 xDrive20d Expedition,31900
Audi A4 2.0 TDI,Mumbai,2013,45200,Diesel,Automatic,First,16.55,1968.0,147.51,5,Audi,A4 2.0 TDI,14850
Honda CR-V 2.4 AT,Hyderabad,2008,82167,Petrol,Automatic,First,10.1,2354.0,152.0,5,Honda,CR-V 2.4 AT,5940
Hyundai Grand i10 1.2 Kappa Asta,Coimbatore,2016,37429,Petrol,Manual,First,18.9,1197.0,81.86,5,Hyundai,Grand i10 1.2 Kappa Asta,6479
Maruti Ciaz ZDi Plus SHVS,Hyderabad,2016,46000,Diesel,Manual,First,28.09,1248.0,88.5,5,Maruti,Ciaz ZDi Plus SHVS,9295
Honda City i-VTEC V,Delhi,2011,67031,Petrol,Manual,First,17.4,1497.0,117.3,5,Honda,City i-VTEC V,4400
Maruti Celerio VXI AMT,Mumbai,2016,47691,Petrol,Automatic,First,23.1,998.0,67.04,5,Maruti,Celerio VXI AMT,4334
Renault Koleos 2.0 Diesel,Jaipur,2011,32531,Diesel,Automatic,Second,13.73,1995.0,148.0,5,Renault,Koleos 2.0 Diesel,8800
Ford Figo Diesel ZXI,Hyderabad,2013,71336,Diesel,Manual,First,20.0,1399.0,68.0,5,Ford,Figo Diesel ZXI,4510
Maruti Dzire VDI,Kolkata,2015,28193,Diesel,Manual,First,28.4,1248.0,73.75,5,Maruti,Dzire VDI,5775
Mercedes-Benz E-Class E 220 d,Hyderabad,2013,85000,Diesel,Automatic,First,16.1,1950.0,194.0,5,Mercedes-Benz,E-Class E 220 d,23100
Hyundai Grand i10 1.2 Kappa Sportz,Ahmedabad,2015,20780,Petrol,Manual,First,18.9,1197.0,81.86,5,Hyundai,Grand i10 1.2 Kappa Sportz,4730
Honda Mobilio S i VTEC,Mumbai,2014,43081,Petrol,Manual,First,17.3,1497.0,117.3,7,Honda,Mobilio S i VTEC,5775
Mahindra Quanto C8,Kolkata,2013,36000,Diesel,Manual,First,17.21,1493.0,100.0,7,Mahindra,Quanto C8,4290
Toyota Corolla H5,Mumbai,2007,67000,Petrol,Manual,Third,13.4,1794.0,125.0,5,Toyota,Corolla H5,2420
Mahindra KUV 100 mFALCON D75 K4,Mumbai,2016,34079,Diesel,Manual,First,25.32,1198.0,77.0,6,Mahindra,KUV 100 mFALCON D75 K4,4070
BMW 3 Series 2005-2011 325i Sedan,Coimbatore,2010,77849,Petrol,Automatic,Second,10.9,2497.0,215.0,5,BMW,3 Series 2005-2011 325i Sedan,12397
Maruti Alto 800 LXI,Jaipur,2013,86000,Petrol,Manual,First,22.74,796.0,47.3,5,Maruti,Alto 800 LXI,2651
Audi Q3 35 TDI Quattro Premium,Pune,2015,110000,Diesel,Automatic,First,15.73,1968.0,174.33,5,Audi,Q3 35 TDI Quattro Premium,20900
Toyota Etios GD,Hyderabad,2015,116000,Diesel,Manual,Second,23.59,1364.0,67.05,5,Toyota,Etios GD,6380
Mahindra XUV500 W8 2WD,Coimbatore,2016,41840,Diesel,Manual,First,15.1,2179.0,140.0,7,Mahindra,XUV500 W8 2WD,14872
Toyota Fortuner 4x2 MT TRD Sportivo,Hyderabad,2015,19317,Diesel,Manual,First,13.0,2982.0,168.7,7,Toyota,Fortuner 4x2 MT TRD Sportivo,26950
Tata Indigo CS Emax CNG GLX,Pune,2014,41000,CNG,Manual,First,17.571428571428573,1193.0,55.23,5,Tata,Indigo CS Emax CNG GLX,3575
Hyundai Creta 1.6 CRDi SX,Jaipur,2015,83950,Diesel,Manual,First,19.67,1582.0,126.2,5,Hyundai,Creta 1.6 CRDi SX,10945
Honda City 1.5 V AT,Pune,2012,60000,Petrol,Automatic,First,16.8,1497.0,118.0,5,Honda,City 1.5 V AT,6050
Audi A4 35 TDI Premium,Hyderabad,2015,50000,Diesel,Automatic,First,17.11,1968.0,174.33,5,Audi,A4 35 TDI Premium,27500
Maruti Zen VXI,Kolkata,2009,37000,Petrol,Manual,First,17.3,993.0,60.0,5,Maruti,Zen VXI,1100
Maruti Baleno Delta Automatic,Kochi,2018,21684,Petrol,Automatic,First,21.4,1197.0,83.1,5,Maruti,Baleno Delta Automatic,8679
Mahindra XUV500 W10 2WD,Delhi,2015,62000,Diesel,Manual,First,16.0,2179.0,140.0,7,Mahindra,XUV500 W10 2WD,11275
Hyundai Elite i20 Asta Option,Coimbatore,2017,59450,Petrol,Manual,First,18.6,1197.0,81.86,5,Hyundai,Elite i20 Asta Option,8283
Mercedes-Benz New C-Class C 220d Avantgarde Edition C,Coimbatore,2018,24465,Diesel,Automatic,First,19.27,2143.0,167.62,5,Mercedes-Benz,New C-Class C 220d Avantgarde Edition C,43395
Honda City i VTEC SV,Delhi,2014,55000,Petrol,Manual,First,17.8,1497.0,117.3,5,Honda,City i VTEC SV,6424
Maruti Baleno Alpha 1.2,Kochi,2017,25040,Petrol,Manual,First,21.4,1197.0,83.1,5,Maruti,Baleno Alpha 1.2,8514
Hyundai i10 Sportz,Bangalore,2008,84000,Petrol,Manual,First,20.36,1197.0,78.9,5,Hyundai,i10 Sportz,2750
Maruti Baleno Delta,Mumbai,2016,12573,Petrol,Manual,First,21.4,1197.0,83.1,5,Maruti,Baleno Delta,6380
Audi Q7 3.0 TDI Quattro Technology,Hyderabad,2012,88000,Diesel,Automatic,First,12.07,2967.0,241.4,7,Audi,Q7 3.0 TDI Quattro Technology,40150
Hyundai Santa Fe 2WD AT,Delhi,2012,86000,Diesel,Automatic,Second,13.01,2199.0,194.3,7,Hyundai,Santa Fe 2WD AT,10450
Honda City 1.5 V MT Exclusive,Mumbai,2013,45000,Petrol,Manual,First,17.0,1497.0,118.0,5,Honda,City 1.5 V MT Exclusive,5005
Hyundai i20 1.4 CRDi Magna,Jaipur,2012,51000,Diesel,Manual,First,21.9,1396.0,90.0,5,Hyundai,i20 1.4 CRDi Magna,4290
Mahindra Bolero SLE BSIII,Pune,2007,92000,Diesel,Manual,First,13.6,2523.0,63.0,7,Mahindra,Bolero SLE BSIII,2970
Toyota Fortuner 2.8 2WD AT,Pune,2017,29000,Diesel,Automatic,First,12.9,2755.0,174.5,7,Toyota,Fortuner 2.8 2WD AT,34100
BMW 3 Series 2005-2011 325i Sedan,Bangalore,2009,70521,Petrol,Automatic,Second,10.9,2497.0,215.0,5,BMW,3 Series 2005-2011 325i Sedan,11330
BMW 3 Series 320d Sedan,Kolkata,2010,51000,Diesel,Automatic,First,16.07,1995.0,181.0,5,BMW,3 Series 320d Sedan,8525
Maruti Wagon R LXI,Hyderabad,2012,52618,Petrol,Manual,First,18.9,998.0,67.1,5,Maruti,Wagon R LXI,3520
Maruti Ertiga ZDI,Delhi,2013,68000,Diesel,Manual,First,25.47,1248.0,88.5,7,Maruti,Ertiga ZDI,5335
Land Rover Range Rover Evoque 2.0 TD4 Pure,Kochi,2016,29022,Diesel,Automatic,Second,15.68,1999.0,177.0,5,Land,Rover Range Rover Evoque 2.0 TD4 Pure,37488
Maruti Ertiga SHVS VDI,Chennai,2017,80000,Diesel,Manual,First,24.52,1248.0,88.5,7,Maruti,Ertiga SHVS VDI,8910
Tata Indigo CS eVX,Chennai,2016,78000,Diesel,Manual,Second,25.0,1396.0,69.01,5,Tata,Indigo CS eVX,2585
Maruti Alto K10 LXI,Pune,2012,100000,Petrol,Manual,First,20.92,998.0,67.1,5,Maruti,Alto K10 LXI,1980
Hyundai EON D Lite Plus,Coimbatore,2015,31412,Petrol,Manual,First,21.1,814.0,55.2,5,Hyundai,EON D Lite Plus,3762
Ford Endeavour 3.0L 4X4 AT,Mumbai,2010,78000,Diesel,Automatic,Second,11.4,2953.0,153.86,7,Ford,Endeavour 3.0L 4X4 AT,5874
Ford Endeavour 2.2 Titanium AT 4X2,Hyderabad,2018,14000,Diesel,Automatic,First,12.62,2198.0,158.0,7,Ford,Endeavour 2.2 Titanium AT 4X2,35189
Volkswagen Vento Diesel Highline,Bangalore,2011,80000,Diesel,Manual,First,20.54,1598.0,103.6,5,Volkswagen,Vento Diesel Highline,5225
Maruti Ciaz AT ZXi,Mumbai,2014,46738,Petrol,Automatic,First,19.12,1373.0,91.1,5,Maruti,Ciaz AT ZXi,6710
Hyundai EON D Lite Plus,Coimbatore,2013,54884,Petrol,Manual,Second,21.1,814.0,55.2,5,Hyundai,EON D Lite Plus,4059
Audi Q5 2.0 TDI Premium Plus,Delhi,2012,74500,Diesel,Automatic,Second,14.16,1968.0,174.3,5,Audi,Q5 2.0 TDI Premium Plus,16500
Mahindra XUV500 W10 AWD,Coimbatore,2016,67472,Diesel,Manual,First,16.0,2179.0,140.0,7,Mahindra,XUV500 W10 AWD,15950
Maruti Swift VDI,Hyderabad,2013,84000,Diesel,Manual,First,28.4,1248.0,74.0,5,Maruti,Swift VDI,6215
Maruti Ritz VDi,Kolkata,2011,77400,Diesel,Manual,First,21.1,1248.0,73.9,5,Maruti,Ritz VDi,2750
Mercedes-Benz New C-Class C 250 CDI Avantgarde,Mumbai,2017,14470,Diesel,Automatic,First,19.71,2143.0,201.15,5,Mercedes-Benz,New C-Class C 250 CDI Avantgarde,42350
Renault Duster 110PS Diesel RxZ,Kolkata,2014,52108,Diesel,Manual,First,19.01,1461.0,108.45,5,Renault,Duster 110PS Diesel RxZ,6039
Maruti Swift Dzire VXI,Kolkata,2013,40000,Petrol,Manual,First,19.1,1197.0,85.8,5,Maruti,Swift Dzire VXI,3905
Toyota Innova 2.5 VX (Diesel) 7 Seater,Jaipur,2014,105044,Diesel,Manual,First,12.99,2494.0,100.6,7,Toyota,Innova 2.5 VX (Diesel) 7 Seater,11825
Hyundai Creta 1.6 SX Option,Delhi,2016,24347,Petrol,Manual,First,15.8,1591.0,121.3,5,Hyundai,Creta 1.6 SX Option,12100
Maruti SX4 ZDI,Ahmedabad,2014,58000,Diesel,Manual,First,21.79,1248.0,88.73,5,Maruti,SX4 ZDI,4950
Mahindra XUV500 W8 2WD,Kochi,2014,49663,Diesel,Manual,First,15.1,2179.0,140.0,7,Mahindra,XUV500 W8 2WD,9262
Honda City i-VTEC CVT VX,Mumbai,2017,17000,Petrol,Automatic,First,18.0,1497.0,117.3,5,Honda,City i-VTEC CVT VX,12760
Jaguar XF 2.2 Litre Luxury,Kochi,2016,13418,Diesel,Automatic,First,16.36,2179.0,187.7,5,Jaguar,XF 2.2 Litre Luxury,36993
Ford Fiesta 1.4 SXi TDCi ABS,Pune,2008,117080,Diesel,Manual,Third,17.8,1399.0,68.0,5,Ford,Fiesta 1.4 SXi TDCi ABS,2475
BMW 5 Series 523i Sedan,Mumbai,2010,74000,Petrol,Automatic,First,10.8,2497.0,150.0,5,BMW,5 Series 523i Sedan,14245
Audi A6 2011-2015 2.0 TDI Premium Plus,Coimbatore,2014,66882,Diesel,Automatic,First,17.68,1968.0,174.33,5,Audi,A6 2011-2015 2.0 TDI Premium Plus,27522
Honda Brio 1.2 VX MT,Kochi,2014,41460,Petrol,Manual,First,18.5,1198.0,86.8,5,Honda,Brio 1.2 VX MT,4345
Honda City 1.5 V AT,Mumbai,2011,57000,Petrol,Automatic,First,16.8,1497.0,118.0,5,Honda,City 1.5 V AT,4840
Volkswagen Polo Petrol Comfortline 1.2L,Bangalore,2015,34010,Petrol,Manual,Third,16.47,1198.0,73.9,5,Volkswagen,Polo Petrol Comfortline 1.2L,5445
Mahindra Scorpio SLE BSIII,Pune,2010,96813,Diesel,Manual,Second,12.05,2179.0,120.0,8,Mahindra,Scorpio SLE BSIII,6050
Honda City V MT,Mumbai,2011,84000,Petrol,Manual,First,16.8,1497.0,116.3,5,Honda,City V MT,3575
Skoda Rapid 1.6 MPI Elegance,Kochi,2013,50004,Petrol,Manual,First,15.0,1598.0,103.5,5,Skoda,Rapid 1.6 MPI Elegance,4421
Mahindra XUV500 W6 2WD,Coimbatore,2016,67995,Diesel,Manual,First,16.0,2179.0,140.0,7,Mahindra,XUV500 W6 2WD,12903
Volkswagen Jetta 2007-2011 2.0 TDI Trendline,Chennai,2012,55000,Diesel,Manual,First,15.0,1896.0,105.0,5,Volkswagen,Jetta 2007-2011 2.0 TDI Trendline,10450
Maruti Baleno Alpha Automatic,Hyderabad,2017,14900,Petrol,Automatic,First,21.4,1197.0,83.1,5,Maruti,Baleno Alpha Automatic,9460
Honda Amaze EX i-Dtech,Jaipur,2013,70961,Diesel,Manual,First,25.8,1498.0,98.6,5,Honda,Amaze EX i-Dtech,4400
Volkswagen Vento 1.6 Highline,Mumbai,2015,40194,Petrol,Manual,First,15.04,1598.0,103.2,5,Volkswagen,Vento 1.6 Highline,6105
Maruti Alto 800 LXI,Hyderabad,2015,96000,Petrol,Manual,First,22.74,796.0,47.3,5,Maruti,Alto 800 LXI,2750
Land Rover Discovery HSE Luxury 3.0 TD6,Mumbai,2017,35000,Diesel,Automatic,First,18.0,2993.0,255.0,7,Land,Rover Discovery HSE Luxury 3.0 TD6,45760
Honda City i VTEC CVT VX,Delhi,2015,50000,Petrol,Automatic,First,18.0,1497.0,117.3,5,Honda,City i VTEC CVT VX,8151
Nissan Terrano XL 110 PS,Mumbai,2014,50000,Diesel,Manual,First,19.01,1461.0,108.5,5,Nissan,Terrano XL 110 PS,7150
Toyota Fortuner 2.8 4WD MT,Bangalore,2015,150386,Diesel,Manual,First,14.24,2755.0,174.5,7,Toyota,Fortuner 2.8 4WD MT,25300
Hyundai i20 1.4 CRDi Magna,Kolkata,2012,60000,Diesel,Manual,First,21.9,1396.0,90.0,5,Hyundai,i20 1.4 CRDi Magna,3014
Ford Figo Diesel Titanium,Hyderabad,2013,65000,Diesel,Manual,First,20.0,1399.0,68.0,5,Ford,Figo Diesel Titanium,4290
Maruti Vitara Brezza ZDi Plus,Ahmedabad,2017,80000,Diesel,Manual,First,24.3,1248.0,88.5,5,Maruti,Vitara Brezza ZDi Plus,8800
Hyundai Verna 1.6 SX,Chennai,2012,92000,Diesel,Manual,Third,22.32,1582.0,126.32,5,Hyundai,Verna 1.6 SX,4400
Hyundai Tucson 2.0 Dual VTVT 2WD AT GL,Mumbai,2016,13000,Petrol,Automatic,First,12.95,1999.0,152.88,5,Hyundai,Tucson 2.0 Dual VTVT 2WD AT GL,19525
Maruti Ritz VDi,Coimbatore,2013,73278,Diesel,Manual,First,21.1,1248.0,73.9,5,Maruti,Ritz VDi,5555
Audi A4 2.0 TFSI,Mumbai,2011,38000,Petrol,Automatic,First,10.8,1984.0,132.0,5,Audi,A4 2.0 TFSI,13200
Mercedes-Benz E-Class E250 CDI Launch Edition,Kochi,2016,46936,Diesel,Automatic,First,13.0,2143.0,204.0,5,Mercedes-Benz,E-Class E250 CDI Launch Edition,32560
Renault Duster 85PS Diesel RxE,Jaipur,2015,55000,Diesel,Manual,First,19.87,1461.0,83.8,5,Renault,Duster 85PS Diesel RxE,7150
Honda Amaze S AT i-Vtech,Mumbai,2014,19000,Petrol,Automatic,First,15.5,1198.0,86.7,5,Honda,Amaze S AT i-Vtech,5225
Volvo S60 D4 SUMMUM,Coimbatore,2016,42259,Diesel,Automatic,First,9.0,1984.0,181.0,5,Volvo,S60 D4 SUMMUM,26796
Maruti Swift Dzire 1.2 Lxi BSIV,Mumbai,2011,14000,Petrol,Manual,Second,17.5,1197.0,85.8,5,Maruti,Swift Dzire 1.2 Lxi BSIV,3520
Maruti Wagon R VXI,Kolkata,2016,16956,Petrol,Manual,First,22.5,998.0,67.04,5,Maruti,Wagon R VXI,3960
Maruti SX4 VDI,Delhi,2011,75000,Diesel,Manual,First,21.5,1248.0,88.8,5,Maruti,SX4 VDI,2750
Ford Fiesta Titanium 1.5 TDCi,Ahmedabad,2013,96000,Diesel,Manual,Second,23.5,1498.0,90.0,5,Ford,Fiesta Titanium 1.5 TDCi,3850
Toyota Camry Hybrid,Delhi,2015,25000,Petrol,Automatic,First,19.16,2494.0,158.2,5,Toyota,Camry Hybrid,27500
Maruti Wagon R VXI,Mumbai,2010,38000,Petrol,Manual,Second,22.5,998.0,67.04,5,Maruti,Wagon R VXI,1925
Mercedes-Benz E-Class E270 CDI,Bangalore,2005,54000,Diesel,Automatic,First,11.0,2987.0,198.5,5,Mercedes-Benz,E-Class E270 CDI,11000
Maruti Baleno Zeta Automatic,Jaipur,2018,4131,Petrol,Automatic,First,21.4,1197.0,83.1,5,Maruti,Baleno Zeta Automatic,8525
Honda Jazz 1.2 VX i VTEC,Hyderabad,2016,31700,Petrol,Manual,First,18.7,1199.0,88.7,5,Honda,Jazz 1.2 VX i VTEC,7095
Mahindra Scorpio S10 AT 4WD,Pune,2017,66988,Diesel,Automatic,First,15.4,2179.0,120.0,7,Mahindra,Scorpio S10 AT 4WD,11000
Volkswagen Polo 1.2 MPI Trendline,Mumbai,2014,54230,Petrol,Manual,First,16.47,1198.0,74.0,5,Volkswagen,Polo 1.2 MPI Trendline,4950
Hyundai i20 1.2 Era,Kolkata,2015,35000,Petrol,Manual,First,17.0,1197.0,80.0,5,Hyundai,i20 1.2 Era,3740
Toyota Camry W4 (AT),Mumbai,2010,62714,Petrol,Automatic,First,12.1,2362.0,164.7,5,Toyota,Camry W4 (AT),4950
Maruti Wagon R VXI,Hyderabad,2015,45295,Petrol,Manual,First,18.9,998.0,67.1,5,Maruti,Wagon R VXI,4730
BMW 5 Series 2013-2017 520d M Sport,Pune,2018,7000,Diesel,Automatic,First,18.12,1995.0,190.0,5,BMW,5 Series 2013-2017 520d M Sport,50600
Maruti Alto K10 VXI AGS,Chennai,2016,57000,Petrol,Automatic,First,24.07,998.0,67.1,5,Maruti,Alto K10 VXI AGS,3740
Mercedes-Benz New C-Class 220 CDI AT,Delhi,2013,40100,Diesel,Automatic,First,14.84,2143.0,170.0,5,Mercedes-Benz,New C-Class 220 CDI AT,15950
Maruti Alto 800 2016-2019 LXI,Delhi,2013,56000,Petrol,Manual,First,24.7,796.0,47.3,5,Maruti,Alto 800 2016-2019 LXI,2310
Maruti Swift VXI,Mumbai,2012,15000,Petrol,Manual,First,18.6,1197.0,85.8,5,Maruti,Swift VXI,4015
Chevrolet Sail Hatchback 1.2 LS ABS,Kolkata,2014,14000,Petrol,Manual,First,18.2,1199.0,82.5,5,Chevrolet,Sail Hatchback 1.2 LS ABS,3300
Hyundai i20 Asta 1.4 CRDi (Diesel),Ahmedabad,2009,68000,Diesel,Manual,Second,23.0,1396.0,90.0,5,Hyundai,i20 Asta 1.4 CRDi (Diesel),4345
Skoda Superb 2.5 TDi AT,Delhi,2012,83000,Diesel,Automatic,First,11.9,2496.0,163.2,5,Skoda,Superb 2.5 TDi AT,7425
Toyota Corolla Altis D-4D G,Kochi,2013,81504,Diesel,Manual,First,21.43,1364.0,87.2,5,Toyota,Corolla Altis D-4D G,7183
Toyota Fortuner 4x2 Manual,Hyderabad,2015,73500,Diesel,Manual,First,13.0,2982.0,168.5,7,Toyota,Fortuner 4x2 Manual,24200
Skoda Rapid 1.6 MPI AT Elegance,Pune,2013,52900,Petrol,Automatic,First,14.3,1598.0,103.52,5,Skoda,Rapid 1.6 MPI AT Elegance,5225
Honda Brio 1.2 VX AT,Mumbai,2017,20000,Petrol,Automatic,First,16.5,1198.0,86.8,5,Honda,Brio 1.2 VX AT,6589
Volkswagen Polo Petrol Comfortline 1.2L,Jaipur,2011,46000,Petrol,Manual,First,16.47,1198.0,73.9,5,Volkswagen,Polo Petrol Comfortline 1.2L,3355
Volkswagen Polo Petrol Comfortline 1.2L,Delhi,2010,65000,Petrol,Manual,First,16.47,1198.0,73.9,5,Volkswagen,Polo Petrol Comfortline 1.2L,2640
Maruti Zen Estilo LXI BSIII,Pune,2007,42000,Petrol,Manual,Third,18.2,998.0,67.1,5,Maruti,Zen Estilo LXI BSIII,1430
Toyota Etios Cross 1.4L GD,Kochi,2016,36681,Diesel,Manual,First,23.59,1364.0,67.06,5,Toyota,Etios Cross 1.4L GD,7381
Mahindra XUV500 W8 2WD,Ahmedabad,2014,67000,Diesel,Manual,Second,15.1,2179.0,140.0,7,Mahindra,XUV500 W8 2WD,7920
Hyundai Grand i10 AT Asta,Chennai,2016,18000,Petrol,Automatic,First,18.9,1197.0,82.0,5,Hyundai,Grand i10 AT Asta,5940
Ford Ecosport 1.5 DV5 MT Titanium Optional,Kochi,2015,56409,Diesel,Manual,First,22.7,1498.0,89.84,5,Ford,Ecosport 1.5 DV5 MT Titanium Optional,7293
Maruti Ertiga VXI CNG,Mumbai,2016,65263,CNG,Manual,First,12.5,1373.0,80.46,7,Maruti,Ertiga VXI CNG,8250
Honda City i-VTEC CVT ZX,Coimbatore,2018,20300,Petrol,Automatic,First,18.0,1497.0,117.3,5,Honda,City i-VTEC CVT ZX,15631
Honda City 1.5 V MT,Kolkata,2010,45008,Petrol,Manual,First,17.0,1497.0,118.0,5,Honda,City 1.5 V MT,3300
Maruti Celerio ZXI MT,Kochi,2017,21799,Petrol,Manual,First,23.1,998.0,67.04,5,Maruti,Celerio ZXI MT,5621
Volkswagen Vento Petrol Highline,Pune,2011,57328,Petrol,Manual,First,15.04,1598.0,103.6,5,Volkswagen,Vento Petrol Highline,3729
Toyota Innova Crysta 2.8 ZX AT,Hyderabad,2017,35358,Diesel,Automatic,First,11.36,2755.0,171.5,7,Toyota,Innova Crysta 2.8 ZX AT,25289
Hyundai i20 Magna,Delhi,2009,46946,Petrol,Manual,Second,18.5,1197.0,80.0,5,Hyundai,i20 Magna,2585
Maruti Ritz VDi,Kolkata,2012,39772,Diesel,Manual,First,23.2,1248.0,73.94,5,Maruti,Ritz VDi,3135
Audi A6 2011-2015 2.0 TDI Premium Plus,Delhi,2014,58000,Diesel,Automatic,First,17.68,1968.0,174.33,5,Audi,A6 2011-2015 2.0 TDI Premium Plus,20350
Renault Duster Petrol RxL,Bangalore,2014,52000,Petrol,Manual,First,13.24,1598.0,102.57,5,Renault,Duster Petrol RxL,6589
Honda Civic 2006-2010 1.8 V MT,Hyderabad,2008,152000,Petrol,Manual,Second,13.5,1799.0,130.0,5,Honda,Civic 2006-2010 1.8 V MT,3300
Tata Tiago 1.2 Revotron XT,Jaipur,2016,42700,Petrol,Manual,First,23.84,1199.0,84.0,5,Tata,Tiago 1.2 Revotron XT,3960
Audi A4 2.0 TDI,Hyderabad,2014,60000,Diesel,Automatic,First,16.55,1968.0,147.51,5,Audi,A4 2.0 TDI,26400
Maruti Swift Dzire VXI,Coimbatore,2015,33195,Petrol,Manual,First,19.1,1197.0,85.8,5,Maruti,Swift Dzire VXI,6886
Toyota Fortuner 2.8 4WD MT,Hyderabad,2010,110000,Diesel,Manual,First,14.24,2755.0,174.5,7,Toyota,Fortuner 2.8 4WD MT,15070
Mercedes-Benz M-Class ML 250 CDI,Mumbai,2016,52000,Diesel,Automatic,First,15.26,2143.0,203.2,5,Mercedes-Benz,M-Class ML 250 CDI,38500
Hyundai i20 Magna 1.4 CRDi,Kochi,2015,64399,Diesel,Manual,First,21.9,1396.0,90.0,5,Hyundai,i20 Magna 1.4 CRDi,5521
Maruti Wagon R VXI 1.2,Mumbai,2015,55000,Petrol,Manual,First,21.5,1197.0,81.8,5,Maruti,Wagon R VXI 1.2,3410
Volkswagen Vento Diesel Highline,Bangalore,2012,50000,Diesel,Manual,First,20.54,1598.0,103.6,5,Volkswagen,Vento Diesel Highline,6050
Maruti Swift Dzire VXI,Kolkata,2014,33485,Petrol,Manual,First,19.1,1197.0,85.8,5,Maruti,Swift Dzire VXI,3949
Fiat Linea Emotion (Diesel),Kolkata,2015,32000,Diesel,Manual,First,20.4,1248.0,91.7,5,Fiat,Linea Emotion (Diesel),5115
Honda City 1.5 V MT,Bangalore,2009,71400,Petrol,Manual,Third,17.0,1497.0,118.0,5,Honda,City 1.5 V MT,4180
Hyundai Creta 1.6 SX Plus Diesel,Hyderabad,2016,41713,Diesel,Manual,First,19.67,1582.0,126.2,5,Hyundai,Creta 1.6 SX Plus Diesel,13750
Honda City i-DTEC ZX,Hyderabad,2017,46000,Diesel,Manual,First,25.6,1498.0,98.6,5,Honda,City i-DTEC ZX,14190
Maruti Swift LXI Option,Chennai,2015,29500,Petrol,Manual,First,20.4,1197.0,81.8,5,Maruti,Swift LXI Option,4565
Mercedes-Benz M-Class ML 350 CDI Corporate,Coimbatore,2012,63888,Diesel,Automatic,First,14.0,2987.0,224.0,5,Mercedes-Benz,M-Class ML 350 CDI Corporate,24837
Maruti Alto 800 2016-2019 LXI,Ahmedabad,2016,60000,Petrol,Manual,First,24.7,796.0,47.3,5,Maruti,Alto 800 2016-2019 LXI,2915
Ford Figo Petrol Titanium,Delhi,2010,59196,Petrol,Manual,Second,15.6,1196.0,70.0,5,Ford,Figo Petrol Titanium,2475
Toyota Innova Crysta 2.4 G MT,Hyderabad,2016,121362,Diesel,Manual,First,13.68,2393.0,147.8,7,Toyota,Innova Crysta 2.4 G MT,17600
BMW 5 Series 2003-2012 520d,Mumbai,2013,78000,Diesel,Automatic,First,18.48,1995.0,177.0,5,BMW,5 Series 2003-2012 520d,21450
Hyundai Santa Fe 4WD AT,Bangalore,2015,59000,Diesel,Automatic,First,13.01,2199.0,194.3,7,Hyundai,Santa Fe 4WD AT,23100
BMW 5 Series 520d Luxury Line,Ahmedabad,2012,95000,Diesel,Automatic,Second,22.48,1995.0,190.0,5,BMW,5 Series 520d Luxury Line,19250
Ford Fiesta EXi 1.4 TDCi Ltd,Hyderabad,2010,84000,Diesel,Manual,Second,17.8,1399.0,68.0,5,Ford,Fiesta EXi 1.4 TDCi Ltd,2651
Toyota Etios GD,Bangalore,2012,58253,Diesel,Manual,Second,23.59,1364.0,67.05,5,Toyota,Etios GD,4895
Land Rover Range Rover 2.2L Prestige,Coimbatore,2014,64557,Diesel,Automatic,Second,12.7,2179.0,187.7,5,Land,Rover Range Rover 2.2L Prestige,32923
Toyota Etios Liva V,Pune,2012,24500,Petrol,Manual,Second,18.3,1197.0,78.9,0,Toyota,Etios Liva V,3245
Toyota Fortuner 3.0 Diesel,Jaipur,2009,149706,Diesel,Manual,First,11.5,2982.0,171.0,7,Toyota,Fortuner 3.0 Diesel,12100
Ford Ecosport 1.5 Ti VCT MT Titanium,Mumbai,2013,25984,Petrol,Manual,First,15.8,1499.0,110.0,5,Ford,Ecosport 1.5 Ti VCT MT Titanium,5885
Maruti Baleno Sigma 1.2,Mumbai,2017,15544,Petrol,Manual,First,21.4,1197.0,83.1,5,Maruti,Baleno Sigma 1.2,6215
Mini Cooper Countryman D High,Mumbai,2015,34000,Diesel,Automatic,First,23.8,1998.0,112.0,5,Mini,Cooper Countryman D High,24200
Hyundai Verna 1.6 VTVT EX AT,Mumbai,2013,24000,Petrol,Automatic,First,17.01,1591.0,121.4,5,Hyundai,Verna 1.6 VTVT EX AT,6545
Ford Figo Diesel Titanium,Pune,2011,95000,Diesel,Manual,Third,20.0,1399.0,68.0,5,Ford,Figo Diesel Titanium,2585
Honda Amaze S i-Dtech,Pune,2014,52000,Diesel,Manual,Second,25.8,1498.0,98.6,5,Honda,Amaze S i-Dtech,4510
Renault Duster 110PS Diesel RxZ,Pune,2012,135000,Diesel,Manual,First,19.01,1461.0,108.45,5,Renault,Duster 110PS Diesel RxZ,5940
Ford EcoSport 1.5 Diesel Titanium,Delhi,2017,39000,Diesel,Manual,First,23.0,1498.0,98.96,5,Ford,EcoSport 1.5 Diesel Titanium,9295
BMW X6 xDrive30d,Jaipur,2013,45306,Diesel,Automatic,Second,11.2,2993.0,241.0,4,BMW,X6 xDrive30d,46750
Toyota Fortuner 2.8 4WD MT,Mumbai,2010,140000,Diesel,Manual,First,14.24,2755.0,174.5,7,Toyota,Fortuner 2.8 4WD MT,11825
Hyundai Santro Xing GLS LPG,Pune,2010,55000,LPG,Manual,Second,9.607142857142858,1086.0,62.1,5,Hyundai,Santro Xing GLS LPG,1815
Mahindra Ssangyong Rexton RX7,Kochi,2015,67415,Diesel,Automatic,First,11.18,2696.0,184.0,7,Mahindra,Ssangyong Rexton RX7,12133
Maruti Celerio VXI,Kolkata,2016,25562,Petrol,Manual,First,23.1,998.0,67.04,5,Maruti,Celerio VXI,3850
Hyundai i20 Sportz 1.2,Jaipur,2016,30292,Petrol,Manual,First,18.6,1197.0,81.83,5,Hyundai,i20 Sportz 1.2,6930
Ford EcoSport 1.0 Ecoboost Titanium Plus,Bangalore,2014,84056,Petrol,Manual,First,18.88,999.0,123.24,5,Ford,EcoSport 1.0 Ecoboost Titanium Plus,7425
Maruti Ciaz VDi,Jaipur,2017,62691,Diesel,Manual,First,26.21,1248.0,88.5,5,Maruti,Ciaz VDi,8250
Audi A4 2.0 TDI 177 Bhp Premium Plus,Pune,2013,87000,Diesel,Automatic,First,17.11,1968.0,174.33,5,Audi,A4 2.0 TDI 177 Bhp Premium Plus,17050
Honda Amaze S i-Vtech,Delhi,2015,52513,Petrol,Manual,First,18.0,1198.0,86.7,5,Honda,Amaze S i-Vtech,5115
Ford EcoSport 1.5 Ti VCT AT Titanium,Kochi,2016,43983,Petrol,Automatic,First,15.63,1499.0,110.4,5,Ford,EcoSport 1.5 Ti VCT AT Titanium,8338
Maruti Alto K10 2010-2014 VXI,Hyderabad,2013,90121,Petrol,Manual,First,20.92,998.0,67.1,5,Maruti,Alto K10 2010-2014 VXI,2420
Audi A6 3.0 TDI quattro,Bangalore,2011,50000,Diesel,Automatic,Third,16.77,2967.0,241.38,5,Audi,A6 3.0 TDI quattro,23100
Volkswagen Passat Diesel Highline 2.0 TDI,Kolkata,2011,42500,Diesel,Automatic,First,18.33,1968.0,167.7,5,Volkswagen,Passat Diesel Highline 2.0 TDI,5775
Maruti Swift VDI,Kochi,2016,62192,Diesel,Manual,First,28.4,1248.0,74.0,5,Maruti,Swift VDI,5742
Mahindra Logan Diesel 1.5 DLS,Chennai,2011,128000,Diesel,Manual,Third,19.2,1461.0,65.0,5,Mahindra,Logan Diesel 1.5 DLS,2200
Maruti Ciaz Alpha,Kochi,2018,38394,Petrol,Manual,First,21.56,1462.0,103.25,5,Maruti,Ciaz Alpha,10098
Honda City 1.5 V AT,Delhi,2011,60000,Petrol,Automatic,First,16.8,1497.0,118.0,5,Honda,City 1.5 V AT,4895
Ford Figo 2015-2019 1.2P Trend MT,Coimbatore,2017,39419,Petrol,Manual,First,18.16,1196.0,86.8,5,Ford,Figo 2015-2019 1.2P Trend MT,5445
Hyundai i20 Sportz 1.4 CRDi,Delhi,2014,55000,Diesel,Manual,First,22.54,1396.0,88.73,5,Hyundai,i20 Sportz 1.4 CRDi,6204
Ford EcoSport 1.5 Ti VCT MT Titanium BE,Mumbai,2016,7000,Petrol,Manual,First,18.88,1499.0,110.4,5,Ford,EcoSport 1.5 Ti VCT MT Titanium BE,7590
Audi A4 2.0 TDI,Hyderabad,2011,85000,Diesel,Automatic,First,16.55,1968.0,147.51,5,Audi,A4 2.0 TDI,15345
BMW 1 Series 118d Sport Line,Hyderabad,2013,51000,Diesel,Automatic,Second,20.58,1995.0,143.0,5,BMW,1 Series 118d Sport Line,18700
Tata Safari DICOR 2.2 LX 4x2,Bangalore,2012,90000,Diesel,Manual,Second,13.93,2179.0,138.03,7,Tata,Safari DICOR 2.2 LX 4x2,5060
Mahindra Scorpio VLX 4WD AIRBAG BSIV,Jaipur,2010,105000,Diesel,Manual,Second,12.05,2179.0,120.0,8,Mahindra,Scorpio VLX 4WD AIRBAG BSIV,5731
Hyundai Creta 1.6 SX Plus Dual Tone Petrol,Coimbatore,2017,36458,Petrol,Manual,First,15.29,1591.0,121.3,5,Hyundai,Creta 1.6 SX Plus Dual Tone Petrol,13574
Honda City ZX VTEC,Chennai,2006,109000,Petrol,Manual,First,16.9,1497.0,100.0,5,Honda,City ZX VTEC,1650
BMW X1 sDrive 20d Sportline,Delhi,2015,49000,Diesel,Automatic,First,17.05,1995.0,184.0,5,BMW,X1 sDrive 20d Sportline,25289
Land Rover Range Rover Sport 2005 2012 HSE,Hyderabad,2010,45000,Diesel,Automatic,First,14.7,2993.0,241.4,6,Land,Rover Range Rover Sport 2005 2012 HSE,44000
Hyundai i10 Asta Sunroof AT,Mumbai,2011,54000,Petrol,Automatic,First,19.2,1197.0,80.0,5,Hyundai,i10 Asta Sunroof AT,3190
Hyundai Elantra 2.0 SX Option AT,Delhi,2016,28000,Petrol,Automatic,First,14.62,1999.0,149.92,5,Hyundai,Elantra 2.0 SX Option AT,15290
Maruti Ciaz RS ZDi Plus SHVS,Delhi,2016,38500,Diesel,Manual,Second,28.09,1248.0,88.5,5,Maruti,Ciaz RS ZDi Plus SHVS,8635
BMW X5 xDrive 30d,Coimbatore,2016,17738,Diesel,Automatic,First,15.3,2993.0,258.0,5,BMW,X5 xDrive 30d,59895
Chevrolet Tavera LT 9 Str BS IV,Kolkata,2012,67132,Diesel,Manual,First,13.58,2499.0,78.0,9,Chevrolet,Tavera LT 9 Str BS IV,5225
Volkswagen Vento 1.5 TDI Trendline,Mumbai,2011,47000,Diesel,Manual,First,20.64,1498.0,108.5,5,Volkswagen,Vento 1.5 TDI Trendline,3575
Honda City i VTEC V,Mumbai,2015,28005,Petrol,Manual,First,17.8,1497.0,117.3,5,Honda,City i VTEC V,7810
Maruti Swift VXI BSIV,Kolkata,2017,13000,Petrol,Manual,First,20.4,1197.0,81.8,5,Maruti,Swift VXI BSIV,5115
Volkswagen Jetta 2012-2014 2.0L TDI Comfortline,Kolkata,2012,67000,Diesel,Manual,First,19.33,1968.0,138.1,5,Volkswagen,Jetta 2012-2014 2.0L TDI Comfortline,5500
Hyundai i20 Sportz 1.2,Delhi,2015,50000,Petrol,Manual,First,18.6,1197.0,81.83,5,Hyundai,i20 Sportz 1.2,5445
Mahindra XUV500 W8 2WD,Bangalore,2014,55000,Diesel,Manual,First,15.1,2179.0,140.0,7,Mahindra,XUV500 W8 2WD,10780
Maruti Celerio LXI,Kolkata,2015,30458,Petrol,Manual,First,23.1,998.0,67.04,5,Maruti,Celerio LXI,3289
Volkswagen Vento 1.6 Highline,Mumbai,2014,46000,Petrol,Manual,First,15.04,1598.0,103.2,5,Volkswagen,Vento 1.6 Highline,4895
Hyundai Xcent 1.2 Kappa S Option CNG,Delhi,2016,36676,CNG,Manual,First,17.857142857142858,1197.0,81.86,5,Hyundai,Xcent 1.2 Kappa S Option CNG,5500
Ford EcoSport 1.5 TDCi Titanium,Chennai,2014,72563,Diesel,Manual,Second,22.77,1498.0,98.59,5,Ford,EcoSport 1.5 TDCi Titanium,5500
Hyundai Elantra 2.0 SX Option AT,Coimbatore,2015,58239,Petrol,Automatic,First,14.62,1999.0,149.92,5,Hyundai,Elantra 2.0 SX Option AT,10659
Chevrolet Enjoy 1.3 TCDi LTZ 8,Coimbatore,2015,57934,Diesel,Manual,First,18.2,1248.0,73.74,8,Chevrolet,Enjoy 1.3 TCDi LTZ 8,6050
Volkswagen Polo 1.5 TDI Highline,Jaipur,2015,63000,Diesel,Manual,First,20.14,1498.0,88.8,5,Volkswagen,Polo 1.5 TDI Highline,5621
Skoda Fabia 1.2 MPI Ambition Plus,Mumbai,2012,27014,Petrol,Manual,First,16.25,1198.0,75.0,5,Skoda,Fabia 1.2 MPI Ambition Plus,2409
Volkswagen Vento Diesel Comfortline,Chennai,2012,90906,Diesel,Manual,First,20.54,1598.0,103.6,5,Volkswagen,Vento Diesel Comfortline,4675
Mahindra Ssangyong Rexton RX7,Hyderabad,2013,61202,Diesel,Automatic,First,11.18,2696.0,184.0,7,Mahindra,Ssangyong Rexton RX7,15950
Nissan Terrano XL D Option,Mumbai,2014,51000,Diesel,Manual,First,19.87,1461.0,83.14,5,Nissan,Terrano XL D Option,6215
Toyota Fortuner 2.8 2WD AT,Ahmedabad,2016,88008,Diesel,Automatic,Second,12.9,2755.0,174.5,7,Toyota,Fortuner 2.8 2WD AT,24750
Toyota Corolla H4,Jaipur,2004,160000,Petrol,Automatic,Second,11.3,1794.0,125.0,5,Toyota,Corolla H4,1650
Hyundai i10 Sportz,Kochi,2012,42591,Petrol,Manual,First,20.36,1197.0,78.9,5,Hyundai,i10 Sportz,3520
Hyundai i20 1.4 CRDi Sportz,Bangalore,2012,67000,Diesel,Manual,First,23.0,1396.0,90.0,5,Hyundai,i20 1.4 CRDi Sportz,4950
Honda Amaze S i-Dtech,Pune,2014,48000,Diesel,Manual,Second,25.8,1498.0,98.6,5,Honda,Amaze S i-Dtech,4950
Hyundai Verna 1.6 SX CRDI (O) AT,Jaipur,2014,97000,Diesel,Automatic,First,22.32,1582.0,126.32,5,Hyundai,Verna 1.6 SX CRDI (O) AT,8800
Mercedes-Benz GLA Class 200 d Sport,Mumbai,2018,10000,Diesel,Automatic,First,17.9,2143.0,136.0,5,Mercedes-Benz,GLA Class 200 d Sport,31790
Volkswagen Polo 1.5 TDI Trendline,Coimbatore,2015,56900,Diesel,Manual,First,20.14,1498.0,88.8,5,Volkswagen,Polo 1.5 TDI Trendline,4510
Maruti Baleno Zeta Automatic,Kochi,2017,36152,Petrol,Automatic,First,21.4,1197.0,83.1,5,Maruti,Baleno Zeta Automatic,7942
Maruti Swift VDI,Hyderabad,2014,85512,Diesel,Manual,First,22.9,1248.0,74.0,5,Maruti,Swift VDI,6380
Ford Ecosport 1.5 DV5 MT Trend,Bangalore,2013,36000,Diesel,Manual,Second,22.7,1498.0,89.84,5,Ford,Ecosport 1.5 DV5 MT Trend,6985
Mahindra XUV500 W8 2WD,Delhi,2015,36096,Diesel,Manual,First,15.1,2179.0,140.0,7,Mahindra,XUV500 W8 2WD,9735
Chevrolet Beat LS,Hyderabad,2010,111111,Petrol,Manual,Second,18.6,1199.0,79.4,5,Chevrolet,Beat LS,2200
Hyundai Verna 1.6 VTVT,Bangalore,2012,73000,Petrol,Manual,First,17.01,1591.0,121.3,5,Hyundai,Verna 1.6 VTVT,6050
Hyundai Grand i10 Asta,Kolkata,2014,44300,Petrol,Manual,Second,18.9,1197.0,82.0,5,Hyundai,Grand i10 Asta,2530
Renault Duster 110PS Diesel RxZ,Bangalore,2014,74500,Diesel,Manual,First,19.01,1461.0,108.45,5,Renault,Duster 110PS Diesel RxZ,8745
Hyundai Xcent 1.2 Kappa S Option,Coimbatore,2016,21495,Petrol,Manual,First,19.1,1197.0,81.86,5,Hyundai,Xcent 1.2 Kappa S Option,6776
Hyundai i10 Sportz,Delhi,2012,59000,Petrol,Manual,First,20.36,1197.0,78.9,5,Hyundai,i10 Sportz,3135
Mercedes-Benz GLA Class 200 Sport Edition,Delhi,2016,23000,Petrol,Automatic,First,13.7,1991.0,183.0,5,Mercedes-Benz,GLA Class 200 Sport Edition,27500
Mercedes-Benz New C-Class 220 CDI MT,Coimbatore,2008,50135,Diesel,Manual,First,15.8,2148.0,170.0,5,Mercedes-Benz,New C-Class 220 CDI MT,11396
Mercedes-Benz CLA 200 Sport Edition,Delhi,2016,25000,Petrol,Automatic,First,15.04,1991.0,183.0,5,Mercedes-Benz,CLA 200 Sport Edition,28600
Hyundai Verna 1.6 SX CRDi (O),Kolkata,2013,47000,Diesel,Manual,First,22.32,1582.0,126.32,5,Hyundai,Verna 1.6 SX CRDi (O),4785
Mahindra Xylo D2 Maxx,Chennai,2016,150000,Diesel,Manual,First,14.95,2489.0,93.7,9,Mahindra,Xylo D2 Maxx,4950
Maruti Swift Dzire LDI,Delhi,2015,53503,Diesel,Manual,First,26.59,1248.0,74.0,5,Maruti,Swift Dzire LDI,5500
Hyundai i10 Sportz,Ahmedabad,2014,47003,Petrol,Manual,First,20.36,1197.0,78.9,5,Hyundai,i10 Sportz,4037
Tata Safari Storme Explorer Edition,Delhi,2014,80000,Diesel,Manual,First,14.0,2179.0,138.1,7,Tata,Safari Storme Explorer Edition,6600
Hyundai Grand i10 Asta,Coimbatore,2018,20492,Petrol,Manual,First,18.9,1197.0,82.0,5,Hyundai,Grand i10 Asta,6974
Mini Cooper Convertible S,Chennai,2012,17000,Petrol,Automatic,Second,16.82,1998.0,189.08,4,Mini,Cooper Convertible S,24200
Toyota Corolla H5,Delhi,2006,79000,Petrol,Manual,Second,13.4,1794.0,125.0,5,Toyota,Corolla H5,1837
Toyota Corolla Altis G MT,Kolkata,2014,27000,Petrol,Manual,First,14.28,1798.0,138.03,5,Toyota,Corolla Altis G MT,8745
Maruti Grand Vitara 2.4 MT,Kochi,2018,28786,Petrol,Manual,First,10.4,2393.0,163.5,5,Maruti,Grand Vitara 2.4 MT,10714
Mahindra XUV500 W8 1.99 mHawk,Chennai,2011,143354,Diesel,Manual,Second,16.0,1997.0,140.0,7,Mahindra,XUV500 W8 1.99 mHawk,6600
Mini Cooper 3 DOOR S,Mumbai,2013,21000,Petrol,Automatic,First,17.44,1998.0,189.08,4,Mini,Cooper 3 DOOR S,23650
Maruti Wagon R CNG LXI,Pune,2014,29202,CNG,Manual,First,23.95714285714286,998.0,67.04,5,Maruti,Wagon R CNG LXI,4290
Maruti Ritz VDi,Jaipur,2009,73000,Diesel,Manual,Second,21.1,1248.0,73.9,5,Maruti,Ritz VDi,2585
Volkswagen Polo Diesel Comfortline 1.2L,Delhi,2012,74000,Diesel,Manual,Second,22.07,1199.0,73.9,5,Volkswagen,Polo Diesel Comfortline 1.2L,2915
Hyundai i10 Magna,Kochi,2011,65423,Petrol,Manual,First,20.36,1197.0,78.9,5,Hyundai,i10 Magna,3476
Maruti A-Star Vxi,Jaipur,2009,65000,Petrol,Manual,Second,19.0,998.0,66.1,5,Maruti,A-Star Vxi,2255
Maruti Wagon R LXI CNG,Hyderabad,2013,83875,CNG,Manual,Second,19.000000000000004,998.0,58.16,5,Maruti,Wagon R LXI CNG,3245
Maruti Wagon R Stingray LXI,Hyderabad,2014,55277,Petrol,Manual,First,20.51,998.0,67.04,5,Maruti,Wagon R Stingray LXI,4290
Honda Mobilio S i DTEC,Coimbatore,2017,50808,Diesel,Manual,Second,24.2,1498.0,98.6,7,Honda,Mobilio S i DTEC,7348
Hyundai EON Era Plus,Jaipur,2017,52000,Petrol,Manual,Second,21.1,814.0,55.2,5,Hyundai,EON Era Plus,3850
Skoda Rapid 1.6 MPI AT Ambition,Mumbai,2017,32000,Petrol,Automatic,First,14.84,1598.0,103.52,5,Skoda,Rapid 1.6 MPI AT Ambition,8921
Maruti Ciaz VDi Plus SHVS,Delhi,2017,25000,Diesel,Manual,First,28.09,1248.0,88.5,5,Maruti,Ciaz VDi Plus SHVS,9130
Mercedes-Benz M-Class ML 250 CDI,Coimbatore,2016,23218,Diesel,Automatic,First,15.26,2143.0,203.2,5,Mercedes-Benz,M-Class ML 250 CDI,50171
Skoda Laura Elegance 2.0 TDI CR AT,Pune,2010,84000,Diesel,Automatic,First,20.0,1968.0,138.1,5,Skoda,Laura Elegance 2.0 TDI CR AT,4895
Maruti Vitara Brezza VDi Option,Delhi,2017,40000,Diesel,Manual,First,24.3,1248.0,88.5,5,Maruti,Vitara Brezza VDi Option,8635
Hyundai Santro Xing GLS LPG,Hyderabad,2011,17000,LPG,Manual,First,9.607142857142858,1086.0,62.1,5,Hyundai,Santro Xing GLS LPG,3410
Hyundai Grand i10 CRDi Sportz,Kolkata,2014,25135,Diesel,Manual,First,24.0,1120.0,70.0,5,Hyundai,Grand i10 CRDi Sportz,4125
Maruti Ertiga VDI,Delhi,2017,65000,Diesel,Manual,First,25.47,1248.0,88.5,7,Maruti,Ertiga VDI,8415
Hyundai i20 1.2 Sportz,Ahmedabad,2013,40000,Petrol,Manual,First,17.0,1197.0,80.0,5,Hyundai,i20 1.2 Sportz,5390
Mahindra XUV500 AT W10 FWD,Coimbatore,2018,24500,Diesel,Automatic,First,16.0,2179.0,140.0,7,Mahindra,XUV500 AT W10 FWD,18172
Skoda Superb Elegance 1.8 TSI AT,Kochi,2016,56674,Petrol,Automatic,First,13.7,1798.0,157.75,5,Skoda,Superb Elegance 1.8 TSI AT,15455
Maruti Ciaz VXi Plus,Kochi,2016,51950,Petrol,Manual,First,20.73,1373.0,91.1,5,Maruti,Ciaz VXi Plus,7425
Hyundai Creta 1.6 CRDi SX,Kolkata,2016,51000,Diesel,Manual,First,19.67,1582.0,126.2,5,Hyundai,Creta 1.6 CRDi SX,10120
Toyota Etios GD,Chennai,2012,150000,Diesel,Manual,Third,23.59,1364.0,67.05,5,Toyota,Etios GD,3300
Honda City 1.5 S MT,Chennai,2008,114750,Petrol,Manual,Second,17.0,1497.0,118.0,5,Honda,City 1.5 S MT,3025
Ford Endeavour 2.2 Trend MT 4X4,Hyderabad,2016,107890,Diesel,Manual,First,13.5,2198.0,157.7,7,Ford,Endeavour 2.2 Trend MT 4X4,22550
Hyundai i20 2015-2017 1.4 Magna ABS,Pune,2012,64000,Diesel,Manual,First,21.9,1396.0,90.0,5,Hyundai,i20 2015-2017 1.4 Magna ABS,4675
Ford EcoSport 1.5 Petrol Trend,Kolkata,2016,21460,Petrol,Manual,First,17.0,1497.0,121.36,5,Ford,EcoSport 1.5 Petrol Trend,6600
Hyundai i20 1.2 Sportz,Coimbatore,2015,29634,Petrol,Manual,Second,17.0,1197.0,80.0,5,Hyundai,i20 1.2 Sportz,6600
Maruti Swift VXI BSIII,Ahmedabad,2008,52000,Petrol,Manual,First,16.1,1298.0,88.2,5,Maruti,Swift VXI BSIII,2651
Honda Jazz V CVT,Hyderabad,2015,33000,Petrol,Automatic,First,19.0,1199.0,88.7,5,Honda,Jazz V CVT,7975
Volvo XC90 2007-2015 D5 AWD,Kochi,2014,89230,Diesel,Manual,First,11.1,2400.0,200.0,7,Volvo,XC90 2007-2015 D5 AWD,26015
Maruti Baleno Alpha 1.2,Delhi,2016,27000,Petrol,Manual,First,21.4,1197.0,83.1,5,Maruti,Baleno Alpha 1.2,7150
Mercedes-Benz GLA Class 200 CDI SPORT,Kochi,2017,72524,Diesel,Automatic,Second,17.9,2143.0,136.0,5,Mercedes-Benz,GLA Class 200 CDI SPORT,19866
Renault KWID RXT,Hyderabad,2016,73000,Petrol,Manual,First,25.17,799.0,53.3,5,Renault,KWID RXT,3520
Ford Figo 2015-2019 1.2P Titanium Opt MT,Coimbatore,2017,21740,Petrol,Manual,First,18.16,1196.0,86.8,5,Ford,Figo 2015-2019 1.2P Titanium Opt MT,7062
Toyota Fortuner 4x2 Manual,Jaipur,2015,59000,Diesel,Manual,First,13.0,2982.0,168.5,7,Toyota,Fortuner 4x2 Manual,25300
Honda City 1.5 S MT,Chennai,2013,83432,Petrol,Manual,First,17.0,1497.0,118.0,5,Honda,City 1.5 S MT,6490
Mahindra Scorpio S2 7 Seater,Pune,2014,87200,Diesel,Manual,First,15.4,2523.0,75.0,7,Mahindra,Scorpio S2 7 Seater,8525
BMW 3 Series 320d,Hyderabad,2012,88000,Diesel,Automatic,First,13.2,1995.0,170.0,5,BMW,3 Series 320d,16500
Maruti Vitara Brezza ZDi Plus,Jaipur,2017,48324,Diesel,Manual,First,24.3,1248.0,88.5,5,Maruti,Vitara Brezza ZDi Plus,9900
Mercedes-Benz New C-Class C 200 CGI Elegance,Delhi,2011,51000,Petrol,Automatic,First,11.74,1796.0,186.0,5,Mercedes-Benz,New C-Class C 200 CGI Elegance,12650
Hyundai Verna 1.6 VTVT,Kolkata,2012,24000,Petrol,Manual,Second,17.01,1591.0,121.3,5,Hyundai,Verna 1.6 VTVT,6820
Hyundai Grand i10 1.2 CRDi Sportz,Kochi,2017,20773,Diesel,Manual,First,24.0,1186.0,73.97,5,Hyundai,Grand i10 1.2 CRDi Sportz,6512
Volkswagen Polo 1.5 TDI Highline,Kolkata,2016,22000,Diesel,Manual,First,20.14,1498.0,88.0,5,Volkswagen,Polo 1.5 TDI Highline,6919
Honda Amaze S i-Vtech,Kochi,2014,66355,Petrol,Manual,First,18.0,1198.0,86.7,5,Honda,Amaze S i-Vtech,4532
Honda CR-V 2.4 AT,Pune,2007,115800,Petrol,Automatic,Third,10.1,2354.0,152.0,5,Honda,CR-V 2.4 AT,4180
Hyundai Santro Xing GL Plus,Ahmedabad,2014,41125,Petrol,Manual,First,17.92,1086.0,62.1,5,Hyundai,Santro Xing GL Plus,2970
Mercedes-Benz B Class B200 CDI,Coimbatore,2017,43812,Diesel,Automatic,First,15.0,2143.0,107.3,5,Mercedes-Benz,B Class B200 CDI,22308
Honda Amaze S i-Vtech,Delhi,2014,69876,Petrol,Manual,First,18.0,1198.0,86.7,5,Honda,Amaze S i-Vtech,4290
Toyota Fortuner 4x2 AT,Pune,2014,102000,Diesel,Automatic,Second,12.55,2982.0,168.5,7,Toyota,Fortuner 4x2 AT,18150
Hyundai Verna 1.6 VTVT,Pune,2011,68000,Petrol,Manual,First,17.01,1591.0,121.3,5,Hyundai,Verna 1.6 VTVT,4070
BMW 3 Series 320d,Mumbai,2013,25000,Diesel,Automatic,First,22.69,1995.0,190.0,5,BMW,3 Series 320d,19789
Hyundai i20 Magna 1.4 CRDi (Diesel),Jaipur,2013,51873,Diesel,Manual,First,21.9,1396.0,88.76,5,Hyundai,i20 Magna 1.4 CRDi (Diesel),4290
Ford Figo Diesel EXI Option,Chennai,2012,72500,Diesel,Manual,First,18.5,1399.0,68.0,5,Ford,Figo Diesel EXI Option,3432
Maruti Wagon R LXI BSIII,Pune,2007,83000,Petrol,Manual,First,14.0,1061.0,64.0,5,Maruti,Wagon R LXI BSIII,1815
Hyundai Xcent 1.2 Kappa S Option,Kolkata,2015,39871,Petrol,Manual,First,19.1,1197.0,81.86,5,Hyundai,Xcent 1.2 Kappa S Option,3850
Mahindra Xylo H4,Chennai,2015,82000,Diesel,Manual,Second,14.02,2179.0,118.3,7,Mahindra,Xylo H4,5335
Mercedes-Benz New C-Class C 220d Avantgarde Edition C,Coimbatore,2018,23152,Diesel,Automatic,First,19.27,2143.0,167.62,5,Mercedes-Benz,New C-Class C 220d Avantgarde Edition C,43142
Hyundai i10 Magna,Kolkata,2007,71600,Petrol,Manual,Second,20.36,1197.0,78.9,5,Hyundai,i10 Magna,2200
Toyota Fortuner 3.0 Diesel,Mumbai,2010,122000,Diesel,Manual,Second,11.5,2982.0,171.0,7,Toyota,Fortuner 3.0 Diesel,11495
Toyota Camry Hybrid,Chennai,2016,29277,Petrol,Automatic,First,19.16,2494.0,158.2,5,Toyota,Camry Hybrid,29700
Ford Figo Diesel ZXI,Kolkata,2011,60000,Diesel,Manual,First,20.0,1399.0,68.0,5,Ford,Figo Diesel ZXI,2475
Hyundai Xcent 1.2 Kappa S Option,Kolkata,2014,42000,Petrol,Manual,First,19.1,1197.0,81.86,5,Hyundai,Xcent 1.2 Kappa S Option,3795
Hyundai i20 Sportz 1.2,Kochi,2016,61823,Petrol,Manual,First,18.6,1197.0,81.83,5,Hyundai,i20 Sportz 1.2,6754
Hyundai i10 Magna LPG,Jaipur,2012,53000,LPG,Manual,Second,13.714285714285715,1086.0,68.05,5,Hyundai,i10 Magna LPG,3135
Tata Indigo CS Emax CNG GLX,Chennai,2015,75000,CNG,Manual,First,17.571428571428573,1193.0,55.23,5,Tata,Indigo CS Emax CNG GLX,3575
Maruti Dzire VDI,Hyderabad,2011,110000,Diesel,Manual,First,28.4,1248.0,73.75,5,Maruti,Dzire VDI,4400
Honda City 1.5 S MT,Kolkata,2010,38446,Petrol,Manual,First,17.0,1497.0,118.0,5,Honda,City 1.5 S MT,2849
Maruti Baleno Delta 1.3,Delhi,2017,33000,Diesel,Manual,First,27.39,1248.0,74.0,5,Maruti,Baleno Delta 1.3,7656
Toyota Etios Liva G,Kolkata,2011,42118,Petrol,Manual,First,18.3,1197.0,78.9,5,Toyota,Etios Liva G,2409
Hyundai EON Era Plus,Jaipur,2016,70000,Petrol,Manual,First,21.1,814.0,55.2,5,Hyundai,EON Era Plus,3300
Volkswagen Polo 1.5 TDI Highline,Delhi,2012,68038,Diesel,Manual,First,20.14,1498.0,88.0,5,Volkswagen,Polo 1.5 TDI Highline,3960
Chevrolet Beat Diesel LS,Coimbatore,2014,55012,Diesel,Manual,Second,25.44,936.0,57.6,5,Chevrolet,Beat Diesel LS,4070
BMW 5 Series 520d Luxury Line,Ahmedabad,2013,55000,Diesel,Automatic,First,22.48,1995.0,190.0,5,BMW,5 Series 520d Luxury Line,23925
Mercedes-Benz GLC 220d 4MATIC Sport,Mumbai,2017,25000,Diesel,Automatic,First,17.9,2143.0,170.0,5,Mercedes-Benz,GLC 220d 4MATIC Sport,49500
Maruti Alto K10 VXI,Coimbatore,2011,46808,Petrol,Manual,Second,24.07,998.0,67.1,5,Maruti,Alto K10 VXI,3509
Hyundai Xcent 1.2 VTVT S,Coimbatore,2015,65743,Petrol,Manual,First,20.14,1197.0,81.86,5,Hyundai,Xcent 1.2 VTVT S,6820
Hyundai i10 Magna 1.1,Coimbatore,2013,64466,Petrol,Manual,First,19.81,1086.0,68.05,5,Hyundai,i10 Magna 1.1,4356
Maruti Swift Dzire Tour LDI,Jaipur,2016,80000,Diesel,Manual,First,23.4,1248.0,74.0,5,Maruti,Swift Dzire Tour LDI,4950
Hyundai Xcent 1.2 CRDi E Plus,Mumbai,2017,69000,Diesel,Manual,First,25.4,1186.0,73.97,5,Hyundai,Xcent 1.2 CRDi E Plus,3905
Nissan Sunny Diesel XV,Chennai,2014,79200,Diesel,Manual,First,22.71,1461.0,84.8,5,Nissan,Sunny Diesel XV,6050
Hyundai Creta 1.6 SX Option,Mumbai,2016,29477,Petrol,Manual,First,15.8,1591.0,121.3,5,Hyundai,Creta 1.6 SX Option,11275
Toyota Fortuner 2.8 2WD AT,Delhi,2017,40000,Diesel,Automatic,First,12.9,2755.0,174.5,7,Toyota,Fortuner 2.8 2WD AT,33000
Maruti Ritz VXi,Pune,2014,25000,Petrol,Manual,Second,18.5,1197.0,85.8,5,Maruti,Ritz VXi,3850
Renault Pulse RxL,Delhi,2014,67668,Diesel,Manual,First,23.08,1461.0,63.12,5,Renault,Pulse RxL,3410
Skoda Fabia 1.2 MPI Ambiente Petrol,Hyderabad,2010,78000,Petrol,Manual,First,17.5,1198.0,75.0,5,Skoda,Fabia 1.2 MPI Ambiente Petrol,3575
Ford EcoSport 1.5 Diesel Titanium,Mumbai,2017,30000,Diesel,Manual,First,23.0,1498.0,98.96,5,Ford,EcoSport 1.5 Diesel Titanium,9889
Volkswagen Vento Petrol Comfortline,Kolkata,2015,70623,Petrol,Manual,First,15.04,1598.0,103.6,5,Volkswagen,Vento Petrol Comfortline,4389
Nissan Terrano XV 110 PS,Mumbai,2015,54000,Diesel,Manual,Second,19.01,1461.0,108.5,5,Nissan,Terrano XV 110 PS,6600
Audi Q3 2012-2015 35 TDI Quattro Premium,Mumbai,2015,48000,Diesel,Automatic,First,15.73,1968.0,174.33,5,Audi,Q3 2012-2015 35 TDI Quattro Premium,20075
Toyota Innova 2.5 GX (Diesel) 7 Seater,Delhi,2012,62000,Diesel,Manual,First,12.99,2494.0,100.0,7,Toyota,Innova 2.5 GX (Diesel) 7 Seater,8525
Tata Zest Revotron 1.2T XE,Delhi,2017,47000,Petrol,Manual,Second,17.57,1193.0,88.7,5,Tata,Zest Revotron 1.2T XE,4950
BMW X3 xDrive20d,Pune,2012,108000,Diesel,Automatic,First,16.09,1995.0,184.0,5,BMW,X3 xDrive20d,19250
Maruti SX4 S Cross DDiS 320 Zeta,Chennai,2016,41000,Diesel,Manual,First,22.7,1598.0,118.0,5,Maruti,SX4 S Cross DDiS 320 Zeta,8470
Honda City 1.5 S MT,Pune,2012,66000,Petrol,Manual,Second,17.0,1497.0,118.0,5,Honda,City 1.5 S MT,4895
Maruti Swift Dzire LDI,Jaipur,2015,144000,Diesel,Manual,First,26.59,1248.0,74.0,5,Maruti,Swift Dzire LDI,5775
BMW 3 Series 320d M Sport,Kochi,2017,23806,Diesel,Automatic,First,22.69,1995.0,190.0,5,BMW,3 Series 320d M Sport,37025
Nissan Micra XV CVT,Chennai,2013,89000,Petrol,Automatic,Second,19.34,1198.0,76.0,5,Nissan,Micra XV CVT,3080
Maruti Baleno Zeta Automatic,Coimbatore,2018,38852,Petrol,Automatic,First,21.4,1197.0,83.1,5,Maruti,Baleno Zeta Automatic,9317
Maruti Ciaz ZDi Plus,Coimbatore,2018,68737,Diesel,Manual,First,26.21,1248.0,88.5,5,Maruti,Ciaz ZDi Plus,10252
Mercedes-Benz CLA 200 CDI Style,Coimbatore,2017,23106,Diesel,Automatic,First,17.9,2143.0,136.0,5,Mercedes-Benz,CLA 200 CDI Style,30173
Honda Mobilio RS i DTEC,Delhi,2015,31250,Diesel,Manual,First,24.5,1498.0,98.6,7,Honda,Mobilio RS i DTEC,7150
Toyota Innova 2.5 GX (Diesel) 8 Seater,Delhi,2014,77795,Diesel,Manual,First,12.99,2494.0,100.6,8,Toyota,Innova 2.5 GX (Diesel) 8 Seater,10450
Toyota Etios Petrol TRD Sportivo,Chennai,2013,67620,Petrol,Manual,Second,17.6,1496.0,88.8,5,Toyota,Etios Petrol TRD Sportivo,4620
Chevrolet Beat Diesel LS,Kochi,2013,44378,Diesel,Manual,First,25.44,936.0,57.6,5,Chevrolet,Beat Diesel LS,4235
Honda Accord 2.4 M/T,Delhi,2012,64709,Petrol,Manual,Second,12.8,2354.0,177.6,5,Honda,Accord 2.4 M/T,6600
Skoda Octavia Ambition 2.0 TDI AT,Bangalore,2013,58410,Diesel,Automatic,First,19.3,1968.0,141.0,5,Skoda,Octavia Ambition 2.0 TDI AT,15950
Toyota Innova 2.5 V Diesel 7-seater,Delhi,2011,72000,Diesel,Manual,First,12.8,2494.0,102.0,7,Toyota,Innova 2.5 V Diesel 7-seater,7810
Audi A4 35 TDI Premium Sport,Chennai,2016,11000,Diesel,Automatic,First,17.11,1968.0,174.33,5,Audi,A4 35 TDI Premium Sport,30800
Maruti Vitara Brezza ZDi Plus Dual Tone,Kochi,2017,45362,Diesel,Manual,First,24.3,1248.0,88.5,5,Maruti,Vitara Brezza ZDi Plus Dual Tone,10318
Hyundai Grand i10 Sportz,Kochi,2016,59767,Petrol,Manual,First,18.9,1197.0,82.0,5,Hyundai,Grand i10 Sportz,5258
Toyota Corolla DX,Chennai,2003,70000,Petrol,Manual,Second,13.4,1794.0,125.0,5,Toyota,Corolla DX,1870
Tata Hexa XTA,Coimbatore,2019,14233,Diesel,Automatic,First,17.6,2179.0,153.86,7,Tata,Hexa XTA,19635
Hyundai i20 2015-2017 1.2 Asta,Pune,2010,72000,Petrol,Manual,Second,17.0,1197.0,80.0,5,Hyundai,i20 2015-2017 1.2 Asta,3025
Hyundai Verna 1.6 SX VTVT,Mumbai,2014,11000,Petrol,Manual,First,17.01,1591.0,121.3,5,Hyundai,Verna 1.6 SX VTVT,6545
Maruti Alto 800 2016-2019 VXI,Kochi,2019,19855,Petrol,Manual,First,24.7,796.0,47.3,5,Maruti,Alto 800 2016-2019 VXI,4180
Mercedes-Benz New C-Class C 220d Avantgarde Edition C,Bangalore,2017,20149,Diesel,Automatic,First,19.27,2143.0,167.62,5,Mercedes-Benz,New C-Class C 220d Avantgarde Edition C,42350
Hyundai i10 Era 1.1,Jaipur,2011,70000,Petrol,Manual,First,19.81,1086.0,68.05,5,Hyundai,i10 Era 1.1,2365
Skoda Superb Style 1.8 TSI AT,Mumbai,2010,62004,Petrol,Automatic,Second,14.67,1798.0,177.46,5,Skoda,Superb Style 1.8 TSI AT,4125
Volkswagen Vento 1.5 TDI Highline AT,Mumbai,2016,25500,Diesel,Automatic,First,21.5,1498.0,108.5,5,Volkswagen,Vento 1.5 TDI Highline AT,9845
Maruti Swift VDI BSIV,Hyderabad,2013,68800,Diesel,Manual,First,17.8,1248.0,74.0,5,Maruti,Swift VDI BSIV,5500
Honda Civic 2010-2013 1.8 V MT,Pune,2010,61700,Petrol,Manual,First,14.8,1799.0,130.2,5,Honda,Civic 2010-2013 1.8 V MT,3245
BMW 3 Series 320i Sedan,Coimbatore,2010,59660,Petrol,Automatic,First,12.05,1995.0,154.0,5,BMW,3 Series 320i Sedan,11539
Hyundai Santro Xing GLS,Hyderabad,2007,69775,Petrol,Manual,Second,17.92,1086.0,62.1,5,Hyundai,Santro Xing GLS,2035
Maruti Swift VDI BSIV,Hyderabad,2016,51787,Diesel,Manual,First,17.8,1248.0,74.0,5,Maruti,Swift VDI BSIV,7095
Honda Accord 2001-2003 2.3 VTi L AT,Jaipur,2009,88000,Petrol,Automatic,First,11.1,2354.0,142.0,5,Honda,Accord 2001-2003 2.3 VTi L AT,5775
Maruti Ertiga VDI,Kolkata,2014,47052,Diesel,Manual,First,20.77,1248.0,88.76,7,Maruti,Ertiga VDI,6589
Ford Fiesta Classic 1.4 Duratorq LXI,Kochi,2015,69749,Diesel,Manual,First,18.6,1388.0,67.0,5,Ford,Fiesta Classic 1.4 Duratorq LXI,4202
Audi Q7 3.0 TDI Quattro Premium Plus,Hyderabad,2012,79000,Diesel,Automatic,First,12.07,2967.0,241.4,7,Audi,Q7 3.0 TDI Quattro Premium Plus,42900
Audi A4 35 TDI Premium,Coimbatore,2016,39644,Diesel,Automatic,First,17.11,1968.0,174.33,5,Audi,A4 35 TDI Premium,28325
Tata Indica Vista Quadrajet VX,Hyderabad,2012,137800,Diesel,Manual,First,22.3,1248.0,74.0,5,Tata,Indica Vista Quadrajet VX,2420
Hyundai Verna CRDi ABS,Chennai,2008,120000,Diesel,Manual,Second,18.1,1493.0,110.0,5,Hyundai,Verna CRDi ABS,2200
BMW 3 Series 320d Luxury Line,Mumbai,2014,18600,Diesel,Automatic,Second,22.69,1995.0,190.0,5,BMW,3 Series 320d Luxury Line,23100
Hyundai Grand i10 CRDi Asta,Ahmedabad,2014,116905,Diesel,Manual,First,24.0,1120.0,70.0,5,Hyundai,Grand i10 CRDi Asta,4400
Hyundai i10 Sportz AT,Coimbatore,2011,32824,Petrol,Automatic,First,16.95,1197.0,78.9,5,Hyundai,i10 Sportz AT,4213
Maruti Swift VXi BSIV,Kochi,2016,19148,Petrol,Manual,First,16.1,1197.0,85.0,5,Maruti,Swift VXi BSIV,6479
Hyundai Santro Xing GLS,Kolkata,2010,35008,Petrol,Manual,First,17.92,1086.0,62.1,5,Hyundai,Santro Xing GLS,1496
Maruti SX4 Green Vxi (CNG),Mumbai,2014,53000,CNG,Manual,First,15.785714285714288,1586.0,85.7,5,Maruti,SX4 Green Vxi (CNG),3585
Hyundai Verna 1.4 VTVT,Bangalore,2016,36000,Petrol,Manual,First,17.43,1396.0,105.5,5,Hyundai,Verna 1.4 VTVT,8800
Maruti Swift Dzire ZDI,Ahmedabad,2012,56121,Diesel,Manual,First,23.4,1248.0,74.0,5,Maruti,Swift Dzire ZDI,4675
Maruti Swift VDI,Pune,2018,30000,Diesel,Manual,First,28.4,1248.0,74.0,5,Maruti,Swift VDI,6600
Skoda Octavia 2.0 TDI AT Style Plus,Kochi,2016,31021,Diesel,Automatic,First,19.5,1968.0,141.0,5,Skoda,Octavia 2.0 TDI AT Style Plus,18271
Renault Duster 110PS Diesel RxL,Coimbatore,2013,52600,Diesel,Manual,First,19.6,1461.0,108.45,5,Renault,Duster 110PS Diesel RxL,7986
Mahindra Scorpio 2.6 CRDe,Bangalore,2005,60000,Diesel,Manual,First,10.5,2179.0,120.0,8,Mahindra,Scorpio 2.6 CRDe,4400
BMW 5 Series 2013-2017 520d Luxury Line,Ahmedabad,2016,44001,Diesel,Automatic,First,18.12,1995.0,190.0,5,BMW,5 Series 2013-2017 520d Luxury Line,37961
Maruti Wagon R LXI BSIII,Hyderabad,2007,84169,Petrol,Manual,First,14.0,1061.0,64.0,5,Maruti,Wagon R LXI BSIII,2420
Hyundai i20 Sportz 1.2,Mumbai,2017,14001,Petrol,Manual,First,18.6,1197.0,81.83,5,Hyundai,i20 Sportz 1.2,6325
Land Rover Discovery SE 3.0 TD6,Delhi,2016,59000,Diesel,Automatic,First,18.0,2993.0,255.0,7,Land,Rover Discovery SE 3.0 TD6,40425
Mercedes-Benz New C-Class 230 Avantgarde,Hyderabad,2009,29000,Petrol,Automatic,Second,11.7,1796.0,178.0,5,Mercedes-Benz,New C-Class 230 Avantgarde,11000
Nissan Sunny 2011-2014 Diesel XV,Mumbai,2012,38800,Diesel,Manual,First,21.64,1461.0,84.8,5,Nissan,Sunny 2011-2014 Diesel XV,4455
Audi Q7 3.0 TDI quattro,Hyderabad,2011,98000,Diesel,Automatic,First,12.07,2967.0,241.4,7,Audi,Q7 3.0 TDI quattro,24200
Mercedes-Benz CLA 200 CDI Sport,Coimbatore,2017,20969,Diesel,Automatic,First,17.9,2143.0,136.0,5,Mercedes-Benz,CLA 200 CDI Sport,30657
Maruti Swift Dzire Vdi BSIV,Hyderabad,2016,69000,Diesel,Manual,First,19.3,1248.0,73.9,5,Maruti,Swift Dzire Vdi BSIV,5269
Skoda Rapid 1.5 TDI Ambition,Coimbatore,2018,5833,Diesel,Manual,First,21.13,1498.0,108.4,5,Skoda,Rapid 1.5 TDI Ambition,13112
Audi Q7 35 TDI Quattro Technology,Coimbatore,2016,28733,Diesel,Automatic,Second,12.07,2967.0,241.4,7,Audi,Q7 35 TDI Quattro Technology,58421
Maruti Wagon R LXI,Jaipur,2006,145000,Petrol,Manual,First,18.9,998.0,67.1,5,Maruti,Wagon R LXI,1265
Honda City i DTEC VX Option,Pune,2014,71000,Diesel,Manual,First,25.1,1498.0,98.6,5,Honda,City i DTEC VX Option,8195
Hyundai EON Magna Plus,Jaipur,2017,12000,Petrol,Manual,First,21.1,814.0,55.2,5,Hyundai,EON Magna Plus,3850
BMW 3 Series 320d,Hyderabad,2013,58000,Diesel,Automatic,First,13.2,1995.0,170.0,5,BMW,3 Series 320d,21450
BMW 3 Series 318i Sedan,Pune,2012,39000,Petrol,Automatic,Second,12.05,1995.0,154.0,5,BMW,3 Series 318i Sedan,16500
Mahindra NuvoSport N8,Coimbatore,2017,37712,Diesel,Manual,First,17.45,1493.0,100.0,7,Mahindra,NuvoSport N8,8327
Maruti Ritz VXi,Hyderabad,2012,68000,Petrol,Manual,First,18.5,1197.0,85.8,5,Maruti,Ritz VXi,4840
Chevrolet Beat LT,Kolkata,2010,30000,Petrol,Manual,First,18.6,1199.0,79.4,5,Chevrolet,Beat LT,1760
Maruti Swift Dzire VXI,Pune,2014,68218,Petrol,Manual,First,19.1,1197.0,85.8,5,Maruti,Swift Dzire VXI,5390
Maruti Ertiga ZDI,Delhi,2014,52000,Diesel,Manual,First,20.77,1248.0,88.8,7,Maruti,Ertiga ZDI,6545
Renault Duster 85PS Diesel RxL,Coimbatore,2015,63591,Diesel,Manual,First,20.45,1461.0,83.8,5,Renault,Duster 85PS Diesel RxL,5885
Honda Amaze VX AT i-Vtech,Hyderabad,2014,57937,Petrol,Automatic,First,15.5,1198.0,86.7,5,Honda,Amaze VX AT i-Vtech,5940
Audi A4 2.0 TDI Premium Sport Limited Edition,Coimbatore,2015,21979,Diesel,Automatic,First,17.11,1968.0,174.33,5,Audi,A4 2.0 TDI Premium Sport Limited Edition,25795
Skoda Octavia Ambiente 1.9 TDI MT,Hyderabad,2002,99000,Diesel,Manual,Second,18.7,1896.0,66.0,5,Skoda,Octavia Ambiente 1.9 TDI MT,2090
Honda Amaze E i-Dtech,Pune,2016,62000,Diesel,Manual,First,25.8,1498.0,98.6,5,Honda,Amaze E i-Dtech,6710
Toyota Innova 2.5 EV Diesel MS 8 Str BSIII,Mumbai,2006,127001,Diesel,Manual,First,12.8,2494.0,102.0,8,Toyota,Innova 2.5 EV Diesel MS 8 Str BSIII,5445
Hyundai EON D Lite Plus,Hyderabad,2013,84600,Petrol,Manual,Second,21.1,814.0,55.2,5,Hyundai,EON D Lite Plus,2750
Datsun redi-GO T Option,Kochi,2018,30953,Petrol,Manual,First,22.7,799.0,53.64,5,Datsun,redi-GO T Option,3828
Maruti Swift VDI,Chennai,2012,78000,Diesel,Manual,First,22.9,1248.0,74.0,5,Maruti,Swift VDI,4840
Mitsubishi Pajero 2.8 GLX Sports,Hyderabad,2008,85000,Diesel,Manual,First,9.5,2835.0,118.6,6,Mitsubishi,Pajero 2.8 GLX Sports,8789
Volvo S80 D5,Hyderabad,2008,79000,Diesel,Automatic,First,13.1,2400.0,215.0,5,Volvo,S80 D5,12089
Toyota Fortuner 4x2 AT,Delhi,2014,79000,Diesel,Automatic,First,12.55,2982.0,168.5,7,Toyota,Fortuner 4x2 AT,20350
Jeep Compass 2.0 Limited 4X4,Coimbatore,2018,48188,Diesel,Manual,First,16.3,1956.0,170.0,5,Jeep,Compass 2.0 Limited 4X4,23859
Maruti Swift Dzire VDI,Coimbatore,2014,67557,Diesel,Manual,First,23.4,1248.0,74.0,5,Maruti,Swift Dzire VDI,5687
Hyundai Verna 1.6 SX,Delhi,2011,103814,Diesel,Manual,Second,22.32,1582.0,126.32,5,Hyundai,Verna 1.6 SX,4950
Mahindra Scorpio VLX 2WD BSIV,Kolkata,2014,45128,Diesel,Manual,First,12.05,2179.0,120.0,8,Mahindra,Scorpio VLX 2WD BSIV,7425
Hyundai i10 Era,Kochi,2013,56075,Petrol,Manual,First,19.81,1086.0,68.05,5,Hyundai,i10 Era,3432
Toyota Innova 2.5 G (Diesel) 8 Seater,Hyderabad,2011,166000,Diesel,Manual,First,12.99,2494.0,100.6,8,Toyota,Innova 2.5 G (Diesel) 8 Seater,9075
Toyota Innova Crysta 2.8 ZX AT,Coimbatore,2017,65367,Diesel,Automatic,First,11.36,2755.0,171.5,7,Toyota,Innova Crysta 2.8 ZX AT,22154
Toyota Innova 2.5 G (Diesel) 8 Seater,Hyderabad,2013,114708,Diesel,Manual,First,12.99,2494.0,100.0,8,Toyota,Innova 2.5 G (Diesel) 8 Seater,13860
Maruti Swift Dzire ZDI,Kochi,2015,35082,Diesel,Manual,First,23.4,1248.0,74.0,5,Maruti,Swift Dzire ZDI,7271
Hyundai Creta 1.6 CRDi AT SX Plus,Kochi,2016,38593,Diesel,Automatic,First,17.01,1582.0,126.2,5,Hyundai,Creta 1.6 CRDi AT SX Plus,14553
Toyota Innova 2.5 G (Diesel) 8 Seater BS IV,Mumbai,2008,70700,Diesel,Manual,First,12.99,2494.0,100.0,8,Toyota,Innova 2.5 G (Diesel) 8 Seater BS IV,5225
Volkswagen Vento Diesel Highline,Mumbai,2011,83000,Diesel,Manual,Second,20.54,1598.0,103.6,5,Volkswagen,Vento Diesel Highline,3190
Chevrolet Tavera LS B3 10 Seats BSIII,Hyderabad,2015,120000,Diesel,Manual,First,14.8,2499.0,80.0,10,Chevrolet,Tavera LS B3 10 Seats BSIII,6050
Mahindra Ssangyong Rexton RX7,Kochi,2014,91586,Diesel,Automatic,Second,11.18,2696.0,184.0,7,Mahindra,Ssangyong Rexton RX7,10417
Hyundai i10 Magna,Mumbai,2008,38235,Petrol,Manual,First,20.36,1197.0,78.9,5,Hyundai,i10 Magna,2145
Hyundai i10 Sportz 1.2,Kolkata,2011,37000,Petrol,Manual,First,20.36,1197.0,78.9,5,Hyundai,i10 Sportz 1.2,2420
Honda Amaze S i-Vtech,Bangalore,2013,44000,Petrol,Manual,Second,18.0,1198.0,86.7,5,Honda,Amaze S i-Vtech,4785
Maruti Celerio ZXI AT,Pune,2016,54000,Petrol,Automatic,First,23.1,998.0,67.04,5,Maruti,Celerio ZXI AT,4950
Hyundai Grand i10 Asta,Chennai,2013,90000,Petrol,Manual,First,18.9,1197.0,82.0,5,Hyundai,Grand i10 Asta,3905
Maruti Swift Dzire VDi,Kolkata,2015,35000,Diesel,Manual,First,19.3,1248.0,73.9,5,Maruti,Swift Dzire VDi,5225
Hyundai i10 Sportz,Coimbatore,2012,47324,Petrol,Manual,Second,20.36,1197.0,78.9,5,Hyundai,i10 Sportz,4971
BMW X1 sDrive 20d Exclusive,Mumbai,2012,65148,Diesel,Automatic,First,15.06,1995.0,177.0,5,BMW,X1 sDrive 20d Exclusive,14025
Audi A4 2.0 TDI 177 Bhp Premium Plus,Coimbatore,2014,57773,Diesel,Automatic,Second,17.11,1968.0,174.33,5,Audi,A4 2.0 TDI 177 Bhp Premium Plus,22044
Nissan Terrano XL 85 PS,Bangalore,2014,87000,Diesel,Manual,First,20.45,1461.0,83.8,5,Nissan,Terrano XL 85 PS,7150
Maruti Wagon R VXI AMT,Mumbai,2016,8000,Petrol,Automatic,First,22.5,998.0,67.0,5,Maruti,Wagon R VXI AMT,4565
Honda Civic 2006-2010 1.8 (E) MT,Hyderabad,2007,77000,Petrol,Manual,First,13.5,1799.0,130.0,5,Honda,Civic 2006-2010 1.8 (E) MT,2750
Hyundai i20 2015-2017 Magna 1.2,Pune,2016,20600,Petrol,Manual,First,18.6,1197.0,81.83,5,Hyundai,i20 2015-2017 Magna 1.2,5940
Maruti Alto K10 VXI,Mumbai,2016,13198,Petrol,Manual,First,24.07,998.0,67.1,5,Maruti,Alto K10 VXI,3465
Audi Q7 35 TDI Quattro Technology,Bangalore,2015,21000,Diesel,Automatic,Second,12.07,2967.0,241.4,7,Audi,Q7 35 TDI Quattro Technology,57750
Hyundai i20 Sportz Option 1.2,Delhi,2016,38000,Petrol,Manual,First,18.6,1197.0,81.83,5,Hyundai,i20 Sportz Option 1.2,6545
Tata Tiago AMT 1.2 Revotron XZA,Coimbatore,2019,15379,Petrol,Automatic,First,23.84,1199.0,83.83,5,Tata,Tiago AMT 1.2 Revotron XZA,7667
Hyundai i10 Sportz 1.2,Hyderabad,2011,60000,Petrol,Manual,First,20.36,1197.0,78.9,5,Hyundai,i10 Sportz 1.2,3520
Renault Duster 85PS Diesel RxL Optional,Bangalore,2013,75371,Diesel,Manual,First,20.46,1461.0,83.8,5,Renault,Duster 85PS Diesel RxL Optional,7359
Tata Xenon XT EX 4X4,Bangalore,2014,60000,Diesel,Manual,Second,13.49,2179.0,138.03,5,Tata,Xenon XT EX 4X4,6490
Hyundai i20 Magna,Kolkata,2009,30675,Petrol,Manual,First,18.5,1197.0,80.0,5,Hyundai,i20 Magna,2475
Maruti Swift Dzire VDI,Kolkata,2013,22000,Diesel,Manual,First,23.4,1248.0,74.0,5,Maruti,Swift Dzire VDI,4950
Hyundai EON Magna,Pune,2015,55000,Petrol,Manual,First,22.0,814.0,55.0,5,Hyundai,EON Magna,2871
Mercedes-Benz New C-Class 220 CDI AT,Jaipur,2010,74213,Diesel,Automatic,First,14.84,2143.0,170.0,5,Mercedes-Benz,New C-Class 220 CDI AT,12650
Mini Cooper Convertible S,Mumbai,2016,15000,Petrol,Automatic,First,16.82,1998.0,189.08,4,Mini,Cooper Convertible S,38500
Maruti Ciaz ZDi Plus,Kolkata,2015,62144,Diesel,Manual,Second,26.21,1248.0,88.5,5,Maruti,Ciaz ZDi Plus,6325
Hyundai Verna CRDi 1.6 SX Option,Pune,2017,50000,Diesel,Manual,First,22.0,1582.0,126.2,5,Hyundai,Verna CRDi 1.6 SX Option,12650
Hyundai EON Era Plus,Jaipur,2015,38000,Petrol,Manual,First,21.1,814.0,55.2,5,Hyundai,EON Era Plus,3025
BMW 5 Series 2013-2017 520d Luxury Line,Chennai,2016,30000,Diesel,Automatic,Second,18.12,1995.0,190.0,5,BMW,5 Series 2013-2017 520d Luxury Line,34650
Honda Brio S MT,Kochi,2016,38735,Petrol,Manual,First,19.4,1198.0,86.8,5,Honda,Brio S MT,5412
Maruti Ritz VDi,Pune,2012,23598,Diesel,Manual,First,23.2,1248.0,73.94,5,Maruti,Ritz VDi,3872
BMW 3 Series 320d Prestige,Chennai,2014,70000,Diesel,Automatic,First,18.88,1995.0,184.0,5,BMW,3 Series 320d Prestige,19305
Maruti Swift Dzire LDI,Pune,2016,39000,Diesel,Manual,First,26.59,1248.0,74.0,5,Maruti,Swift Dzire LDI,6380
Maruti Swift Dzire VDI,Hyderabad,2013,84175,Diesel,Manual,First,23.4,1248.0,74.0,5,Maruti,Swift Dzire VDI,7645
Renault Scala RxL,Kolkata,2013,45000,Petrol,Manual,First,16.95,1498.0,97.6,5,Renault,Scala RxL,2640
Chevrolet Cruze LTZ AT,Mumbai,2013,59302,Diesel,Automatic,First,14.39,1998.0,163.7,5,Chevrolet,Cruze LTZ AT,5775
Maruti Swift Dzire ZXi,Ahmedabad,2012,55002,Petrol,Manual,First,17.5,1298.0,85.8,5,Maruti,Swift Dzire ZXi,4675
Tata Indigo CS LX (TDI) BS III,Jaipur,2008,128813,Diesel,Manual,First,19.09,1396.0,69.0,5,Tata,Indigo CS LX (TDI) BS III,1650
Hyundai Grand i10 CRDi Sportz,Jaipur,2016,46522,Diesel,Manual,First,24.0,1120.0,70.0,5,Hyundai,Grand i10 CRDi Sportz,4950
Ford Fiesta 1.4 TDCi EXI,Chennai,2006,89326,Diesel,Manual,Third,17.8,1399.0,68.0,5,Ford,Fiesta 1.4 TDCi EXI,1705
Renault Duster 85PS Diesel RxE,Pune,2016,54000,Diesel,Manual,First,19.87,1461.0,83.8,5,Renault,Duster 85PS Diesel RxE,7150
Hyundai Grand i10 CRDi SportZ Edition,Kochi,2015,66337,Diesel,Manual,First,24.0,1120.0,70.0,5,Hyundai,Grand i10 CRDi SportZ Edition,5456
Honda Brio S MT,Bangalore,2012,60000,Petrol,Manual,First,19.4,1198.0,86.8,5,Honda,Brio S MT,3575
Audi A4 1.8 TFSI,Kolkata,2010,38001,Petrol,Automatic,First,12.3,1781.0,163.2,5,Audi,A4 1.8 TFSI,9350
Maruti Alto 800 2016-2019 LXI,Bangalore,2014,73000,Petrol,Manual,Second,24.7,796.0,47.3,5,Maruti,Alto 800 2016-2019 LXI,3025
Hyundai Verna Transform SX VTVT,Bangalore,2011,61000,Petrol,Manual,Second,16.2,1599.0,103.2,5,Hyundai,Verna Transform SX VTVT,3740
Maruti Ertiga ZDI,Hyderabad,2013,120000,Diesel,Manual,First,20.77,1248.0,88.8,7,Maruti,Ertiga ZDI,7700
Chevrolet Optra Magnum 1.6 LT ABS BS3,Kochi,2012,71787,Petrol,Manual,First,12.9,1598.0,102.5,5,Chevrolet,Optra Magnum 1.6 LT ABS BS3,3531
Hyundai Creta 1.6 CRDi SX Option,Coimbatore,2016,11554,Diesel,Manual,First,19.67,1582.0,126.2,5,Hyundai,Creta 1.6 CRDi SX Option,15675
Volkswagen Vento 1.5 TDI Highline,Hyderabad,2014,90000,Diesel,Manual,First,20.34,1498.0,103.2,5,Volkswagen,Vento 1.5 TDI Highline,7150
Honda City i VTEC SV,Kolkata,2014,48104,Petrol,Manual,First,17.4,1497.0,117.3,5,Honda,City i VTEC SV,6039
Hyundai Grand i10 AT Asta,Coimbatore,2015,33931,Petrol,Automatic,Second,18.9,1197.0,82.0,5,Hyundai,Grand i10 AT Asta,6501
Hyundai Grand i10 1.2 Kappa Sportz Option,Coimbatore,2019,13916,Petrol,Manual,First,18.9,1197.0,81.86,5,Hyundai,Grand i10 1.2 Kappa Sportz Option,7084
Maruti Wagon R LXI CNG,Pune,2012,90400,CNG,Manual,First,18.714285714285715,998.0,58.2,5,Maruti,Wagon R LXI CNG,3190
Hyundai Grand i10 Sportz,Jaipur,2015,14000,Petrol,Manual,First,18.9,1197.0,82.0,5,Hyundai,Grand i10 Sportz,5060
Maruti Swift VDI BSIV,Pune,2007,121000,Diesel,Manual,Second,17.8,1248.0,74.0,5,Maruti,Swift VDI BSIV,2585
Hyundai i20 Asta 1.2,Coimbatore,2016,17560,Petrol,Manual,First,18.6,1197.0,81.83,5,Hyundai,i20 Asta 1.2,7931
Renault Duster 85PS Diesel RxL,Pune,2016,60000,Diesel,Manual,First,19.87,1461.0,83.8,5,Renault,Duster 85PS Diesel RxL,8800
Maruti Swift Dzire VDi,Hyderabad,2009,88096,Diesel,Manual,Second,19.3,1248.0,73.9,5,Maruti,Swift Dzire VDi,3850
Hyundai i20 1.2 Asta Option,Jaipur,2017,8000,Petrol,Manual,First,18.6,1197.0,81.83,5,Hyundai,i20 1.2 Asta Option,8250
Honda BRV i-VTEC V MT,Pune,2016,9200,Petrol,Manual,First,15.4,1497.0,117.3,7,Honda,BRV i-VTEC V MT,8800
Honda Amaze S Diesel,Hyderabad,2015,29000,Diesel,Manual,First,27.4,1498.0,98.6,5,Honda,Amaze S Diesel,6589
Hyundai Creta 1.6 CRDi SX,Mumbai,2017,27000,Diesel,Manual,First,19.67,1582.0,126.2,5,Hyundai,Creta 1.6 CRDi SX,14190
Maruti Baleno Zeta 1.2,Delhi,2018,22900,Petrol,Manual,First,21.4,1197.0,83.1,5,Maruti,Baleno Zeta 1.2,7700
Audi Q5 2.0 TDI Technology,Hyderabad,2014,50000,Diesel,Automatic,First,14.16,1968.0,174.3,5,Audi,Q5 2.0 TDI Technology,38500
Honda Amaze S i-DTEC,Jaipur,2015,60207,Diesel,Manual,First,25.8,1498.0,98.6,5,Honda,Amaze S i-DTEC,6050
BMW X5 3.0d,Coimbatore,2010,101119,Diesel,Automatic,First,11.0,2993.0,235.0,5,BMW,X5 3.0d,20306
Ford Figo Petrol Titanium,Jaipur,2010,42000,Petrol,Manual,First,15.6,1196.0,70.0,5,Ford,Figo Petrol Titanium,2640
Maruti Wagon R VXI,Pune,2002,93000,Petrol,Manual,Third,18.9,998.0,67.1,5,Maruti,Wagon R VXI,1100
Hyundai i10 Era,Ahmedabad,2012,60000,Petrol,Manual,Second,19.81,1086.0,68.05,5,Hyundai,i10 Era,2915
Skoda Rapid 1.5 TDI AT Elegance,Kochi,2015,66122,Diesel,Automatic,First,21.66,1498.0,103.52,5,Skoda,Rapid 1.5 TDI AT Elegance,6556
Mercedes-Benz CLA 200 Sport Edition,Kochi,2017,24733,Petrol,Automatic,First,15.04,1991.0,183.0,5,Mercedes-Benz,CLA 200 Sport Edition,29865
Audi A6 2.8 FSI,Ahmedabad,2008,41000,Petrol,Automatic,Second,10.4,2773.0,201.0,5,Audi,A6 2.8 FSI,11550
Maruti Ciaz ZXi Plus,Chennai,2015,30000,Petrol,Manual,First,20.73,1373.0,91.1,5,Maruti,Ciaz ZXi Plus,7370
Ford Ecosport 1.5 DV5 MT Titanium,Kolkata,2013,36000,Diesel,Manual,First,22.7,1498.0,89.84,5,Ford,Ecosport 1.5 DV5 MT Titanium,5390
Mahindra Bolero mHAWK D70 ZLX,Hyderabad,2017,40279,Diesel,Manual,First,16.5,1493.0,70.0,7,Mahindra,Bolero mHAWK D70 ZLX,8800
Maruti Alto K10 VXI,Kochi,2018,46805,Petrol,Manual,First,24.07,998.0,67.1,5,Maruti,Alto K10 VXI,3993
Maruti Swift Dzire 1.2 Vxi BSIV,Mumbai,2015,60000,Petrol,Manual,First,17.5,1197.0,85.8,5,Maruti,Swift Dzire 1.2 Vxi BSIV,5280
Tata Zest Revotron 1.2T XE,Mumbai,2017,100000,Petrol,Manual,First,17.57,1193.0,88.7,5,Tata,Zest Revotron 1.2T XE,4675
Ford Endeavour 3.2 Trend AT 4X4,Coimbatore,2018,51530,Diesel,Automatic,First,10.91,3198.0,197.2,7,Ford,Endeavour 3.2 Trend AT 4X4,33297
Mercedes-Benz New C-Class C 220 CDI CLASSIC,Jaipur,2013,81456,Diesel,Manual,First,15.8,2148.0,170.0,5,Mercedes-Benz,New C-Class C 220 CDI CLASSIC,15675
Hyundai i10 Sportz AT,Ahmedabad,2012,37229,Petrol,Automatic,First,16.95,1197.0,78.9,5,Hyundai,i10 Sportz AT,3751
Honda City 1.5 S MT,Delhi,2009,73200,Petrol,Manual,First,17.0,1497.0,118.0,5,Honda,City 1.5 S MT,3058
Skoda Octavia Elegance 2.0 TDI AT,Ahmedabad,2015,71826,Diesel,Automatic,First,19.3,1968.0,141.0,5,Skoda,Octavia Elegance 2.0 TDI AT,17050
Tata Indica V2 eLS,Chennai,2017,129000,Diesel,Manual,First,25.0,1396.0,69.0,5,Tata,Indica V2 eLS,3300
Maruti Wagon R VXi BSII,Pune,2012,82000,Petrol,Manual,First,18.9,998.0,67.1,5,Maruti,Wagon R VXi BSII,2530
Hyundai Creta 1.6 CRDi SX,Kochi,2017,40459,Diesel,Manual,First,19.67,1582.0,126.2,5,Hyundai,Creta 1.6 CRDi SX,14608
Maruti A-Star Lxi,Hyderabad,2009,61964,Petrol,Manual,First,19.0,998.0,66.1,5,Maruti,A-Star Lxi,2475
Maruti Wagon R LXI,Kochi,2011,15466,Petrol,Manual,First,22.5,998.0,67.04,5,Maruti,Wagon R LXI,3696
Honda Mobilio E i VTEC,Kolkata,2014,23000,Petrol,Manual,First,17.3,1497.0,117.3,7,Honda,Mobilio E i VTEC,4675
Hyundai i10 Magna,Coimbatore,2012,43766,Petrol,Manual,First,20.36,1197.0,78.9,5,Hyundai,i10 Magna,4730
Skoda Superb 3.6 V6 FSI,Hyderabad,2010,54000,Petrol,Automatic,First,0.0,3597.0,262.6,5,Skoda,Superb 3.6 V6 FSI,6600
Hyundai i20 1.4 Sportz,Coimbatore,2018,18521,Diesel,Manual,First,22.54,1396.0,88.73,5,Hyundai,i20 1.4 Sportz,10098
Maruti Celerio ZXI Optional,Hyderabad,2017,26400,Petrol,Manual,First,23.1,998.0,67.04,5,Maruti,Celerio ZXI Optional,5489
Skoda Laura 1.8 TSI Ambiente,Pune,2011,31900,Petrol,Manual,First,13.4,1798.0,157.8,5,Skoda,Laura 1.8 TSI Ambiente,4125
Ford Figo Diesel LXI,Chennai,2010,39000,Diesel,Manual,First,20.0,1399.0,68.0,5,Ford,Figo Diesel LXI,2750
Honda Jazz 1.5 VX i DTEC,Hyderabad,2016,45671,Diesel,Manual,First,27.3,1498.0,98.6,5,Honda,Jazz 1.5 VX i DTEC,7920
Mercedes-Benz E-Class 2015-2017 E250 Edition E,Ahmedabad,2016,39500,Diesel,Automatic,First,15.0,2143.0,204.0,5,Mercedes-Benz,E-Class 2015-2017 E250 Edition E,32450
Mercedes-Benz GLA Class 200 CDI SPORT,Chennai,2015,54000,Diesel,Automatic,First,17.9,2143.0,136.0,5,Mercedes-Benz,GLA Class 200 CDI SPORT,19305
Volvo S60 D3,Chennai,2012,20000,Diesel,Automatic,First,18.5,1985.0,163.0,5,Volvo,S60 D3,13200
Audi A8 L 3.0 TDI quattro,Bangalore,2009,55000,Diesel,Automatic,First,11.8,2967.0,246.7,5,Audi,A8 L 3.0 TDI quattro,14850
Hyundai Verna 1.6 SX CRDI (O) AT,Kolkata,2014,48000,Diesel,Automatic,First,22.32,1582.0,126.32,5,Hyundai,Verna 1.6 SX CRDI (O) AT,5610
BMW 3 Series 320d,Kolkata,2011,70000,Diesel,Automatic,First,22.69,1995.0,190.0,5,BMW,3 Series 320d,11330
Hyundai Verna 1.6 SX,Delhi,2014,62000,Diesel,Manual,First,22.32,1582.0,126.32,5,Hyundai,Verna 1.6 SX,6270
Maruti Wagon R VXI,Kochi,2014,41994,Petrol,Manual,First,22.5,998.0,67.04,5,Maruti,Wagon R VXI,3751
Ford Figo Diesel EXI,Hyderabad,2010,108882,Diesel,Manual,Second,20.0,1399.0,68.0,5,Ford,Figo Diesel EXI,2640
Mahindra KUV 100 mFALCON G80 K2,Coimbatore,2017,24806,Petrol,Manual,First,18.15,1198.0,82.0,6,Mahindra,KUV 100 mFALCON G80 K2,6160
Tata Indigo LS,Pune,2006,160000,Diesel,Manual,First,17.0,1405.0,70.0,5,Tata,Indigo LS,1100
Mahindra TUV 300 T8 AMT,Hyderabad,2017,30000,Diesel,Automatic,First,18.49,1493.0,100.0,7,Mahindra,TUV 300 T8 AMT,9020
Audi Q3 35 TDI Quattro Premium Plus,Bangalore,2015,51000,Diesel,Automatic,First,15.17,1968.0,181.0,5,Audi,Q3 35 TDI Quattro Premium Plus,30250
Maruti Wagon R VXI 1.2,Jaipur,2015,64876,Petrol,Manual,First,21.5,1197.0,81.8,5,Maruti,Wagon R VXI 1.2,3850
Maruti Celerio CNG VXI MT,Kochi,2016,70536,CNG,Manual,First,22.70714285714286,998.0,58.33,5,Maruti,Celerio CNG VXI MT,5038
Maruti Vitara Brezza ZDi Plus Dual Tone,Coimbatore,2017,25299,Diesel,Manual,First,24.3,1248.0,88.5,5,Maruti,Vitara Brezza ZDi Plus Dual Tone,11374
Mahindra Scorpio DX 2.6 Turbo 8 Str,Mumbai,2006,89869,Diesel,Manual,First,12.7,2609.0,116.6,8,Mahindra,Scorpio DX 2.6 Turbo 8 Str,3575
Hyundai Tucson CRDi,Jaipur,2007,103515,Diesel,Manual,Third,12.6,1991.0,112.0,7,Hyundai,Tucson CRDi,5500
Hyundai Santro Xing GLS,Hyderabad,2008,68282,Petrol,Manual,First,17.92,1086.0,62.1,5,Hyundai,Santro Xing GLS,2475
Porsche Panamera Diesel 250hp,Kochi,2014,60033,Diesel,Automatic,First,18.18,2967.0,250.0,4,Porsche,Panamera Diesel 250hp,56672
Maruti Vitara Brezza VDi Option,Kochi,2018,51921,Diesel,Manual,First,24.3,1248.0,88.5,5,Maruti,Vitara Brezza VDi Option,9482
Maruti Swift Dzire VDI,Mumbai,2017,18414,Diesel,Manual,First,23.4,1248.0,74.0,5,Maruti,Swift Dzire VDI,7975
Honda Amaze V Petrol,Kochi,2016,40866,Petrol,Manual,First,19.5,1199.0,86.76,5,Honda,Amaze V Petrol,6017
Jaguar XF 2.2 Litre Luxury,Pune,2014,55001,Diesel,Automatic,First,16.36,2179.0,187.7,5,Jaguar,XF 2.2 Litre Luxury,34100
Mini Cooper Convertible S,Kochi,2017,20469,Petrol,Automatic,First,16.82,1998.0,189.08,4,Mini,Cooper Convertible S,39578
Hyundai EON Era Plus,Jaipur,2017,8500,Petrol,Manual,First,21.1,814.0,55.2,5,Hyundai,EON Era Plus,3762
Audi A6 3.0 TDI quattro,Ahmedabad,2008,45000,Diesel,Automatic,Second,16.77,2967.0,241.38,5,Audi,A6 3.0 TDI quattro,12650
Hyundai i20 Active 1.2 SX Dual Tone,Pune,2016,6000,Petrol,Manual,First,17.19,1197.0,81.86,5,Hyundai,i20 Active 1.2 SX Dual Tone,7975
Maruti Swift AMT DDiS VDI,Chennai,2018,11000,Diesel,Manual,First,28.4,1248.0,74.0,5,Maruti,Swift AMT DDiS VDI,8800
Ford Ecosport 1.5 DV5 MT Titanium,Kochi,2015,80064,Diesel,Manual,First,22.7,1498.0,89.84,5,Ford,Ecosport 1.5 DV5 MT Titanium,8063
Maruti Wagon R VXI BS IV with ABS,Kolkata,2016,29930,Petrol,Manual,First,18.9,998.0,67.1,5,Maruti,Wagon R VXI BS IV with ABS,3685
Volkswagen Vento 1.5 TDI Highline,Mumbai,2013,49105,Diesel,Manual,First,20.34,1498.0,103.2,5,Volkswagen,Vento 1.5 TDI Highline,4840
Toyota Etios VX,Kolkata,2012,55000,Petrol,Manual,First,17.6,1496.0,88.7,5,Toyota,Etios VX,3289
Honda Jazz 1.2 SV i VTEC,Bangalore,2015,23000,Petrol,Manual,First,18.7,1199.0,88.7,5,Honda,Jazz 1.2 SV i VTEC,6160
Volkswagen CrossPolo 1.5 TDI,Coimbatore,2016,54727,Diesel,Manual,First,20.14,1498.0,88.73,5,Volkswagen,CrossPolo 1.5 TDI,7293
Volkswagen Ameo 1.5 TDI Highline,Kochi,2018,31426,Diesel,Manual,First,21.66,1498.0,108.62,5,Volkswagen,Ameo 1.5 TDI Highline,8690
Honda City V MT Exclusive,Kochi,2015,53442,Petrol,Manual,First,16.8,1497.0,116.3,5,Honda,City V MT Exclusive,7700
Honda Brio VX AT,Hyderabad,2014,28000,Petrol,Automatic,First,16.5,1198.0,86.8,5,Honda,Brio VX AT,5445
Skoda Rapid 1.6 MPI AT Style,Mumbai,2017,13412,Petrol,Automatic,First,14.3,1598.0,103.52,5,Skoda,Rapid 1.6 MPI AT Style,10109
Hyundai Verna CRDi,Hyderabad,2011,70000,Diesel,Manual,First,16.8,1493.0,110.0,5,Hyundai,Verna CRDi,5610
Hyundai i20 Active S Diesel,Jaipur,2015,81310,Diesel,Manual,First,21.19,1396.0,88.76,5,Hyundai,i20 Active S Diesel,6490
Maruti Baleno Alpha CVT,Kochi,2019,13574,Petrol,Automatic,First,21.4,1197.0,83.1,5,Maruti,Baleno Alpha CVT,10461
Honda CR-V 2.4L 4WD MT,Mumbai,2008,75000,Petrol,Manual,Second,11.1,2354.0,158.8,5,Honda,CR-V 2.4L 4WD MT,4290
Maruti Swift Dzire VXI,Coimbatore,2014,58310,Petrol,Manual,Second,19.1,1197.0,85.8,5,Maruti,Swift Dzire VXI,5929
Maruti Swift Dzire VDi,Pune,2009,90000,Diesel,Manual,Second,19.3,1248.0,73.9,5,Maruti,Swift Dzire VDi,3300
Maruti Swift Dzire ZDI,Jaipur,2012,83000,Diesel,Manual,First,23.4,1248.0,74.0,5,Maruti,Swift Dzire ZDI,4730
Maruti Swift Dzire ZXI,Jaipur,2017,37282,Petrol,Manual,First,20.85,1197.0,83.14,5,Maruti,Swift Dzire ZXI,7425
Hyundai Grand i10 Sportz,Jaipur,2017,23000,Petrol,Manual,First,18.9,1197.0,82.0,5,Hyundai,Grand i10 Sportz,4950
Ford Fiesta 1.4 ZXi TDCi ABS,Chennai,2010,82000,Diesel,Manual,First,17.8,1399.0,68.0,5,Ford,Fiesta 1.4 ZXi TDCi ABS,3025
Hyundai Verna 1.6 CRDi S,Chennai,2016,31000,Diesel,Manual,First,23.9,1582.0,126.2,5,Hyundai,Verna 1.6 CRDi S,9900
Ford Figo Diesel EXI,Delhi,2014,45001,Diesel,Manual,Second,20.0,1399.0,68.05,5,Ford,Figo Diesel EXI,2805
Tata Manza Aqua Quadrajet BS IV,Coimbatore,2014,50446,Diesel,Manual,First,21.12,1248.0,88.8,5,Tata,Manza Aqua Quadrajet BS IV,3894
Honda Civic 2006-2010 1.8 S MT,Ahmedabad,2009,89000,Petrol,Manual,First,13.5,1799.0,130.0,5,Honda,Civic 2006-2010 1.8 S MT,4675
BMW 5 Series 520d Luxury Line,Ahmedabad,2013,90000,Diesel,Automatic,First,22.48,1995.0,190.0,5,BMW,5 Series 520d Luxury Line,21450
Mahindra XUV500 W8 2WD,Bangalore,2015,76000,Diesel,Manual,Second,16.0,2179.0,140.0,7,Mahindra,XUV500 W8 2WD,13200
Maruti Ritz VDi,Hyderabad,2012,78401,Diesel,Manual,First,23.2,1248.0,73.94,5,Maruti,Ritz VDi,4290
Maruti Vitara Brezza ZDi Plus,Kochi,2017,38426,Diesel,Manual,First,24.3,1248.0,88.5,5,Maruti,Vitara Brezza ZDi Plus,10043
Maruti Eeco 7 Seater Standard,Pune,2011,45000,Petrol,Manual,First,15.1,1196.0,73.0,7,Maruti,Eeco 7 Seater Standard,2475
Maruti Swift Dzire 1.2 Vxi BSIV,Mumbai,2012,83000,Petrol,Manual,First,17.5,1197.0,85.8,5,Maruti,Swift Dzire 1.2 Vxi BSIV,3575
Hyundai Creta 1.6 CRDi AT SX Plus,Coimbatore,2017,50170,Diesel,Automatic,First,17.01,1582.0,126.2,5,Hyundai,Creta 1.6 CRDi AT SX Plus,16268
Maruti Wagon R LXI,Mumbai,2010,37822,Petrol,Manual,First,22.5,998.0,67.04,5,Maruti,Wagon R LXI,2585
Maruti Celerio ZDi,Kolkata,2015,33517,Diesel,Manual,First,27.62,793.0,47.0,5,Maruti,Celerio ZDi,3410
Hyundai Santa Fe 2WD AT,Delhi,2014,110000,Diesel,Automatic,First,13.01,2199.0,194.3,7,Hyundai,Santa Fe 2WD AT,14190
Hyundai EON D Lite Plus Option,Kolkata,2017,60000,Petrol,Manual,First,21.1,814.0,55.2,5,Hyundai,EON D Lite Plus Option,2750
Hyundai i20 Sportz 1.2,Delhi,2013,92408,Petrol,Manual,First,18.5,1197.0,82.85,5,Hyundai,i20 Sportz 1.2,4015
Hyundai Verna 1.6 SX VTVT (O),Bangalore,2014,45000,Petrol,Manual,First,17.1,1591.0,121.3,5,Hyundai,Verna 1.6 SX VTVT (O),8250
Honda Brio S Option MT,Kochi,2013,33793,Petrol,Manual,First,18.4,1198.0,86.8,5,Honda,Brio S Option MT,4114
Maruti Swift VXI Optional,Kochi,2017,26327,Petrol,Manual,First,20.4,1197.0,81.8,5,Maruti,Swift VXI Optional,6446
Mercedes-Benz New C-Class C 220d Avantgarde Edition C,Coimbatore,2018,20604,Diesel,Automatic,First,19.27,2143.0,167.62,5,Mercedes-Benz,New C-Class C 220d Avantgarde Edition C,43582
Maruti Swift VDI Optional,Coimbatore,2018,61386,Diesel,Manual,First,25.2,1248.0,74.0,5,Maruti,Swift VDI Optional,7755
Maruti Swift AMT VDI,Delhi,2018,11500,Diesel,Automatic,First,28.4,1248.0,74.0,5,Maruti,Swift AMT VDI,8250
Chevrolet Beat Diesel LS,Chennai,2012,58000,Diesel,Manual,First,25.44,936.0,57.6,5,Chevrolet,Beat Diesel LS,2310
Skoda Superb Elegance 1.8 TSI AT,Delhi,2014,38000,Petrol,Automatic,First,13.7,1798.0,157.75,5,Skoda,Superb Elegance 1.8 TSI AT,12760
Mercedes-Benz New C-Class C 220 CDI BE Avantgare,Bangalore,2012,49000,Diesel,Automatic,Second,14.84,2143.0,167.62,5,Mercedes-Benz,New C-Class C 220 CDI BE Avantgare,21175
Toyota Innova Crysta 2.4 VX MT 8S,Coimbatore,2017,72202,Diesel,Manual,First,13.68,2393.0,147.8,8,Toyota,Innova Crysta 2.4 VX MT 8S,19712
Hyundai i10 Sportz,Kolkata,2016,7000,Petrol,Manual,First,20.36,1197.0,78.9,5,Hyundai,i10 Sportz,3960
Honda Amaze S i-DTEC,Ahmedabad,2014,20000,Diesel,Manual,Second,25.8,1498.0,98.6,5,Honda,Amaze S i-DTEC,4950
Hyundai i20 Magna 1.4 CRDi (Diesel),Hyderabad,2017,14061,Diesel,Manual,First,21.9,1396.0,88.76,5,Hyundai,i20 Magna 1.4 CRDi (Diesel),8140
Mahindra Scorpio 2009-2014 SLE 7S BSIV,Kolkata,2011,51387,Diesel,Manual,First,12.05,2179.0,120.0,7,Mahindra,Scorpio 2009-2014 SLE 7S BSIV,6050
Hyundai Getz GLE,Bangalore,2006,44000,Petrol,Manual,Second,15.3,1341.0,83.0,5,Hyundai,Getz GLE,1925
Maruti Baleno Alpha,Mumbai,2016,12208,Petrol,Manual,First,21.4,1197.0,83.1,5,Maruti,Baleno Alpha,7425
Chevrolet Optra Magnum 2.0 LT,Chennai,2011,55000,Diesel,Manual,First,16.52,1991.0,123.7,5,Chevrolet,Optra Magnum 2.0 LT,4345
Hyundai Verna 1.6 SX VTVT (O),Mumbai,2011,61600,Petrol,Manual,First,17.1,1591.0,121.3,5,Hyundai,Verna 1.6 SX VTVT (O),4620
Honda City 1.5 V MT,Hyderabad,2016,28414,Petrol,Manual,First,17.0,1497.0,118.0,5,Honda,City 1.5 V MT,9240
Volkswagen Polo GT TSI,Mumbai,2017,27853,Petrol,Automatic,First,17.21,1197.0,103.5,5,Volkswagen,Polo GT TSI,9075
Honda Brio E MT,Bangalore,2013,55116,Petrol,Manual,First,19.4,1198.0,86.8,5,Honda,Brio E MT,3641
Maruti Swift Dzire VDI,Ahmedabad,2017,26000,Diesel,Manual,First,26.59,1248.0,74.0,5,Maruti,Swift Dzire VDI,8250
Honda City 1.5 V MT Exclusive,Pune,2012,45496,Petrol,Manual,First,17.0,1497.0,118.0,5,Honda,City 1.5 V MT Exclusive,5225
Mahindra Ssangyong Rexton RX7,Pune,2013,76000,Diesel,Automatic,Second,11.18,2696.0,184.0,7,Mahindra,Ssangyong Rexton RX7,9668
Skoda Superb Elegance 1.8 TSI MT,Pune,2014,136000,Petrol,Manual,First,13.1,1798.0,157.75,5,Skoda,Superb Elegance 1.8 TSI MT,10450
Hyundai i20 Asta (o) 1.4 CRDi (Diesel),Jaipur,2014,82450,Diesel,Manual,First,23.0,1396.0,90.0,5,Hyundai,i20 Asta (o) 1.4 CRDi (Diesel),6435
Ford Ecosport 1.5 Ti VCT MT Trend,Coimbatore,2014,62497,Petrol,Manual,First,15.8,1499.0,110.0,5,Ford,Ecosport 1.5 Ti VCT MT Trend,8272
Nissan Micra Diesel XV,Hyderabad,2011,86732,Diesel,Manual,First,23.08,1461.0,63.1,5,Nissan,Micra Diesel XV,3960
Honda Brio E MT,Kochi,2016,27969,Petrol,Manual,First,19.4,1198.0,86.8,5,Honda,Brio E MT,5203
Mahindra Ssangyong Rexton RX7,Delhi,2013,66372,Diesel,Automatic,First,11.18,2696.0,184.0,7,Mahindra,Ssangyong Rexton RX7,11550
BMW 7 Series 730Ld Sedan,Coimbatore,2013,73525,Diesel,Automatic,First,16.46,2993.0,258.0,5,BMW,7 Series 730Ld Sedan,37994
Hyundai Grand i10 1.2 Kappa Sportz,Kochi,2018,20689,Petrol,Manual,First,18.9,1197.0,81.86,5,Hyundai,Grand i10 1.2 Kappa Sportz,6677
Maruti Baleno Delta 1.2,Coimbatore,2018,25093,Petrol,Manual,First,21.4,1197.0,83.1,5,Maruti,Baleno Delta 1.2,8536
Mahindra Xylo E8 ABS BS IV,Coimbatore,2016,49176,Diesel,Manual,First,11.68,2498.0,112.0,8,Mahindra,Xylo E8 ABS BS IV,8206
Renault Fluence Diesel E4,Delhi,2012,87510,Diesel,Manual,First,21.8,1461.0,78.0,5,Renault,Fluence Diesel E4,3839
Hyundai i20 1.2 Magna,Coimbatore,2012,38214,Petrol,Manual,Second,18.5,1197.0,80.0,5,Hyundai,i20 1.2 Magna,4455
Mitsubishi Pajero 2.8 SFX,Kochi,2013,48986,Diesel,Manual,First,10.5,2835.0,107.2,6,Mitsubishi,Pajero 2.8 SFX,13068
Toyota Corolla Altis 2008-2013 1.8 VL AT,Pune,2011,88000,Petrol,Automatic,First,14.53,1794.0,138.1,5,Toyota,Corolla Altis 2008-2013 1.8 VL AT,7095
BMW X5 X5 M,Pune,2015,69002,Diesel,Automatic,First,15.97,2993.0,258.0,5,BMW,X5 X5 M,55000
BMW 3 Series 2005-2011 325i Sedan,Pune,2011,43706,Petrol,Automatic,First,10.9,2497.0,215.0,5,BMW,3 Series 2005-2011 325i Sedan,9900
Hyundai Creta 1.6 CRDi AT SX Plus,Coimbatore,2016,58671,Diesel,Automatic,First,17.01,1582.0,126.2,5,Hyundai,Creta 1.6 CRDi AT SX Plus,15675
Mahindra TUV 300 2015-2019 T8,Coimbatore,2017,49404,Diesel,Manual,First,18.49,1493.0,100.0,7,Mahindra,TUV 300 2015-2019 T8,8096
Mahindra Scorpio VLX 2.2 mHawk BSIII,Delhi,2010,72000,Diesel,Manual,First,12.05,2179.0,120.0,8,Mahindra,Scorpio VLX 2.2 mHawk BSIII,4840
Renault KWID RXT,Mumbai,2016,24000,Petrol,Manual,First,25.17,799.0,53.3,5,Renault,KWID RXT,3410
Renault KWID 1.0 RXT Optional AMT,Coimbatore,2017,53285,Petrol,Automatic,First,22.5,999.0,67.0,5,Renault,KWID 1.0 RXT Optional AMT,4708
Maruti Swift VXi BSIV,Pune,2017,12000,Petrol,Manual,First,16.1,1197.0,85.0,5,Maruti,Swift VXi BSIV,6050
Skoda Laura 1.9 TDI AT Ambiente,Kolkata,2012,45000,Diesel,Automatic,First,17.0,1896.0,105.0,5,Skoda,Laura 1.9 TDI AT Ambiente,7689
Maruti Alto 800 2016-2019 VXI,Coimbatore,2018,26234,Petrol,Manual,First,24.7,796.0,47.3,5,Maruti,Alto 800 2016-2019 VXI,4719
Maruti Swift VXI,Delhi,2014,55000,Petrol,Manual,First,18.6,1197.0,85.8,5,Maruti,Swift VXI,4620
Hyundai i20 1.4 CRDi Sportz,Pune,2012,90000,Diesel,Manual,First,23.0,1396.0,90.0,5,Hyundai,i20 1.4 CRDi Sportz,4521
Audi Q3 2012-2015 35 TDI Quattro Premium,Mumbai,2015,48000,Diesel,Automatic,First,15.73,1968.0,174.33,5,Audi,Q3 2012-2015 35 TDI Quattro Premium,20625
Hyundai i10 Era,Mumbai,2010,55000,Petrol,Manual,Second,19.81,1086.0,68.05,5,Hyundai,i10 Era,1749
Maruti Wagon R LXI Optional,Kolkata,2016,4800,Petrol,Manual,First,20.51,998.0,67.04,5,Maruti,Wagon R LXI Optional,3960
Honda City i VTEC V,Kochi,2017,38607,Petrol,Manual,Second,17.8,1497.0,117.3,5,Honda,City i VTEC V,8657
Honda City i DTEC VX,Jaipur,2014,74000,Diesel,Manual,Second,25.1,1498.0,98.6,5,Honda,City i DTEC VX,7040
Maruti Swift Dzire VXi,Mumbai,2009,54540,Petrol,Manual,Third,17.5,1298.0,85.8,5,Maruti,Swift Dzire VXi,2915
Maruti Swift Dzire ZXi,Delhi,2015,58400,Petrol,Manual,First,17.5,1298.0,85.8,5,Maruti,Swift Dzire ZXi,6050
Mahindra XUV500 W8 2WD,Kochi,2013,73648,Diesel,Manual,First,15.1,2179.0,140.0,7,Mahindra,XUV500 W8 2WD,8041
Maruti Ciaz ZDi Plus SHVS,Jaipur,2016,83000,Diesel,Manual,First,28.09,1248.0,88.5,5,Maruti,Ciaz ZDi Plus SHVS,7810
Hyundai Verna 1.6 SX CRDi (O),Kochi,2016,16159,Diesel,Manual,First,22.32,1582.0,126.32,5,Hyundai,Verna 1.6 SX CRDi (O),8613
Honda Brio S MT,Mumbai,2014,22100,Petrol,Manual,First,19.4,1198.0,86.8,5,Honda,Brio S MT,3905
Hyundai i20 Active 1.2 SX,Coimbatore,2017,35043,Petrol,Manual,First,17.19,1197.0,81.86,5,Hyundai,i20 Active 1.2 SX,9009
BMW 3 Series 320d Sport Line,Pune,2018,24000,Diesel,Automatic,First,18.88,1995.0,184.0,5,BMW,3 Series 320d Sport Line,30800
Volkswagen Polo Petrol Highline 1.6L,Chennai,2011,70000,Petrol,Manual,Second,15.26,1598.0,103.5,5,Volkswagen,Polo Petrol Highline 1.6L,3619
Maruti Swift VXi BSIV,Pune,2015,13769,Petrol,Manual,Second,16.1,1197.0,85.0,5,Maruti,Swift VXi BSIV,4851
Renault Duster 110PS Diesel RxZ,Kolkata,2013,58000,Diesel,Manual,First,19.01,1461.0,108.45,5,Renault,Duster 110PS Diesel RxZ,5489
BMW X3 xDrive 20d Luxury Line,Hyderabad,2009,58000,Diesel,Automatic,First,18.56,1995.0,190.0,5,BMW,X3 xDrive 20d Luxury Line,19778
Fiat Avventura MULTIJET Emotion,Coimbatore,2018,18705,Diesel,Manual,First,20.5,1248.0,91.72,5,Fiat,Avventura MULTIJET Emotion,8481
Maruti Wagon R Stingray VXI,Delhi,2013,32378,Petrol,Manual,First,20.51,998.0,67.04,5,Maruti,Wagon R Stingray VXI,3080
Chevrolet Sail Hatchback LS ABS,Kolkata,2013,45000,Diesel,Manual,First,22.1,1248.0,76.9,5,Chevrolet,Sail Hatchback LS ABS,3300
Mahindra XUV500 W8 2WD,Coimbatore,2015,36836,Diesel,Manual,First,15.1,2179.0,140.0,7,Mahindra,XUV500 W8 2WD,13739
Tata Zest Quadrajet 1.3,Kochi,2016,54199,Diesel,Manual,First,23.0,1248.0,88.8,5,Tata,Zest Quadrajet 1.3,5500
BMW X3 xDrive20d xLine,Kochi,2017,36935,Diesel,Automatic,First,18.56,1995.0,190.0,5,BMW,X3 xDrive20d xLine,35904
Maruti Swift VDI BSIV,Chennai,2015,23000,Diesel,Manual,First,25.2,1248.0,74.0,5,Maruti,Swift VDI BSIV,7150
BMW 5 Series 2013-2017 520d Luxury Line,Bangalore,2015,14000,Diesel,Automatic,First,18.12,1995.0,190.0,5,BMW,5 Series 2013-2017 520d Luxury Line,38500
Tata Indigo CS eVX,Chennai,2015,100073,Diesel,Manual,Second,25.0,1396.0,69.01,5,Tata,Indigo CS eVX,2200
Mahindra XUV500 W8 2WD,Kochi,2015,59182,Diesel,Manual,First,15.1,2179.0,140.0,7,Mahindra,XUV500 W8 2WD,10406
Audi Q7 35 TDI Quattro Premium Plus,Kochi,2016,72132,Diesel,Automatic,Second,12.07,2967.0,241.4,7,Audi,Q7 35 TDI Quattro Premium Plus,42900
BMW 5 Series 2003-2012 520d,Hyderabad,2009,79000,Diesel,Automatic,First,18.48,1995.0,177.0,5,BMW,5 Series 2003-2012 520d,16500
Hyundai Verna 1.6 SX VTVT (O),Coimbatore,2013,66930,Petrol,Manual,First,17.1,1591.0,121.3,5,Hyundai,Verna 1.6 SX VTVT (O),6765
Hyundai Santa Fe 4WD AT,Pune,2015,100000,Diesel,Automatic,Second,13.01,2199.0,194.3,7,Hyundai,Santa Fe 4WD AT,15950
Maruti Wagon R AMT VXI,Kochi,2018,27413,Petrol,Automatic,First,20.51,998.0,67.0,5,Maruti,Wagon R AMT VXI,5698
Maruti Wagon R LX BSIII,Pune,2007,90000,Petrol,Manual,Second,17.3,1061.0,64.0,5,Maruti,Wagon R LX BSIII,1364
Hyundai i20 Sportz 1.2,Kolkata,2013,40300,Petrol,Manual,First,18.5,1197.0,82.85,5,Hyundai,i20 Sportz 1.2,3080
Skoda Superb Elegance 1.8 TSI AT,Kochi,2011,73783,Petrol,Automatic,Second,13.7,1798.0,157.75,5,Skoda,Superb Elegance 1.8 TSI AT,5753
Maruti Wagon R LXI BS IV,Delhi,2014,65694,Petrol,Manual,First,18.9,998.0,67.1,5,Maruti,Wagon R LXI BS IV,3575
Hyundai i10 Magna 1.2,Mumbai,2012,51000,Petrol,Manual,First,20.36,1197.0,78.9,5,Hyundai,i10 Magna 1.2,3135
Renault KWID 1.0 RXT Optional,Kochi,2018,18335,Petrol,Manual,First,21.7,999.0,67.0,5,Renault,KWID 1.0 RXT Optional,4950
Mercedes-Benz B Class 2012-2015 B200 Sport CDI,Bangalore,2014,36000,Diesel,Automatic,First,15.0,2147.0,107.3,5,Mercedes-Benz,B Class 2012-2015 B200 Sport CDI,17875
Volkswagen Polo GT TSI,Mumbai,2017,25000,Petrol,Automatic,First,17.21,1197.0,103.5,5,Volkswagen,Polo GT TSI,8525
Mahindra Scorpio VLX 4WD,Bangalore,2007,81000,Diesel,Manual,Third,12.05,2179.0,120.0,8,Mahindra,Scorpio VLX 4WD,4785
Toyota Fortuner 2.8 2WD AT,Kochi,2019,21719,Diesel,Automatic,First,12.9,2755.0,174.5,7,Toyota,Fortuner 2.8 2WD AT,36443
Chevrolet Beat Diesel LT,Coimbatore,2013,75421,Diesel,Manual,First,25.44,936.0,56.3,5,Chevrolet,Beat Diesel LT,3993
Toyota Innova 2.5 G4 Diesel 8-seater,Delhi,2010,80000,Diesel,Manual,First,12.8,2494.0,102.0,8,Toyota,Innova 2.5 G4 Diesel 8-seater,5225
Maruti Swift Dzire VXI,Kochi,2018,10671,Petrol,Manual,First,20.85,1197.0,83.14,5,Maruti,Swift Dzire VXI,7161
Renault KWID Climber 1.0 MT,Hyderabad,2018,4126,Petrol,Manual,First,21.7,999.0,67.0,5,Renault,KWID Climber 1.0 MT,5280
Tata Bolt Quadrajet XM,Hyderabad,2017,98500,Diesel,Manual,First,22.95,1248.0,74.0,5,Tata,Bolt Quadrajet XM,6600
Hyundai Grand i10 Asta,Coimbatore,2016,61578,Petrol,Manual,First,18.9,1197.0,82.0,5,Hyundai,Grand i10 Asta,7040
Volkswagen Vento 1.5 TDI Highline,Ahmedabad,2014,54000,Diesel,Manual,First,20.34,1498.0,103.2,5,Volkswagen,Vento 1.5 TDI Highline,5390
Audi A6 2011-2015 2.0 TDI,Coimbatore,2013,70998,Diesel,Automatic,First,17.68,1968.0,174.33,5,Audi,A6 2011-2015 2.0 TDI,22627
Maruti Swift Dzire Ldi BSIV,Kolkata,2015,40082,Diesel,Manual,First,19.3,1248.0,73.9,5,Maruti,Swift Dzire Ldi BSIV,5236
Chevrolet Spark 1.0 LT,Kochi,2012,50619,Petrol,Manual,First,18.0,995.0,62.0,5,Chevrolet,Spark 1.0 LT,2200
BMW 3 Series 320d,Coimbatore,2009,103905,Diesel,Automatic,First,22.69,1995.0,190.0,5,BMW,3 Series 320d,10912
Hyundai EON Era Plus,Kochi,2018,15334,Petrol,Manual,First,21.1,814.0,55.2,5,Hyundai,EON Era Plus,4059
Maruti Swift Dzire VDI,Hyderabad,2013,69000,Diesel,Manual,First,23.4,1248.0,74.0,5,Maruti,Swift Dzire VDI,6325
Volkswagen CrossPolo 1.5 TDI,Hyderabad,2014,75160,Diesel,Manual,First,20.14,1498.0,88.5,5,Volkswagen,CrossPolo 1.5 TDI,6270
Honda Amaze E i-Vtech,Coimbatore,2014,44753,Petrol,Manual,First,18.0,1198.0,86.7,5,Honda,Amaze E i-Vtech,5434
Volkswagen Vento Petrol Highline AT,Kochi,2012,53024,Petrol,Automatic,First,14.4,1598.0,103.6,5,Volkswagen,Vento Petrol Highline AT,4719
Maruti Wagon R Stingray VXI,Kolkata,2014,23840,Petrol,Manual,First,20.51,998.0,67.04,5,Maruti,Wagon R Stingray VXI,3300
Volkswagen Polo 1.5 TDI Highline,Hyderabad,2014,81298,Diesel,Manual,First,20.14,1498.0,88.8,5,Volkswagen,Polo 1.5 TDI Highline,7150
Volkswagen Polo Petrol Comfortline 1.2L,Jaipur,2015,59000,Petrol,Manual,Second,16.47,1198.0,73.9,5,Volkswagen,Polo Petrol Comfortline 1.2L,5390
Honda Amaze SX i-DTEC,Kochi,2016,51806,Diesel,Manual,First,25.8,1498.0,98.6,5,Honda,Amaze SX i-DTEC,5940
Audi A6 35 TDI Matrix,Delhi,2014,56000,Diesel,Automatic,First,18.53,1968.0,187.74,5,Audi,A6 35 TDI Matrix,26400
Tata Tigor 1.05 Revotorq XZ Option,Kochi,2019,29279,Diesel,Manual,First,24.7,1047.0,69.0,5,Tata,Tigor 1.05 Revotorq XZ Option,8206
Volkswagen Vento 1.5 TDI Highline AT,Kochi,2017,33550,Diesel,Automatic,First,21.5,1498.0,108.5,5,Volkswagen,Vento 1.5 TDI Highline AT,10560
Audi A6 35 TDI Matrix,Hyderabad,2014,62000,Diesel,Automatic,First,18.53,1968.0,187.74,5,Audi,A6 35 TDI Matrix,27500
Nissan Terrano XL 110 PS,Hyderabad,2014,66000,Diesel,Manual,First,19.01,1461.0,108.5,5,Nissan,Terrano XL 110 PS,7480
Skoda Rapid 1.5 TDI AT Elegance,Coimbatore,2016,46630,Diesel,Automatic,First,21.66,1498.0,103.52,5,Skoda,Rapid 1.5 TDI AT Elegance,9449
Ford Figo Aspire 1.5 TDCi Trend,Hyderabad,2016,72566,Diesel,Manual,First,25.83,1498.0,99.0,5,Ford,Figo Aspire 1.5 TDCi Trend,5819
Tata Venture EX,Pune,2011,51482,Diesel,Manual,First,15.42,1405.0,70.0,8,Tata,Venture EX,2750
Mercedes-Benz New C-Class C 220 CDI BE Avantgare,Chennai,2011,90000,Diesel,Automatic,First,14.84,2143.0,167.62,5,Mercedes-Benz,New C-Class C 220 CDI BE Avantgare,15290
Toyota Fortuner 4x2 Manual,Jaipur,2014,69000,Diesel,Manual,Second,13.0,2982.0,168.5,7,Toyota,Fortuner 4x2 Manual,22000
Honda City 1.5 V MT,Delhi,2011,90000,Petrol,Manual,Second,17.0,1497.0,118.0,5,Honda,City 1.5 V MT,3740
Hyundai i20 Asta Option 1.2,Mumbai,2015,39000,Petrol,Manual,First,18.6,1197.0,81.83,5,Hyundai,i20 Asta Option 1.2,6050
Volkswagen Vento Diesel Trendline,Hyderabad,2012,110000,Diesel,Manual,Second,20.54,1598.0,103.6,5,Volkswagen,Vento Diesel Trendline,4015
Ford Endeavour 2.5L 4X2 MT,Kochi,2011,68022,Diesel,Manual,First,13.1,2499.0,141.0,7,Ford,Endeavour 2.5L 4X2 MT,6446
Ford EcoSport 1.5 Petrol Titanium Plus AT,Coimbatore,2018,27852,Petrol,Automatic,First,14.8,1497.0,121.36,5,Ford,EcoSport 1.5 Petrol Titanium Plus AT,11484
Maruti Swift VDI BSIV,Bangalore,2013,58291,Diesel,Manual,First,17.8,1248.0,74.0,5,Maruti,Swift VDI BSIV,5500
Hyundai i20 Sportz Diesel,Coimbatore,2011,68439,Diesel,Manual,First,23.0,1396.0,90.0,5,Hyundai,i20 Sportz Diesel,3707
Toyota Innova 2.5 VX (Diesel) 8 Seater,Delhi,2011,150000,Diesel,Manual,First,12.99,2494.0,100.6,8,Toyota,Innova 2.5 VX (Diesel) 8 Seater,7645
Tata Nexon 1.5 Revotorq XZ Plus Dual Tone,Mumbai,2018,14000,Diesel,Manual,First,21.5,1497.0,108.5,5,Tata,Nexon 1.5 Revotorq XZ Plus Dual Tone,10890
Ford Figo Diesel Titanium,Hyderabad,2012,71558,Diesel,Manual,First,20.0,1399.0,68.05,5,Ford,Figo Diesel Titanium,3630
Hyundai Creta 1.6 CRDi AT SX Plus,Jaipur,2015,65800,Diesel,Automatic,First,17.01,1582.0,126.2,5,Hyundai,Creta 1.6 CRDi AT SX Plus,13750
Audi A4 2.0 TDI Multitronic,Hyderabad,2014,53000,Diesel,Automatic,First,16.55,1968.0,140.0,5,Audi,A4 2.0 TDI Multitronic,22550
Mahindra XUV500 W8 4WD,Kolkata,2017,14600,Diesel,Manual,First,16.0,2179.0,140.0,7,Mahindra,XUV500 W8 4WD,15950
Isuzu MUX 4WD,Jaipur,2017,34429,Diesel,Automatic,First,13.8,2999.0,174.57,7,Isuzu,MUX 4WD,22000
Maruti Swift Dzire VDI,Delhi,2014,52000,Diesel,Manual,First,23.4,1248.0,74.0,5,Maruti,Swift Dzire VDI,5775
Maruti Ciaz ZXi,Kolkata,2015,25470,Petrol,Manual,First,20.73,1373.0,91.1,5,Maruti,Ciaz ZXi,6490
Hyundai EON Era Plus,Pune,2013,22000,Petrol,Manual,First,21.1,814.0,55.2,5,Hyundai,EON Era Plus,2860
Mercedes-Benz E-Class 280 CDI,Chennai,2007,75000,Diesel,Automatic,First,11.0,2987.0,198.5,5,Mercedes-Benz,E-Class 280 CDI,12100
BMW 5 Series 2003-2012 520d,Pune,2011,95995,Diesel,Automatic,First,18.48,1995.0,177.0,5,BMW,5 Series 2003-2012 520d,17050
Hyundai Grand i10 1.2 CRDi Sportz Option,Jaipur,2017,26877,Diesel,Manual,First,24.0,1186.0,73.97,5,Hyundai,Grand i10 1.2 CRDi Sportz Option,6325
Maruti Swift Ldi BSIII,Chennai,2007,140000,Diesel,Manual,Second,17.8,1248.0,75.0,5,Maruti,Swift Ldi BSIII,2200
Hyundai Santro Xing GLS,Hyderabad,2008,95291,Petrol,Manual,First,17.92,1086.0,62.1,5,Hyundai,Santro Xing GLS,2530
Toyota Innova 2.5 V Diesel 8-seater,Hyderabad,2009,135000,Diesel,Manual,Second,12.8,2494.0,102.0,8,Toyota,Innova 2.5 V Diesel 8-seater,9020
Hyundai i20 Sportz 1.2,Kolkata,2015,32000,Petrol,Manual,First,18.6,1197.0,81.83,5,Hyundai,i20 Sportz 1.2,5280
Mercedes-Benz E-Class 280 CDI,Mumbai,2008,68333,Diesel,Automatic,Second,11.0,2987.0,198.5,5,Mercedes-Benz,E-Class 280 CDI,9350
Ford Figo Diesel ZXI,Chennai,2011,72000,Diesel,Manual,First,20.0,1399.0,68.0,5,Ford,Figo Diesel ZXI,3190
Toyota Corolla Altis 1.4 DG,Ahmedabad,2012,52100,Diesel,Manual,First,21.43,1364.0,86.79,5,Toyota,Corolla Altis 1.4 DG,7150
Hyundai Grand i10 1.2 Kappa Sportz,Jaipur,2018,10000,Petrol,Manual,First,18.9,1197.0,81.86,5,Hyundai,Grand i10 1.2 Kappa Sportz,6435
Jeep Compass 2.0 Limited 4X4,Coimbatore,2019,6261,Diesel,Manual,First,16.3,1956.0,170.0,5,Jeep,Compass 2.0 Limited 4X4,26301
Toyota Fortuner 3.0 Diesel,Pune,2014,55960,Diesel,Manual,First,11.5,2982.0,171.0,7,Toyota,Fortuner 3.0 Diesel,18975
Volkswagen Vento Diesel Highline,Jaipur,2013,144000,Diesel,Manual,First,20.54,1598.0,103.6,5,Volkswagen,Vento Diesel Highline,7700
Toyota Innova Crysta 2.4 VX MT,Mumbai,2017,38000,Diesel,Manual,First,13.68,2393.0,147.8,7,Toyota,Innova Crysta 2.4 VX MT,19415
Ford Figo Diesel Celebration Edition,Jaipur,2013,51000,Diesel,Manual,First,20.0,1399.0,68.1,5,Ford,Figo Diesel Celebration Edition,2750
Toyota Platinum Etios 1.4 GXD,Hyderabad,2015,150000,Diesel,Manual,First,23.59,1364.0,67.05,5,Toyota,Platinum Etios 1.4 GXD,6600
Land Rover Range Rover HSE Dynamic,Kochi,2018,41661,Diesel,Automatic,First,12.7,2179.0,187.7,5,Land,Rover Range Rover HSE Dynamic,49313
BMW 3 Series 320d Highline,Delhi,2011,64000,Diesel,Automatic,First,16.07,1995.0,181.0,5,BMW,3 Series 320d Highline,11550
Hyundai Accent GLS,Bangalore,2008,80000,Petrol,Manual,Second,13.2,1495.0,94.0,5,Hyundai,Accent GLS,2090
Maruti Celerio ZXI AT,Jaipur,2016,30000,Petrol,Automatic,Second,23.1,998.0,67.04,5,Maruti,Celerio ZXI AT,4675
Jaguar XF 2.2 Litre Luxury,Chennai,2014,43000,Diesel,Automatic,Second,16.36,2179.0,187.7,5,Jaguar,XF 2.2 Litre Luxury,29150
Audi A6 2.7 TDI,Bangalore,2013,90000,Diesel,Automatic,Second,12.4,2698.0,179.5,5,Audi,A6 2.7 TDI,24750
Nissan Micra Diesel XV,Hyderabad,2011,123880,Diesel,Manual,First,23.08,1461.0,63.1,5,Nissan,Micra Diesel XV,3630
Honda Amaze S i-Vtech,Jaipur,2015,42000,Petrol,Manual,Second,18.0,1198.0,86.7,5,Honda,Amaze S i-Vtech,4730
Renault Duster 85PS Diesel RxL Option,Chennai,2012,79824,Diesel,Manual,First,19.87,1461.0,83.8,5,Renault,Duster 85PS Diesel RxL Option,5775
Toyota Innova 2.5 G (Diesel) 8 Seater,Jaipur,2015,75000,Diesel,Manual,First,12.99,2494.0,100.6,8,Toyota,Innova 2.5 G (Diesel) 8 Seater,12925
Honda Amaze E i-Vtech,Ahmedabad,2014,72411,Petrol,Manual,First,18.0,1198.0,86.7,5,Honda,Amaze E i-Vtech,4675
Mercedes-Benz New C-Class C 250 CDI Elegance,Delhi,2012,63000,Diesel,Automatic,First,14.94,2143.0,204.0,5,Mercedes-Benz,New C-Class C 250 CDI Elegance,15642
Toyota Etios Liva G,Chennai,2015,53713,Petrol,Manual,First,17.71,1197.0,78.9,5,Toyota,Etios Liva G,4620
Toyota Innova Crysta 2.8 GX AT 8S,Delhi,2017,18000,Diesel,Automatic,First,11.36,2755.0,171.5,8,Toyota,Innova Crysta 2.8 GX AT 8S,20075
Mercedes-Benz New C-Class 200 CDI Elegance,Bangalore,2013,51000,Diesel,Manual,First,15.8,2148.0,170.0,5,Mercedes-Benz,New C-Class 200 CDI Elegance,20350
Maruti Swift VXI BSIII,Chennai,2008,86700,Petrol,Manual,Second,16.1,1298.0,88.2,5,Maruti,Swift VXI BSIII,2640
Maruti Baleno Alpha 1.3,Kolkata,2016,29000,Diesel,Manual,First,27.39,1248.0,74.0,5,Maruti,Baleno Alpha 1.3,7150
Hyundai Santro Xing GL Plus LPG,Hyderabad,2014,56000,LPG,Manual,First,9.607142857142858,1086.0,62.1,5,Hyundai,Santro Xing GL Plus LPG,3520
Maruti Celerio VXI AT,Mumbai,2015,33000,Petrol,Automatic,First,23.1,998.0,67.04,5,Maruti,Celerio VXI AT,4389
Ford Ecosport 1.5 DV5 MT Ambiente,Kochi,2014,64394,Diesel,Manual,First,22.7,1498.0,89.84,5,Ford,Ecosport 1.5 DV5 MT Ambiente,5995
Tata Manza Aura Quadrajet,Hyderabad,2010,76000,Diesel,Manual,First,18.8,1248.0,90.0,5,Tata,Manza Aura Quadrajet,2970
Honda Jazz 1.5 SV i DTEC,Mumbai,2016,48719,Diesel,Manual,First,27.3,1498.0,98.6,5,Honda,Jazz 1.5 SV i DTEC,6875
Mahindra XUV500 W8 2WD,Coimbatore,2016,59711,Diesel,Manual,First,15.1,2179.0,140.0,7,Mahindra,XUV500 W8 2WD,14608
Nissan Micra Diesel XV Premium,Hyderabad,2012,83000,Diesel,Manual,First,23.08,1461.0,63.1,5,Nissan,Micra Diesel XV Premium,4070
Mercedes-Benz New C-Class C 220d Avantgarde Edition C,Coimbatore,2018,10714,Diesel,Automatic,First,19.27,2143.0,167.62,5,Mercedes-Benz,New C-Class C 220d Avantgarde Edition C,43461
Tata Manza Aura Plus Quadrajet BS IV,Hyderabad,2010,127510,Diesel,Manual,Second,19.0,1248.0,90.0,5,Tata,Manza Aura Plus Quadrajet BS IV,1540
Maruti Swift VDI,Kolkata,2014,35010,Diesel,Manual,First,22.9,1248.0,74.0,5,Maruti,Swift VDI,3850
Maruti Swift Dzire 1.2 Lxi BSIV,Jaipur,2012,75451,Petrol,Manual,First,17.5,1197.0,85.8,5,Maruti,Swift Dzire 1.2 Lxi BSIV,4158
Tata Indigo eCS LS (TDI) BS-III,Pune,2015,83000,Diesel,Manual,First,19.09,1405.0,69.01,5,Tata,Indigo eCS LS (TDI) BS-III,2970
Honda Amaze S i-Dtech,Kolkata,2013,38755,Diesel,Manual,First,25.8,1498.0,98.6,5,Honda,Amaze S i-Dtech,3520
Maruti Swift VXI BSIV,Delhi,2016,30000,Petrol,Manual,First,20.4,1197.0,81.8,5,Maruti,Swift VXI BSIV,5500
Maruti Ertiga ZDI,Chennai,2012,40000,Diesel,Manual,First,20.77,1248.0,88.8,7,Maruti,Ertiga ZDI,7700
Hyundai Grand i10 Era,Kolkata,2014,19500,Petrol,Manual,Second,18.9,1197.0,82.0,5,Hyundai,Grand i10 Era,3135
Nissan Micra Active XV,Ahmedabad,2016,41000,Petrol,Manual,First,19.69,1198.0,67.04,5,Nissan,Micra Active XV,4675
Hyundai Grand i10 Asta Option,Bangalore,2014,30000,Petrol,Manual,Second,18.9,1197.0,82.0,5,Hyundai,Grand i10 Asta Option,5390
Jeep Compass 2.0 Sport,Hyderabad,2017,37000,Diesel,Manual,First,17.1,1956.0,170.0,5,Jeep,Compass 2.0 Sport,18590
Volkswagen Polo Diesel Comfortline 1.2L,Delhi,2014,62000,Diesel,Manual,Second,22.07,1199.0,73.9,5,Volkswagen,Polo Diesel Comfortline 1.2L,4675
Honda Amaze S AT i-Vtech,Pune,2015,42023,Petrol,Automatic,First,15.5,1198.0,86.7,5,Honda,Amaze S AT i-Vtech,4774
BMW X3 xDrive20d Advantage Edition,Kolkata,2012,51001,Diesel,Automatic,First,16.09,1995.0,184.0,5,BMW,X3 xDrive20d Advantage Edition,18700
BMW 3 Series 320d Luxury Line,Kochi,2017,55389,Diesel,Automatic,First,18.88,1995.0,184.0,5,BMW,3 Series 320d Luxury Line,31295
Honda City V AT,Kochi,2014,46728,Petrol,Automatic,First,15.6,1497.0,116.3,5,Honda,City V AT,6765
Mahindra Ssangyong Rexton RX5,Kochi,2014,58995,Diesel,Manual,First,12.83,2696.0,162.0,7,Mahindra,Ssangyong Rexton RX5,10175
Maruti Swift Dzire LDI,Delhi,2015,37857,Diesel,Manual,First,26.59,1248.0,74.0,5,Maruti,Swift Dzire LDI,5335
Maruti Swift VDI BSIV,Jaipur,2014,71000,Diesel,Manual,First,25.2,1248.0,74.0,5,Maruti,Swift VDI BSIV,5280
Honda Brio S Option MT,Pune,2012,49024,Petrol,Manual,First,18.4,1198.0,86.8,5,Honda,Brio S Option MT,2530
Hyundai Grand i10 Sportz,Mumbai,2016,10770,Petrol,Manual,First,18.9,1197.0,82.0,5,Hyundai,Grand i10 Sportz,5225
Tata Zest Quadrajet 1.3 75PS XM,Pune,2017,72000,Diesel,Manual,First,22.95,1248.0,74.0,5,Tata,Zest Quadrajet 1.3 75PS XM,5500
Hyundai EON Era Plus,Jaipur,2015,91000,Petrol,Manual,First,21.1,814.0,55.2,5,Hyundai,EON Era Plus,2750
Hyundai i20 1.2 Spotz,Mumbai,2017,14000,Petrol,Manual,First,18.6,1197.0,81.83,5,Hyundai,i20 1.2 Spotz,6545
Volvo S60 D4 KINETIC,Delhi,2014,48000,Diesel,Automatic,Second,9.0,1984.0,181.0,5,Volvo,S60 D4 KINETIC,17600
Ford Ecosport 1.5 DV5 MT Titanium Optional,Delhi,2014,75136,Diesel,Manual,First,22.7,1498.0,89.84,5,Ford,Ecosport 1.5 DV5 MT Titanium Optional,6765
Maruti Ritz VXI,Hyderabad,2014,32500,Petrol,Manual,Second,21.1,1197.0,85.8,5,Maruti,Ritz VXI,4455
Hyundai i20 1.4 CRDi Magna,Hyderabad,2010,94500,Diesel,Manual,Second,21.9,1396.0,90.0,5,Hyundai,i20 1.4 CRDi Magna,3410
Maruti Dzire VXI,Hyderabad,2013,34900,Petrol,Manual,First,22.0,1197.0,81.8,5,Maruti,Dzire VXI,6039
Maruti Swift VDi BSIII W/ ABS,Jaipur,2015,50000,Diesel,Manual,First,17.8,1248.0,75.0,5,Maruti,Swift VDi BSIII W/ ABS,6270
Honda Brio S MT,Kolkata,2014,35000,Petrol,Manual,First,19.4,1198.0,86.8,5,Honda,Brio S MT,3135
Chevrolet Beat LS,Bangalore,2012,37000,Petrol,Manual,Second,18.6,1199.0,79.4,5,Chevrolet,Beat LS,2585
Hyundai Creta 1.6 SX Plus Petrol Automatic,Coimbatore,2018,32807,Petrol,Automatic,First,13.0,1591.0,121.3,5,Hyundai,Creta 1.6 SX Plus Petrol Automatic,16236
Honda City ZX GXi,Pune,2008,119000,Petrol,Manual,Second,17.7,1497.0,78.0,5,Honda,City ZX GXi,2475
Maruti Ritz LXi,Mumbai,2016,12000,Petrol,Manual,First,18.5,1197.0,85.8,5,Maruti,Ritz LXi,4015
Ford EcoSport 1.5 TDCi Trend,Delhi,2016,46727,Diesel,Manual,First,22.77,1498.0,98.59,5,Ford,EcoSport 1.5 TDCi Trend,7975
BMW 3 Series 320d,Hyderabad,2010,73336,Diesel,Automatic,First,13.2,1995.0,170.0,5,BMW,3 Series 320d,11759
Hyundai Verna 1.6 SX VTVT,Mumbai,2014,9000,Petrol,Manual,Second,17.01,1591.0,121.3,5,Hyundai,Verna 1.6 SX VTVT,6050
Maruti Wagon R LXI,Mumbai,2014,25422,Petrol,Manual,First,22.5,998.0,67.04,5,Maruti,Wagon R LXI,3575
Maruti Ertiga VDI,Mumbai,2018,14000,Diesel,Manual,First,25.47,1248.0,88.5,7,Maruti,Ertiga VDI,10175
Maruti A-Star Vxi,Kochi,2010,55324,Petrol,Manual,First,19.0,998.0,66.1,5,Maruti,A-Star Vxi,3157
BMW X5 3.0d,Bangalore,2009,90000,Diesel,Automatic,First,11.0,2993.0,235.0,5,BMW,X5 3.0d,19525
Mahindra KUV 100 G80 K6 Plus 5Str,Kolkata,2017,43000,Petrol,Manual,First,18.15,1198.0,82.0,5,Mahindra,KUV 100 G80 K6 Plus 5Str,4950
Hyundai i10 Magna AT,Bangalore,2008,58483,Petrol,Automatic,Second,19.2,1197.0,80.0,5,Hyundai,i10 Magna AT,3245
Honda Civic 2006-2010 1.8 S AT,Pune,2007,93000,Petrol,Automatic,Second,12.9,1799.0,130.0,5,Honda,Civic 2006-2010 1.8 S AT,2860
Hyundai i10 Sportz 1.2,Hyderabad,2010,50000,Petrol,Manual,First,20.36,1197.0,78.9,5,Hyundai,i10 Sportz 1.2,3300
Mercedes-Benz New C-Class C 220 CDI Elegance AT,Ahmedabad,2014,78616,Diesel,Automatic,Second,14.84,2143.0,170.0,5,Mercedes-Benz,New C-Class C 220 CDI Elegance AT,17050
Toyota Etios G,Pune,2011,37000,Petrol,Manual,First,17.6,1496.0,88.73,5,Toyota,Etios G,3080
Honda City 1.5 E MT,Kolkata,2010,54801,Petrol,Manual,First,17.0,1497.0,118.0,5,Honda,City 1.5 E MT,2750
Maruti Swift Dzire VDI,Bangalore,2014,29000,Diesel,Manual,First,23.4,1248.0,74.0,5,Maruti,Swift Dzire VDI,6325
Maruti Swift VXI,Pune,2010,68000,Petrol,Manual,First,22.0,1197.0,81.8,5,Maruti,Swift VXI,3080
Hyundai Verna 1.6 EX VTVT,Kolkata,2014,58000,Petrol,Manual,First,17.01,1591.0,121.3,5,Hyundai,Verna 1.6 EX VTVT,5049
Maruti Ritz VDi,Pune,2012,64290,Diesel,Manual,First,23.2,1248.0,73.94,5,Maruti,Ritz VDi,4015
Toyota Fortuner 4x2 Manual,Mumbai,2015,31000,Diesel,Manual,First,13.0,2982.0,168.5,7,Toyota,Fortuner 4x2 Manual,21835
Jeep Compass 2.0 Limited,Pune,2018,16039,Diesel,Manual,First,17.1,1956.0,170.0,5,Jeep,Compass 2.0 Limited,20350
Hyundai i20 Asta Option 1.2,Hyderabad,2017,19860,Petrol,Manual,First,18.6,1197.0,81.83,5,Hyundai,i20 Asta Option 1.2,7645
Maruti Wagon R LXI CNG,Delhi,2014,48500,CNG,Manual,Second,19.000000000000004,998.0,58.16,5,Maruti,Wagon R LXI CNG,3135
Tata New Safari DICOR 2.2 EX 4x4 BS IV,Jaipur,2012,75391,Diesel,Manual,First,13.93,2179.0,138.0,7,Tata,New Safari DICOR 2.2 EX 4x4 BS IV,4125
Maruti Swift Dzire LDi,Jaipur,2008,78000,Diesel,Manual,Second,19.3,1248.0,73.9,5,Maruti,Swift Dzire LDi,2530
Tata Indigo eCS eLS BS IV,Kolkata,2016,78000,Diesel,Manual,First,25.0,1396.0,69.01,5,Tata,Indigo eCS eLS BS IV,2530
Maruti Swift LDI,Hyderabad,2016,52000,Diesel,Manual,First,28.4,1248.0,74.0,5,Maruti,Swift LDI,6545
Maruti Celerio VXI AT,Kolkata,2016,30000,Petrol,Automatic,First,23.1,998.0,67.04,5,Maruti,Celerio VXI AT,3839
BMW 5 Series 2013-2017 530d M Sport,Coimbatore,2016,19254,Diesel,Automatic,First,14.69,2993.0,258.0,5,BMW,5 Series 2013-2017 530d M Sport,52470
Volkswagen Polo 1.2 MPI Highline,Coimbatore,2015,29651,Petrol,Manual,First,16.47,1198.0,74.0,5,Volkswagen,Polo 1.2 MPI Highline,7073
Tata Safari DICOR 2.2 LX 4x2,Bangalore,2011,80000,Diesel,Manual,First,13.93,2179.0,138.03,7,Tata,Safari DICOR 2.2 LX 4x2,4950
Ford Figo Petrol Titanium,Kolkata,2015,21400,Petrol,Manual,First,15.6,1196.0,70.0,5,Ford,Figo Petrol Titanium,4400
Honda City i DTEC V,Ahmedabad,2015,77000,Diesel,Manual,First,26.0,1498.0,98.6,5,Honda,City i DTEC V,7678
Hyundai Tucson CRDi,Delhi,2006,80000,Diesel,Manual,Second,12.6,1991.0,112.0,7,Hyundai,Tucson CRDi,1925
Skoda Laura Ambiente 2.0 TDI CR MT,Delhi,2013,81755,Diesel,Manual,First,20.0,1968.0,108.5,5,Skoda,Laura Ambiente 2.0 TDI CR MT,5225
Toyota Fortuner 3.0 Diesel,Hyderabad,2016,99593,Diesel,Manual,First,11.5,2982.0,171.0,7,Toyota,Fortuner 3.0 Diesel,25850
Hyundai Verna 1.6 SX,Hyderabad,2014,39791,Diesel,Manual,First,22.32,1582.0,126.32,5,Hyundai,Verna 1.6 SX,8239
Mahindra XUV500 W6 2WD,Hyderabad,2015,113000,Diesel,Manual,First,15.1,2179.0,140.0,7,Mahindra,XUV500 W6 2WD,11935
Renault KWID RXT,Mumbai,2017,24000,Petrol,Manual,First,25.17,799.0,53.3,5,Renault,KWID RXT,3850
Hyundai i20 Asta 1.2,Bangalore,2015,39000,Petrol,Manual,Second,18.6,1197.0,81.83,5,Hyundai,i20 Asta 1.2,6930
Honda City V AT,Bangalore,2012,37000,Petrol,Automatic,First,15.6,1497.0,116.3,5,Honda,City V AT,7425
Ford Endeavour 3.2 Titanium AT 4X4,Coimbatore,2017,61108,Diesel,Automatic,First,10.91,3198.0,197.0,7,Ford,Endeavour 3.2 Titanium AT 4X4,31768
Skoda Superb Elegance 1.8 TSI AT,Kochi,2016,61648,Petrol,Automatic,First,13.7,1798.0,157.75,5,Skoda,Superb Elegance 1.8 TSI AT,15653
BMW 3 Series 320d Sport,Mumbai,2012,37000,Diesel,Automatic,Third,22.69,1995.0,190.0,5,BMW,3 Series 320d Sport,16500
Maruti Ertiga VXI CNG,Mumbai,2013,53000,CNG,Manual,First,16.28571428571429,1373.0,80.9,7,Maruti,Ertiga VXI CNG,6380
Maruti Ritz LDi,Jaipur,2013,65000,Diesel,Manual,First,23.2,1248.0,73.94,5,Maruti,Ritz LDi,4125
Toyota Fortuner 3.0 Diesel,Jaipur,2011,148009,Diesel,Manual,Second,11.5,2982.0,171.0,7,Toyota,Fortuner 3.0 Diesel,14025
Maruti Swift Lxi BSIII,Mumbai,2009,53001,Petrol,Manual,First,16.1,1298.0,88.2,5,Maruti,Swift Lxi BSIII,2145
Tata Tigor 1.2 Revotron XT,Mumbai,2018,22345,Petrol,Manual,First,20.3,1199.0,84.0,5,Tata,Tigor 1.2 Revotron XT,5445
Honda City i VTEC CVT VX,Delhi,2015,50000,Petrol,Automatic,First,18.0,1497.0,117.3,5,Honda,City i VTEC CVT VX,9075
BMW 3 Series 320d,Hyderabad,2013,48183,Diesel,Automatic,First,13.2,1995.0,170.0,5,BMW,3 Series 320d,23089
Mercedes-Benz E-Class 2009-2013 E250 CDI Blue Efficiency,Hyderabad,2010,93000,Diesel,Automatic,Second,14.21,2143.0,203.0,5,Mercedes-Benz,E-Class 2009-2013 E250 CDI Blue Efficiency,19250
Maruti Swift VDI,Kochi,2015,53500,Diesel,Manual,First,28.4,1248.0,74.0,5,Maruti,Swift VDI,5896
Maruti Ertiga VXI,Delhi,2014,17585,Petrol,Manual,First,16.02,1373.0,93.7,7,Maruti,Ertiga VXI,6985
Hyundai Verna 1.6 VTVT,Kolkata,2011,36226,Petrol,Manual,First,17.01,1591.0,121.3,5,Hyundai,Verna 1.6 VTVT,3245
Land Rover Discovery Sport TD4 HSE,Coimbatore,2019,25899,Diesel,Automatic,First,12.63,2179.0,147.5,5,Land,Rover Discovery Sport TD4 HSE,61270
Hyundai Santro Xing GL,Kolkata,2009,60170,Petrol,Manual,First,0.0,1086.0,62.0,5,Hyundai,Santro Xing GL,1265
Mercedes-Benz New C-Class C 220 CDI Style,Hyderabad,2017,11200,Diesel,Automatic,First,19.27,2143.0,167.62,5,Mercedes-Benz,New C-Class C 220 CDI Style,41250
Hyundai i10 Magna 1.2,Kochi,2017,49045,Petrol,Manual,First,20.36,1197.0,78.9,5,Hyundai,i10 Magna 1.2,4477
Volkswagen Polo Diesel Comfortline 1.2L,Kolkata,2012,45000,Diesel,Manual,First,22.07,1199.0,73.9,5,Volkswagen,Polo Diesel Comfortline 1.2L,3289
Maruti Vitara Brezza VDi Option,Delhi,2017,40000,Diesel,Manual,First,24.3,1248.0,88.5,5,Maruti,Vitara Brezza VDi Option,8690
Renault Duster 85PS Diesel RxL,Mumbai,2016,36600,Diesel,Manual,First,19.87,1461.0,83.8,5,Renault,Duster 85PS Diesel RxL,8239
Tata Indica Vista Aqua 1.3 Quadrajet,Jaipur,2009,117000,Diesel,Manual,First,18.0,1248.0,75.0,5,Tata,Indica Vista Aqua 1.3 Quadrajet,1210
Mercedes-Benz GL-Class 350 CDI Blue Efficiency,Delhi,2016,16000,Diesel,Automatic,First,11.3,2987.0,254.8,7,Mercedes-Benz,GL-Class 350 CDI Blue Efficiency,61600
Hyundai Xcent 1.2 CRDi S,Mumbai,2016,50000,Diesel,Manual,First,25.4,1186.0,73.97,5,Hyundai,Xcent 1.2 CRDi S,3850
Hyundai Verna CRDi SX ABS,Hyderabad,2008,150000,Diesel,Manual,First,18.1,1493.0,110.0,5,Hyundai,Verna CRDi SX ABS,3300
Hyundai Verna 1.6 SX VTVT,Mumbai,2014,11000,Petrol,Manual,First,17.01,1591.0,121.3,5,Hyundai,Verna 1.6 SX VTVT,6710
Ford Figo Petrol ZXI,Bangalore,2010,102016,Petrol,Manual,First,15.6,1196.0,70.0,5,Ford,Figo Petrol ZXI,2475
Maruti Swift VDI Optional,Chennai,2016,38000,Diesel,Manual,First,25.2,1248.0,74.0,5,Maruti,Swift VDI Optional,6545
Renault Pulse RxL,Hyderabad,2013,71491,Diesel,Manual,First,23.08,1461.0,63.12,5,Renault,Pulse RxL,5445
Volkswagen Polo 1.2 MPI Highline,Bangalore,2015,46354,Petrol,Manual,Second,16.47,1198.0,74.0,5,Volkswagen,Polo 1.2 MPI Highline,6039
BMW 3 Series 320d Luxury Line,Delhi,2019,87000,Diesel,Automatic,First,22.69,1995.0,190.0,5,BMW,3 Series 320d Luxury Line,7337
Skoda Rapid 1.6 MPI Active,Ahmedabad,2015,20765,Petrol,Manual,First,15.0,1598.0,103.52,5,Skoda,Rapid 1.6 MPI Active,6875
Audi Q7 3.0 TDI Quattro Premium Plus,Coimbatore,2014,51076,Diesel,Automatic,First,12.07,2967.0,241.4,7,Audi,Q7 3.0 TDI Quattro Premium Plus,38368
Maruti Ciaz VDi Plus,Jaipur,2016,84085,Diesel,Manual,First,26.21,1248.0,88.5,5,Maruti,Ciaz VDi Plus,7590
Honda City i DTEC VX,Kolkata,2014,55000,Diesel,Manual,First,25.1,1498.0,98.6,5,Honda,City i DTEC VX,6589
Audi A6 2011-2015 3.0 TDI Quattro Premium Plus,Pune,2012,50001,Diesel,Automatic,First,14.57,2967.0,241.38,5,Audi,A6 2011-2015 3.0 TDI Quattro Premium Plus,31900
Mahindra Xylo H4,Coimbatore,2016,93166,Diesel,Manual,Second,14.02,2179.0,118.3,7,Mahindra,Xylo H4,6435
Honda City 1.5 EXI AT,Kochi,2006,99583,Petrol,Automatic,Third,12.0,1493.0,100.0,5,Honda,City 1.5 EXI AT,2431
Maruti SX4 ZXI MT BSIV,Mumbai,2010,72000,Petrol,Manual,First,15.5,1586.0,103.3,5,Maruti,SX4 ZXI MT BSIV,2640
Toyota Corolla Altis G,Pune,2009,70000,Petrol,Manual,Third,14.53,1798.0,138.1,5,Toyota,Corolla Altis G,3300
Volkswagen Vento Petrol Highline AT,Pune,2012,61000,Petrol,Automatic,Second,14.4,1598.0,103.6,5,Volkswagen,Vento Petrol Highline AT,4125
Hyundai EON Era Plus,Pune,2015,66510,Petrol,Manual,First,21.1,814.0,55.2,5,Hyundai,EON Era Plus,3245
Skoda Laura Ambition 2.0 TDI CR MT,Hyderabad,2011,84062,Diesel,Manual,First,20.0,1968.0,108.5,5,Skoda,Laura Ambition 2.0 TDI CR MT,6380
Maruti Swift VDI,Hyderabad,2012,80799,Diesel,Manual,First,22.9,1248.0,74.0,5,Maruti,Swift VDI,5390
Toyota Corolla Altis 1.8 VL CVT,Kolkata,2018,5000,Petrol,Automatic,First,14.28,1798.0,138.03,5,Toyota,Corolla Altis 1.8 VL CVT,18645
Toyota Innova 2.5 G (Diesel) 8 Seater,Hyderabad,2013,92000,Diesel,Manual,First,12.99,2494.0,100.0,8,Toyota,Innova 2.5 G (Diesel) 8 Seater,13750
Tata Tiago Wizz 1.05 Revotorq,Hyderabad,2017,53000,Diesel,Manual,First,27.28,1047.0,69.0,5,Tata,Tiago Wizz 1.05 Revotorq,5500
Skoda Rapid 1.6 MPI Ambition,Mumbai,2015,39822,Petrol,Manual,First,15.41,1598.0,103.52,5,Skoda,Rapid 1.6 MPI Ambition,5148
Ford Endeavour 3.2 Titanium AT 4X4,Mumbai,2016,29000,Diesel,Automatic,First,10.91,3198.0,197.0,7,Ford,Endeavour 3.2 Titanium AT 4X4,32780
Renault KWID RXL,Kochi,2017,24214,Petrol,Manual,Second,25.17,799.0,53.3,5,Renault,KWID RXL,3806
Hyundai i20 1.4 Asta CRDi with AVN,Pune,2012,75000,Diesel,Manual,First,23.0,1396.0,90.0,5,Hyundai,i20 1.4 Asta CRDi with AVN,4400
Skoda Laura Ambiente,Chennai,2012,77216,Diesel,Manual,Second,17.5,1896.0,106.0,5,Skoda,Laura Ambiente,4950
Toyota Corolla Altis Diesel D4DG,Kochi,2013,74290,Diesel,Manual,First,21.43,1364.0,87.2,5,Toyota,Corolla Altis Diesel D4DG,6457
Mahindra Scorpio S8 8 Seater,Delhi,2015,61000,Diesel,Manual,First,15.4,2179.0,120.0,8,Mahindra,Scorpio S8 8 Seater,10450
Audi Q5 2.0 TDI Premium Plus,Chennai,2013,44000,Diesel,Automatic,First,14.16,1968.0,174.3,5,Audi,Q5 2.0 TDI Premium Plus,35750
Chevrolet Enjoy TCDi LS 8 Seater,Coimbatore,2014,74041,Diesel,Manual,First,18.2,1248.0,73.8,8,Chevrolet,Enjoy TCDi LS 8 Seater,4268
BMW 3 Series 320d,Coimbatore,2013,85846,Diesel,Automatic,First,22.69,1995.0,190.0,5,BMW,3 Series 320d,14388
Nissan Sunny 2011-2014 Diesel XV,Delhi,2012,52000,Diesel,Manual,First,21.64,1461.0,84.8,5,Nissan,Sunny 2011-2014 Diesel XV,3850
Honda Accord 2.4 MT,Mumbai,2010,47000,Petrol,Manual,Second,12.8,2354.0,177.6,5,Honda,Accord 2.4 MT,3850
Hyundai Verna CRDi,Bangalore,2010,72010,Diesel,Manual,First,16.8,1493.0,110.0,5,Hyundai,Verna CRDi,4895
Audi A7 2011-2015 Sportback,Kolkata,2012,24720,Diesel,Automatic,Second,0.0,2967.0,241.4,5,Audi,A7 2011-2015 Sportback,30800
Ford Fiesta 1.4 ZXi Leather,Chennai,2007,75000,Petrol,Manual,Second,16.6,1388.0,68.0,5,Ford,Fiesta 1.4 ZXi Leather,2200
Hyundai i20 1.4 Asta,Mumbai,2015,57000,Diesel,Manual,First,22.54,1396.0,88.73,5,Hyundai,i20 1.4 Asta,6985
Mercedes-Benz E-Class E250 CDI Avantgrade,Kochi,2015,41057,Diesel,Automatic,First,13.0,2143.0,201.1,5,Mercedes-Benz,E-Class E250 CDI Avantgrade,27093
Maruti Wagon R LXI CNG,Pune,2012,92000,CNG,Manual,Second,18.714285714285715,998.0,58.2,5,Maruti,Wagon R LXI CNG,3300
Ford EcoSport 1.5 TDCi Trend Plus,Chennai,2016,20000,Diesel,Manual,First,22.77,1498.0,98.59,5,Ford,EcoSport 1.5 TDCi Trend Plus,8690
Hyundai i20 1.2 Magna,Mumbai,2011,52359,Petrol,Manual,First,18.5,1197.0,80.0,5,Hyundai,i20 1.2 Magna,3575
Honda City i VTEC V,Delhi,2016,17000,Petrol,Manual,Second,17.8,1497.0,117.3,5,Honda,City i VTEC V,9075
Nissan Micra Diesel XV,Kolkata,2011,39002,Diesel,Manual,First,23.08,1461.0,63.1,5,Nissan,Micra Diesel XV,3135
Ford Figo Diesel EXI,Pune,2010,129986,Diesel,Manual,Second,20.0,1399.0,68.0,5,Ford,Figo Diesel EXI,3520
Nissan Micra XL,Kolkata,2013,45000,Petrol,Manual,First,18.44,1198.0,75.0,5,Nissan,Micra XL,1925
Maruti Swift VDI BSIV,Kolkata,2013,41300,Diesel,Manual,First,17.8,1248.0,74.0,5,Maruti,Swift VDI BSIV,3718
Honda Accord 2.4 MT,Ahmedabad,2009,82002,Petrol,Manual,Second,12.8,2354.0,177.6,5,Honda,Accord 2.4 MT,6325
Skoda Superb Elegance 1.8 TSI AT,Mumbai,2010,67000,Petrol,Automatic,First,13.7,1798.0,157.75,5,Skoda,Superb Elegance 1.8 TSI AT,5170
Hyundai i20 Magna Optional 1.4 CRDi,Ahmedabad,2012,55362,Diesel,Manual,First,21.9,1396.0,88.8,5,Hyundai,i20 Magna Optional 1.4 CRDi,4675
Hyundai Creta 1.6 CRDi AT SX Plus,Chennai,2017,13000,Diesel,Automatic,First,17.01,1582.0,126.2,5,Hyundai,Creta 1.6 CRDi AT SX Plus,15950
Maruti Swift VDI BSIV,Kochi,2016,45725,Diesel,Manual,First,25.2,1248.0,74.0,5,Maruti,Swift VDI BSIV,5874
Maruti Swift LDI BSIV,Jaipur,2014,105000,Diesel,Manual,First,25.2,1248.0,74.0,5,Maruti,Swift LDI BSIV,4235
Toyota Innova 2.5 G (Diesel) 8 Seater BS IV,Hyderabad,2009,156056,Diesel,Manual,First,12.8,2494.0,102.0,8,Toyota,Innova 2.5 G (Diesel) 8 Seater BS IV,9350
Hyundai Xcent 1.1 CRDi Base,Mumbai,2016,135000,Diesel,Manual,First,24.4,1120.0,71.0,5,Hyundai,Xcent 1.1 CRDi Base,4620
Maruti Ertiga Paseo VDI,Delhi,2016,67000,Diesel,Manual,First,20.77,1248.0,88.7,7,Maruti,Ertiga Paseo VDI,7425
Ford Endeavour 3.2 Trend AT 4X4,Jaipur,2016,90000,Diesel,Automatic,First,10.91,3198.0,197.2,7,Ford,Endeavour 3.2 Trend AT 4X4,28600
Hyundai i20 1.4 Sportz,Coimbatore,2019,32251,Diesel,Manual,First,22.54,1396.0,88.73,5,Hyundai,i20 1.4 Sportz,9471
Maruti Zen Estilo LXI BS IV,Mumbai,2009,47000,Petrol,Manual,First,19.0,998.0,67.1,5,Maruti,Zen Estilo LXI BS IV,1606
Maruti Ritz VDi,Mumbai,2011,75308,Diesel,Manual,Second,21.1,1248.0,73.9,5,Maruti,Ritz VDi,3080
Maruti Alto K10 LXI CNG Optional,Kochi,2018,44202,CNG,Manual,First,23.042857142857144,998.0,58.2,4,Maruti,Alto K10 LXI CNG Optional,4400
Honda City 1.5 S MT,Mumbai,2014,58000,Petrol,Manual,First,17.0,1497.0,118.0,5,Honda,City 1.5 S MT,6017
Maruti Swift Dzire ZXi,Mumbai,2009,60000,Petrol,Manual,First,17.5,1298.0,85.8,5,Maruti,Swift Dzire ZXi,2695
BMW X1 sDrive 20d Sportline,Hyderabad,2014,45000,Diesel,Automatic,First,17.05,1995.0,184.0,5,BMW,X1 sDrive 20d Sportline,23650
Tata Manza Aqua Safire,Mumbai,2010,41195,Petrol,Manual,First,15.0,1368.0,90.0,5,Tata,Manza Aqua Safire,1517
Mahindra XUV500 W10 2WD,Chennai,2016,89000,Diesel,Manual,First,16.0,2179.0,140.0,7,Mahindra,XUV500 W10 2WD,14850
Hyundai i10 Sportz AT,Bangalore,2009,60510,Petrol,Automatic,Second,16.95,1197.0,78.9,5,Hyundai,i10 Sportz AT,3410
Maruti Baleno Sigma 1.2,Mumbai,2016,8500,Petrol,Manual,First,21.4,1197.0,83.1,5,Maruti,Baleno Sigma 1.2,6039
Maruti Vitara Brezza ZDi Plus Dual Tone,Kochi,2017,35981,Diesel,Manual,First,24.3,1248.0,88.5,5,Maruti,Vitara Brezza ZDi Plus Dual Tone,10461
Ford Figo Petrol ZXI,Mumbai,2012,23152,Petrol,Manual,First,15.6,1196.0,70.02,5,Ford,Figo Petrol ZXI,2629
Maruti Wagon R CNG LXI,Delhi,2014,74663,CNG,Manual,First,23.95714285714286,998.0,67.04,5,Maruti,Wagon R CNG LXI,3575
Volkswagen Vento Sport 1.2 TSI AT,Mumbai,2014,61529,Petrol,Automatic,First,18.19,1197.0,103.5,5,Volkswagen,Vento Sport 1.2 TSI AT,6215
Mahindra Xylo D2 BS III,Ahmedabad,2010,91596,Diesel,Manual,First,14.95,2489.0,93.7,7,Mahindra,Xylo D2 BS III,2035
Maruti Swift Dzire VDi,Hyderabad,2013,83327,Diesel,Manual,First,19.3,1248.0,73.9,5,Maruti,Swift Dzire VDi,6380
Volkswagen Polo 1.2 MPI Highline Plus,Hyderabad,2017,22857,Petrol,Manual,First,16.2,1199.0,74.0,5,Volkswagen,Polo 1.2 MPI Highline Plus,7590
Hyundai Verna 1.6 VTVT,Chennai,2013,34620,Petrol,Manual,Second,17.01,1591.0,121.3,5,Hyundai,Verna 1.6 VTVT,5885
Hyundai i10 Era 1.1,Bangalore,2010,56000,Petrol,Manual,First,19.81,1086.0,68.05,5,Hyundai,i10 Era 1.1,3135
Mercedes-Benz E-Class E250 CDI Launch Edition,Chennai,2014,81000,Diesel,Automatic,First,13.0,2143.0,204.0,5,Mercedes-Benz,E-Class E250 CDI Launch Edition,25025
Hyundai i10 Sportz,Coimbatore,2013,32776,Petrol,Manual,First,20.36,1197.0,78.9,5,Hyundai,i10 Sportz,5104
Honda Amaze S i-Dtech,Coimbatore,2016,51587,Diesel,Manual,First,25.8,1498.0,98.6,5,Honda,Amaze S i-Dtech,5796
Tata Safari Storme VX,Jaipur,2016,36000,Diesel,Manual,First,14.1,2179.0,148.0,7,Tata,Safari Storme VX,11000
Honda Brio 1.2 S MT,Mumbai,2015,22000,Petrol,Manual,First,18.5,1198.0,86.8,5,Honda,Brio 1.2 S MT,4345
Hyundai i20 Asta,Kochi,2010,30754,Petrol,Manual,First,17.0,1197.0,80.0,5,Hyundai,i20 Asta,3718
Volkswagen Jetta 2012-2014 1.4 TSI,Coimbatore,2018,37109,Petrol,Manual,First,14.69,1390.0,120.33,5,Volkswagen,Jetta 2012-2014 1.4 TSI,18480
Honda Jazz Select Edition,Kolkata,2010,45000,Petrol,Manual,First,16.7,1198.0,88.8,5,Honda,Jazz Select Edition,2189
Hyundai Grand i10 Sportz,Coimbatore,2017,33284,Petrol,Manual,First,18.9,1197.0,82.0,5,Hyundai,Grand i10 Sportz,6424
Jaguar XF 2.2 Litre Luxury,Kolkata,2014,18000,Diesel,Automatic,First,16.36,2179.0,187.7,5,Jaguar,XF 2.2 Litre Luxury,28270
Mahindra XUV500 W8 2WD,Coimbatore,2013,130790,Diesel,Manual,First,16.0,2179.0,140.0,7,Mahindra,XUV500 W8 2WD,10164
Maruti S Cross DDiS 320 Alpha,Delhi,2015,16607,Diesel,Manual,First,22.7,1598.0,118.0,5,Maruti,S Cross DDiS 320 Alpha,8415
Audi A4 2.0 TDI 177 Bhp Premium Plus,Coimbatore,2015,32205,Diesel,Automatic,First,17.11,1968.0,174.33,5,Audi,A4 2.0 TDI 177 Bhp Premium Plus,27841
Renault Duster 110PS Diesel RxZ,Delhi,2013,67000,Diesel,Manual,First,19.01,1461.0,108.45,5,Renault,Duster 110PS Diesel RxZ,5225
Maruti Swift Dzire VXI,Coimbatore,2014,57676,Petrol,Manual,First,19.1,1197.0,85.8,5,Maruti,Swift Dzire VXI,7359
Volkswagen Polo Petrol Trendline 1.2L,Mumbai,2012,41000,Petrol,Manual,First,16.47,1198.0,73.9,5,Volkswagen,Polo Petrol Trendline 1.2L,3410
Hyundai Grand i10 1.2 Kappa Magna AT,Coimbatore,2019,12153,Petrol,Automatic,First,18.9,1197.0,81.86,5,Hyundai,Grand i10 1.2 Kappa Magna AT,7524
Audi A4 30 TFSI Premium Plus,Kochi,2017,61221,Petrol,Automatic,First,17.84,1395.0,147.51,5,Audi,A4 30 TFSI Premium Plus,23903
Volkswagen Polo 1.2 MPI Highline,Mumbai,2015,22000,Petrol,Manual,First,16.47,1198.0,74.0,5,Volkswagen,Polo 1.2 MPI Highline,5225
Maruti Alto 800 LXI,Chennai,2015,63714,Petrol,Manual,First,22.74,796.0,47.3,5,Maruti,Alto 800 LXI,2695
Mini Cooper 5 DOOR D,Kochi,2019,14857,Diesel,Automatic,First,20.7,1496.0,113.98,5,Mini,Cooper 5 DOOR D,34705
Audi A4 New 2.0 TDI Multitronic,Delhi,2012,69000,Diesel,Automatic,Second,15.2,1968.0,140.8,5,Audi,A4 New 2.0 TDI Multitronic,11275
Ford Endeavour Titanium 4X2,Coimbatore,2019,14648,Diesel,Manual,First,12.62,2198.0,158.0,7,Ford,Endeavour Titanium 4X2,30096
Ford Ecosport 1.5 Ti VCT MT Titanium,Hyderabad,2013,100000,Petrol,Manual,Second,15.8,1499.0,110.0,5,Ford,Ecosport 1.5 Ti VCT MT Titanium,7150
Hyundai Grand i10 Magna,Jaipur,2016,22000,Petrol,Manual,First,18.9,1197.0,82.0,5,Hyundai,Grand i10 Magna,4675
Chevrolet Sail 1.2 LS,Mumbai,2014,10000,Petrol,Manual,First,18.2,1199.0,82.4,5,Chevrolet,Sail 1.2 LS,6050
Maruti Swift Dzire LXI,Kolkata,2015,107000,Petrol,Manual,First,20.85,1197.0,83.14,5,Maruti,Swift Dzire LXI,4400
Tata Zest Revotron 1.2T XM,Kochi,2017,48198,Petrol,Manual,First,17.57,1193.0,88.7,5,Tata,Zest Revotron 1.2T XM,5115
Mercedes-Benz New C-Class C 220 CDI Avantgarde,Delhi,2015,15000,Diesel,Automatic,First,19.27,2143.0,170.0,5,Mercedes-Benz,New C-Class C 220 CDI Avantgarde,31350
Chevrolet Cruze LTZ,Coimbatore,2014,80073,Diesel,Manual,First,17.3,1998.0,163.7,5,Chevrolet,Cruze LTZ,7821
Maruti Ritz VDi,Hyderabad,2013,85388,Diesel,Manual,First,21.1,1248.0,73.9,5,Maruti,Ritz VDi,4290
Hyundai Grand i10 1.2 Kappa Sportz Option,Jaipur,2017,14700,Petrol,Manual,First,18.9,1197.0,81.86,5,Hyundai,Grand i10 1.2 Kappa Sportz Option,6160
Maruti Dzire LDI,Pune,2012,150000,Diesel,Manual,Third,28.4,1248.0,73.75,5,Maruti,Dzire LDI,2475
Hyundai Verna 1.6 SX,Kolkata,2011,34994,Diesel,Manual,First,22.32,1582.0,126.32,5,Hyundai,Verna 1.6 SX,4290
Skoda Superb Elegance 1.8 TSI AT,Delhi,2013,82000,Petrol,Automatic,First,13.7,1798.0,157.75,5,Skoda,Superb Elegance 1.8 TSI AT,7975
Maruti Wagon R LXI,Pune,2006,52000,Petrol,Manual,Second,18.9,998.0,67.1,5,Maruti,Wagon R LXI,2200
Volkswagen Polo Petrol Highline 1.2L,Mumbai,2011,20000,Petrol,Manual,First,16.47,1198.0,73.9,5,Volkswagen,Polo Petrol Highline 1.2L,3850
Honda Civic 2010-2013 1.8 S MT,Hyderabad,2011,55000,Petrol,Manual,First,14.8,1799.0,130.2,5,Honda,Civic 2010-2013 1.8 S MT,5500
Maruti Eeco CNG 5 Seater AC,Ahmedabad,2015,47001,CNG,Manual,First,14.285714285714286,1196.0,63.0,5,Maruti,Eeco CNG 5 Seater AC,4092
Maruti Wagon R VXI,Chennai,2014,52000,Petrol,Manual,First,22.5,998.0,67.04,5,Maruti,Wagon R VXI,3795
Maruti Swift Dzire VDI,Kolkata,2013,43284,Diesel,Manual,First,23.4,1248.0,74.0,5,Maruti,Swift Dzire VDI,4950
Hyundai Creta 1.6 SX Plus Petrol Automatic,Coimbatore,2018,23875,Petrol,Automatic,First,13.0,1591.0,121.3,5,Hyundai,Creta 1.6 SX Plus Petrol Automatic,15796
Hyundai Grand i10 Asta,Bangalore,2016,51866,Petrol,Manual,First,18.9,1197.0,82.0,5,Hyundai,Grand i10 Asta,6050
Nissan Micra Diesel XV Premium,Mumbai,2013,69000,Diesel,Manual,First,23.08,1461.0,63.1,5,Nissan,Micra Diesel XV Premium,3300
Hyundai Grand i10 1.2 Kappa Asta,Coimbatore,2017,62788,Petrol,Manual,First,18.9,1197.0,81.86,5,Hyundai,Grand i10 1.2 Kappa Asta,6688
Volkswagen Vento Diesel Highline,Chennai,2013,150000,Diesel,Manual,First,20.54,1598.0,103.6,5,Volkswagen,Vento Diesel Highline,5500
Toyota Fortuner 4x2 AT,Kochi,2015,47566,Diesel,Automatic,First,12.55,2982.0,168.5,7,Toyota,Fortuner 4x2 AT,22275
Toyota Innova Crysta 2.8 GX AT,Pune,2018,20300,Diesel,Automatic,First,11.36,2755.0,171.5,7,Toyota,Innova Crysta 2.8 GX AT,19800
Mercedes-Benz A Class A180 CDI,Pune,2015,48300,Diesel,Automatic,First,20.0,2143.0,107.3,5,Mercedes-Benz,A Class A180 CDI,19250
Hyundai EON D Lite,Pune,2013,30000,Petrol,Manual,First,21.1,814.0,55.2,5,Hyundai,EON D Lite,2310
Hyundai Elantra CRDi SX,Bangalore,2012,36000,Diesel,Manual,Second,22.7,1582.0,126.24,5,Hyundai,Elantra CRDi SX,8250
Mini Cooper 3 DOOR D,Kochi,2015,27641,Diesel,Automatic,Second,20.7,1496.0,113.98,4,Mini,Cooper 3 DOOR D,27247
Renault Duster 110PS Diesel RXZ Option,Bangalore,2015,60000,Diesel,Manual,First,19.64,1461.0,108.45,5,Renault,Duster 110PS Diesel RXZ Option,9515
Ford Endeavour 3.2 Titanium AT 4X4,Chennai,2019,9000,Diesel,Automatic,First,10.91,3198.0,197.0,7,Ford,Endeavour 3.2 Titanium AT 4X4,39050
Toyota Corolla Altis GL MT,Delhi,2014,60750,Petrol,Manual,First,14.28,1798.0,138.03,5,Toyota,Corolla Altis GL MT,11550
Mahindra XUV500 W7,Delhi,2018,9000,Diesel,Manual,First,14.0,2179.0,155.0,7,Mahindra,XUV500 W7,14300
BMW 7 Series 730Ld Design Pure Excellence CBU,Kolkata,2012,41100,Diesel,Automatic,First,16.77,2993.0,261.49,5,BMW,7 Series 730Ld Design Pure Excellence CBU,29150
Maruti Wagon R LX BSIII,Ahmedabad,2004,60000,Petrol,Manual,Second,17.3,1061.0,64.0,5,Maruti,Wagon R LX BSIII,1540
Honda City i VTEC SV,Kochi,2017,38424,Petrol,Manual,First,17.8,1497.0,117.3,5,Honda,City i VTEC SV,8261
Maruti Swift VDI,Delhi,2014,50000,Diesel,Manual,First,22.9,1248.0,74.0,5,Maruti,Swift VDI,4730
Honda City i-VTEC CVT VX,Mumbai,2015,19000,Petrol,Automatic,First,18.0,1497.0,117.3,5,Honda,City i-VTEC CVT VX,9845
Maruti Ertiga VDI,Kochi,2015,58734,Diesel,Manual,First,20.77,1248.0,88.76,7,Maruti,Ertiga VDI,7601
Renault Duster 110PS Diesel RxZ,Coimbatore,2016,65257,Diesel,Manual,First,19.01,1461.0,108.45,5,Renault,Duster 110PS Diesel RxZ,10725
Maruti Swift Dzire VDi,Jaipur,2010,130000,Diesel,Manual,Second,19.3,1248.0,73.9,5,Maruti,Swift Dzire VDi,4400
Maruti Ritz VDi,Hyderabad,2011,79000,Diesel,Manual,First,23.2,1248.0,73.94,5,Maruti,Ritz VDi,4015
Mahindra XUV500 W8 4WD,Chennai,2013,78000,Diesel,Manual,First,15.1,2179.0,140.0,7,Mahindra,XUV500 W8 4WD,11825
Honda Brio S MT,Kochi,2015,49133,Petrol,Manual,First,19.4,1198.0,86.8,5,Honda,Brio S MT,4961
Mercedes-Benz M-Class ML 350 4Matic,Coimbatore,2016,22769,Diesel,Automatic,First,0.0,2987.0,165.0,5,Mercedes-Benz,M-Class ML 350 4Matic,54142
Tata Manza Club Class Quadrajet90 LS,Coimbatore,2014,54448,Diesel,Manual,First,21.02,1248.0,88.8,5,Tata,Manza Club Class Quadrajet90 LS,4070
Toyota Innova 2.5 V Diesel 7-seater,Hyderabad,2014,158793,Diesel,Manual,First,12.8,2494.0,102.0,7,Toyota,Innova 2.5 V Diesel 7-seater,14289
Maruti Swift VXI,Delhi,2015,62088,Petrol,Manual,First,18.6,1197.0,85.8,5,Maruti,Swift VXI,4565
Hyundai Verna 1.6 EX VTVT,Kolkata,2012,14800,Petrol,Manual,First,17.01,1591.0,121.3,5,Hyundai,Verna 1.6 EX VTVT,4840
Honda Mobilio S i VTEC,Kolkata,2015,26000,Petrol,Manual,First,17.3,1497.0,117.3,7,Honda,Mobilio S i VTEC,4675
Honda Amaze S i-Vtech,Mumbai,2017,32005,Petrol,Manual,First,18.0,1198.0,86.7,5,Honda,Amaze S i-Vtech,4675
Honda City i-VTEC CVT VX,Jaipur,2017,35000,Petrol,Automatic,First,18.0,1497.0,117.3,5,Honda,City i-VTEC CVT VX,8470
Land Rover Range Rover 2.2L Dynamic,Pune,2015,52000,Diesel,Automatic,First,12.7,2179.0,187.7,5,Land,Rover Range Rover 2.2L Dynamic,43725
Honda City i-VTEC V,Mumbai,2017,11000,Petrol,Manual,First,17.4,1497.0,117.3,5,Honda,City i-VTEC V,9350
Mercedes-Benz E-Class 280 Elegance,Jaipur,2008,62000,Petrol,Automatic,First,9.5,2997.0,231.1,5,Mercedes-Benz,E-Class 280 Elegance,7700
Toyota Fortuner 4x2 Manual,Delhi,2013,71000,Diesel,Manual,First,13.0,2982.0,168.5,7,Toyota,Fortuner 4x2 Manual,16775
Maruti A-Star Vxi,Hyderabad,2008,51366,Petrol,Manual,First,19.0,998.0,66.1,5,Maruti,A-Star Vxi,2475
Tata Sumo EX,Kolkata,2016,46300,Diesel,Manual,First,14.07,1948.0,83.1,7,Tata,Sumo EX,5335
Honda City V AT,Coimbatore,2012,60908,Petrol,Automatic,Second,15.6,1497.0,116.3,5,Honda,City V AT,7062
Nissan Micra XV D,Chennai,2012,93450,Diesel,Manual,Second,23.19,1461.0,63.12,5,Nissan,Micra XV D,2750
Hyundai Verna SX CRDi AT,Hyderabad,2011,104000,Diesel,Automatic,First,19.08,1582.0,126.32,5,Hyundai,Verna SX CRDi AT,6325
Mahindra XUV500 W8 4WD,Coimbatore,2015,42999,Diesel,Manual,First,15.1,2179.0,140.0,7,Mahindra,XUV500 W8 4WD,12672
Maruti SX4 VDI,Delhi,2014,90000,Diesel,Manual,First,21.5,1248.0,88.8,5,Maruti,SX4 VDI,4950
Hyundai i20 Sportz AT 1.4,Bangalore,2013,72000,Petrol,Automatic,First,15.0,1396.0,98.6,5,Hyundai,i20 Sportz AT 1.4,5225
Hyundai Creta 1.6 CRDi SX,Coimbatore,2019,54321,Diesel,Manual,First,19.67,1582.0,126.2,5,Hyundai,Creta 1.6 CRDi SX,14893
Mercedes-Benz E-Class E250 CDI Avantgrade,Kochi,2015,59630,Diesel,Automatic,First,13.0,2143.0,201.1,5,Mercedes-Benz,E-Class E250 CDI Avantgrade,25751
Toyota Fortuner 4x2 AT,Hyderabad,2013,116000,Diesel,Automatic,Second,12.55,2982.0,168.5,7,Toyota,Fortuner 4x2 AT,21175
Volvo S60 D4 KINETIC,Ahmedabad,2015,34000,Diesel,Automatic,First,9.0,1984.0,181.0,5,Volvo,S60 D4 KINETIC,22000
Mercedes-Benz E-Class 2009-2013 E250 CDI Avantgarde,Delhi,2011,70000,Diesel,Automatic,First,14.21,2143.0,203.0,5,Mercedes-Benz,E-Class 2009-2013 E250 CDI Avantgarde,14300
Honda Accord 2.4 Elegance M/T,Chennai,2010,80000,Petrol,Manual,First,10.2,2354.0,180.0,5,Honda,Accord 2.4 Elegance M/T,4389
Honda Amaze S i-Dtech,Pune,2015,110000,Diesel,Manual,First,25.8,1498.0,98.6,5,Honda,Amaze S i-Dtech,5115
Maruti Dzire ZDI,Ahmedabad,2013,56454,Diesel,Manual,First,28.4,1248.0,73.75,5,Maruti,Dzire ZDI,5115
Maruti Swift LXI,Kolkata,2013,60000,Petrol,Manual,First,18.6,1197.0,85.8,5,Maruti,Swift LXI,3465
Toyota Corolla Altis G HV AT,Delhi,2013,56000,Petrol,Automatic,First,14.53,1798.0,138.1,5,Toyota,Corolla Altis G HV AT,9075
Maruti Swift VDI,Chennai,2012,63000,Diesel,Manual,First,22.9,1248.0,74.0,5,Maruti,Swift VDI,4950
Jeep Compass 2.0 Limited Option 4X4,Kolkata,2017,15050,Diesel,Manual,First,16.3,1956.0,170.0,5,Jeep,Compass 2.0 Limited Option 4X4,19250
Maruti Swift VXI BSIV,Mumbai,2016,29401,Petrol,Manual,First,20.4,1197.0,81.8,5,Maruti,Swift VXI BSIV,4741
Honda Jazz 1.2 SV i VTEC,Kochi,2016,25238,Petrol,Manual,First,18.7,1199.0,88.7,5,Honda,Jazz 1.2 SV i VTEC,6820
Toyota Etios GD,Chennai,2011,79000,Diesel,Manual,First,23.59,1364.0,67.05,5,Toyota,Etios GD,5137
Volkswagen Polo Petrol Trendline 1.2L,Kochi,2011,58752,Petrol,Manual,First,16.47,1198.0,73.9,5,Volkswagen,Polo Petrol Trendline 1.2L,3652
Honda Civic 2006-2010 1.8 V AT,Delhi,2011,62000,Petrol,Automatic,First,12.9,1799.0,130.0,5,Honda,Civic 2006-2010 1.8 V AT,4125
Toyota Etios G SP,Bangalore,2013,132000,Petrol,Manual,First,16.78,1496.0,88.73,5,Toyota,Etios G SP,5170
Hyundai Verna 1.6 SX VTVT,Chennai,2016,51000,Petrol,Manual,First,17.01,1591.0,121.3,5,Hyundai,Verna 1.6 SX VTVT,7150
Maruti SX4 S Cross DDiS 320 Zeta,Coimbatore,2016,61717,Diesel,Manual,First,22.7,1598.0,118.0,5,Maruti,SX4 S Cross DDiS 320 Zeta,9834
Ford Freestyle Titanium Plus Petrol,Kolkata,2018,8896,Petrol,Manual,First,19.0,1194.0,94.68,5,Ford,Freestyle Titanium Plus Petrol,8074
Maruti Baleno Alpha 1.2,Delhi,2016,17000,Petrol,Manual,First,21.4,1197.0,83.1,5,Maruti,Baleno Alpha 1.2,7590
Honda Jazz V,Mumbai,2016,31378,Petrol,Manual,First,18.2,1199.0,88.7,5,Honda,Jazz V,6490
Hyundai Verna 1.6 CRDi EX AT,Pune,2013,114000,Diesel,Automatic,First,22.32,1582.0,126.3,5,Hyundai,Verna 1.6 CRDi EX AT,7425
Honda Amaze VX i-DTEC,Ahmedabad,2014,81000,Diesel,Manual,First,25.8,1498.0,98.6,5,Honda,Amaze VX i-DTEC,4510
Audi Q3 30 TDI Premium FWD,Mumbai,2017,31000,Diesel,Automatic,First,18.51,1968.0,147.51,5,Audi,Q3 30 TDI Premium FWD,29700
Skoda Rapid 2013-2016 1.6 MPI Ambition,Mumbai,2014,35000,Petrol,Manual,First,15.0,1598.0,103.52,5,Skoda,Rapid 2013-2016 1.6 MPI Ambition,4950
Audi A4 2.0 TDI 177 Bhp Premium Plus,Kolkata,2013,60001,Diesel,Automatic,First,17.11,1968.0,174.33,5,Audi,A4 2.0 TDI 177 Bhp Premium Plus,15950
Maruti Swift Dzire VDI,Jaipur,2014,75074,Diesel,Manual,First,23.4,1248.0,74.0,5,Maruti,Swift Dzire VDI,5775
Tata Indica Vista Quadrajet LS,Kolkata,2012,80000,Diesel,Manual,Second,22.3,1248.0,74.0,5,Tata,Indica Vista Quadrajet LS,1320
Toyota Innova 2.5 G (Diesel) 8 Seater,Jaipur,2006,147350,Diesel,Manual,Second,12.99,2494.0,100.6,8,Toyota,Innova 2.5 G (Diesel) 8 Seater,5445
Renault Duster 110PS Diesel RxZ Plus,Hyderabad,2013,60000,Diesel,Manual,First,19.64,1461.0,108.45,5,Renault,Duster 110PS Diesel RxZ Plus,8250
Honda Amaze S i-Dtech,Delhi,2015,58000,Diesel,Manual,First,25.8,1498.0,98.6,5,Honda,Amaze S i-Dtech,4895
Maruti Ritz VDi,Kochi,2015,57034,Diesel,Manual,First,23.2,1248.0,73.94,5,Maruti,Ritz VDi,4818
Maruti Ciaz ZDi Plus SHVS,Kochi,2016,40810,Diesel,Manual,First,28.09,1248.0,88.5,5,Maruti,Ciaz ZDi Plus SHVS,8690
Hyundai Santro Xing GL,Bangalore,2008,35268,Petrol,Manual,Second,0.0,1086.0,62.0,5,Hyundai,Santro Xing GL,2068
Maruti Baleno Delta CVT,Coimbatore,2018,34630,Petrol,Automatic,First,21.4,1197.0,83.1,5,Maruti,Baleno Delta CVT,8019
Ford Fiesta Diesel Titanium Plus,Hyderabad,2012,45122,Diesel,Manual,First,23.5,1498.0,88.7,5,Ford,Fiesta Diesel Titanium Plus,6600
Mahindra XUV500 W8 2WD,Chennai,2011,126000,Diesel,Manual,Third,16.0,2179.0,140.0,7,Mahindra,XUV500 W8 2WD,7370
Mini Cooper 3 DOOR D,Kochi,2016,32298,Diesel,Automatic,First,20.7,1496.0,113.98,4,Mini,Cooper 3 DOOR D,26180
Mahindra XUV500 W8 4WD,Kochi,2014,63288,Diesel,Manual,First,15.1,2179.0,140.0,7,Mahindra,XUV500 W8 4WD,8547
Hyundai Santro Xing GLS,Coimbatore,2012,43337,Petrol,Manual,First,17.92,1086.0,62.1,5,Hyundai,Santro Xing GLS,3652
Maruti Swift VDI,Kochi,2015,46561,Diesel,Manual,First,22.9,1248.0,74.0,5,Maruti,Swift VDI,5434
Mercedes-Benz A Class A180 CDI,Delhi,2013,34000,Diesel,Automatic,Second,20.0,2143.0,107.3,5,Mercedes-Benz,A Class A180 CDI,12100
Renault KWID RXT,Hyderabad,2016,48000,Petrol,Manual,First,25.17,799.0,53.3,5,Renault,KWID RXT,3740
Maruti Swift VDI,Kochi,2013,56263,Diesel,Manual,First,22.9,1248.0,74.0,5,Maruti,Swift VDI,4587
Maruti Zen LXI,Hyderabad,2005,84060,Petrol,Manual,Second,17.3,993.0,60.0,5,Maruti,Zen LXI,1375
Hyundai Grand i10 Magna AT,Mumbai,2016,9000,Petrol,Automatic,First,18.9,1197.0,82.0,5,Hyundai,Grand i10 Magna AT,5995
Tata Manza Aura Quadrajet BS IV,Jaipur,2012,79000,Diesel,Manual,First,21.12,1248.0,88.8,5,Tata,Manza Aura Quadrajet BS IV,2849
Mahindra XUV500 W10 AWD,Pune,2015,87900,Diesel,Manual,First,16.0,2179.0,140.0,7,Mahindra,XUV500 W10 AWD,13211
Maruti Swift Dzire 1.2 Vxi BSIV,Delhi,2010,72425,Petrol,Manual,Second,17.5,1197.0,85.8,5,Maruti,Swift Dzire 1.2 Vxi BSIV,2695
Audi Q3 35 TDI Quattro Premium Plus,Bangalore,2015,38000,Diesel,Automatic,First,15.73,1968.0,174.33,5,Audi,Q3 35 TDI Quattro Premium Plus,31900
Mercedes-Benz New C-Class C 220 CDI Elegance AT,Hyderabad,2010,107000,Diesel,Automatic,First,14.84,2143.0,170.0,5,Mercedes-Benz,New C-Class C 220 CDI Elegance AT,13189
Honda City i VTEC CVT VX,Delhi,2015,51000,Petrol,Automatic,First,18.0,1497.0,117.3,5,Honda,City i VTEC CVT VX,8690
Toyota Innova 2.5 GX 7 STR,Pune,2010,140000,Diesel,Manual,Third,12.8,2494.0,102.0,7,Toyota,Innova 2.5 GX 7 STR,6875
Chevrolet Beat LT,Pune,2011,48000,Petrol,Manual,Second,18.6,1199.0,79.4,5,Chevrolet,Beat LT,1980
Maruti Wagon R LXI CNG,Delhi,2013,62000,CNG,Manual,First,19.000000000000004,998.0,58.16,5,Maruti,Wagon R LXI CNG,3080
Honda Jazz 1.2 S i VTEC,Mumbai,2015,31000,Petrol,Manual,First,18.7,1199.0,88.7,5,Honda,Jazz 1.2 S i VTEC,5390
Nissan Micra XL Primo,Jaipur,2010,75055,Petrol,Manual,First,18.06,1198.0,75.0,5,Nissan,Micra XL Primo,2475
Maruti Ciaz AT ZXi,Coimbatore,2017,51210,Petrol,Automatic,First,19.12,1373.0,91.1,5,Maruti,Ciaz AT ZXi,9779
Toyota Fortuner 4x2 AT,Mumbai,2012,87000,Diesel,Automatic,First,12.55,2982.0,168.5,7,Toyota,Fortuner 4x2 AT,16500
Ford Aspire Ambiente Diesel,Kolkata,2018,17000,Diesel,Manual,First,26.1,1498.0,99.0,5,Ford,Aspire Ambiente Diesel,6215
Maruti Ertiga ZDI,Jaipur,2014,57000,Diesel,Manual,First,20.77,1248.0,88.8,7,Maruti,Ertiga ZDI,7700
Maruti Alto 800 LXI,Hyderabad,2016,9370,Petrol,Manual,First,22.74,796.0,47.3,5,Maruti,Alto 800 LXI,3245
Honda Brio V MT,Chennai,2013,53226,Petrol,Manual,First,19.4,1198.0,86.8,5,Honda,Brio V MT,3630
Hyundai Verna Transform CRDi VGT SX ABS,Hyderabad,2010,120000,Diesel,Manual,Second,16.2,1493.0,110.0,5,Hyundai,Verna Transform CRDi VGT SX ABS,3850
Honda City 1.5 GXI,Jaipur,2007,75055,Petrol,Manual,First,12.8,1493.0,100.0,5,Honda,City 1.5 GXI,2530
Hyundai Creta 1.6 CRDi SX,Coimbatore,2017,37247,Diesel,Manual,First,19.67,1582.0,126.2,5,Hyundai,Creta 1.6 CRDi SX,15059
Toyota Etios Liva GD,Delhi,2013,64000,Diesel,Manual,First,23.59,1364.0,67.06,5,Toyota,Etios Liva GD,3410
Hyundai Sonata Transform 2.4 GDi MT,Mumbai,2014,12000,Petrol,Manual,First,13.44,2359.0,198.25,5,Hyundai,Sonata Transform 2.4 GDi MT,14025
Hyundai Creta 1.6 CRDi SX Option,Pune,2017,40158,Diesel,Manual,First,19.67,1582.0,126.2,5,Hyundai,Creta 1.6 CRDi SX Option,15125
Honda Jazz 1.2 SV i VTEC,Chennai,2017,11000,Petrol,Manual,First,18.7,1199.0,88.7,5,Honda,Jazz 1.2 SV i VTEC,7425
Volkswagen Vento Diesel Comfortline,Chennai,2014,70010,Diesel,Manual,First,20.54,1598.0,103.6,5,Volkswagen,Vento Diesel Comfortline,5775
Mahindra XUV500 W6 2WD,Mumbai,2015,82000,Diesel,Manual,First,16.0,2179.0,140.0,7,Mahindra,XUV500 W6 2WD,9625
Mahindra TUV 300 2015-2019 T8,Kochi,2017,57259,Diesel,Manual,First,18.49,1493.0,100.0,7,Mahindra,TUV 300 2015-2019 T8,9757
Honda Accord 2001-2003 2.3 VTi L AT,Bangalore,2010,84000,Petrol,Automatic,Second,11.1,2354.0,142.0,5,Honda,Accord 2001-2003 2.3 VTi L AT,7150
Maruti Ertiga VDI,Pune,2012,168000,Diesel,Manual,First,20.77,1248.0,88.76,7,Maruti,Ertiga VDI,4950
Mahindra Ssangyong Rexton RX5,Hyderabad,2012,73670,Diesel,Manual,First,12.83,2696.0,162.0,7,Mahindra,Ssangyong Rexton RX5,13750
Toyota Fortuner 4x2 AT,Delhi,2014,89540,Diesel,Automatic,First,12.55,2982.0,168.5,7,Toyota,Fortuner 4x2 AT,18480
Maruti Ertiga ZDI,Hyderabad,2016,85423,Diesel,Manual,First,20.77,1248.0,88.8,7,Maruti,Ertiga ZDI,9625
Hyundai Elantra CRDi SX AT,Pune,2013,48823,Diesel,Automatic,First,19.5,1582.0,126.24,5,Hyundai,Elantra CRDi SX AT,9350
Hyundai i10 Magna 1.2,Kolkata,2011,35082,Petrol,Manual,First,20.36,1197.0,78.9,5,Hyundai,i10 Magna 1.2,2431
Honda Amaze VX AT i-Vtech,Delhi,2016,19000,Petrol,Automatic,First,15.5,1198.0,86.7,5,Honda,Amaze VX AT i-Vtech,6875
Honda Civic 2006-2010 1.8 V AT,Mumbai,2007,69000,Petrol,Automatic,Second,12.9,1799.0,130.0,5,Honda,Civic 2006-2010 1.8 V AT,2475
Mercedes-Benz CLA 200 CDI Sport,Kochi,2019,29836,Diesel,Automatic,First,17.9,2143.0,136.0,5,Mercedes-Benz,CLA 200 CDI Sport,28325
Skoda Superb 1.8 TFSI MT,Ahmedabad,2010,48002,Petrol,Manual,Second,13.14,1798.0,157.8,5,Skoda,Superb 1.8 TFSI MT,7425
Maruti Ciaz ZDi Plus SHVS,Ahmedabad,2015,52324,Diesel,Manual,First,28.09,1248.0,88.5,5,Maruti,Ciaz ZDi Plus SHVS,6875
Ford Ecosport 1.5 DV5 MT Titanium Optional,Delhi,2013,65000,Diesel,Manual,First,22.7,1498.0,89.84,5,Ford,Ecosport 1.5 DV5 MT Titanium Optional,5610
Mercedes-Benz M-Class ML 320 CDI,Mumbai,2009,66000,Diesel,Automatic,Second,8.7,2987.0,224.34,5,Mercedes-Benz,M-Class ML 320 CDI,11825
Hyundai Grand i10 CRDi Sportz,Hyderabad,2016,75700,Diesel,Manual,First,24.0,1120.0,70.0,5,Hyundai,Grand i10 CRDi Sportz,6270
Volkswagen Vento Diesel Breeze,Bangalore,2013,43000,Diesel,Manual,First,20.5,1598.0,105.0,5,Volkswagen,Vento Diesel Breeze,6545
Chevrolet Beat Diesel LT,Kochi,2012,42706,Diesel,Manual,First,25.44,936.0,56.3,5,Chevrolet,Beat Diesel LT,2640
Mahindra Quanto C6,Mumbai,2013,35000,Diesel,Manual,First,17.21,1493.0,100.0,7,Mahindra,Quanto C6,3839
Hyundai i10 Asta 1.2 AT with Sunroof,Hyderabad,2011,54348,Petrol,Automatic,First,19.2,1197.0,80.0,5,Hyundai,i10 Asta 1.2 AT with Sunroof,4400
Toyota Etios Liva 1.4 GD,Delhi,2013,84000,Diesel,Manual,First,23.59,1364.0,67.04,5,Toyota,Etios Liva 1.4 GD,4235
Toyota Corolla Altis 2008-2013 1.8 VL AT,Mumbai,2010,63298,Petrol,Automatic,First,14.53,1794.0,138.1,5,Toyota,Corolla Altis 2008-2013 1.8 VL AT,4345
Hyundai i10 Magna 1.2,Jaipur,2013,75049,Petrol,Manual,Second,20.36,1197.0,78.9,5,Hyundai,i10 Magna 1.2,3300
Ford Figo Aspire 1.2 Ti-VCT Titanium,Kochi,2018,24237,Petrol,Manual,First,18.16,1196.0,86.8,5,Ford,Figo Aspire 1.2 Ti-VCT Titanium,7370
Maruti Ritz ZXi,Coimbatore,2016,22767,Petrol,Manual,First,18.5,1197.0,85.8,5,Maruti,Ritz ZXi,6754
Hyundai i20 Sportz AT 1.4,Bangalore,2012,58000,Petrol,Automatic,Second,15.0,1396.0,98.6,5,Hyundai,i20 Sportz AT 1.4,4840
Maruti Swift Dzire LDI,Pune,2017,57000,Diesel,Manual,First,26.59,1248.0,74.0,5,Maruti,Swift Dzire LDI,4675
Maruti S Cross DDiS 320 Alpha,Kolkata,2016,45000,Diesel,Manual,First,22.7,1598.0,118.0,5,Maruti,S Cross DDiS 320 Alpha,7700
Toyota Fortuner 4x4 AT,Coimbatore,2017,68319,Diesel,Automatic,First,12.55,2982.0,168.5,7,Toyota,Fortuner 4x4 AT,27632
Hyundai EON 1.0 Magna Plus Option O,Kochi,2017,30711,Petrol,Manual,First,20.3,998.0,68.05,5,Hyundai,EON 1.0 Magna Plus Option O,4895
Hyundai i20 1.4 CRDi Magna,Kolkata,2011,38277,Diesel,Manual,First,21.9,1396.0,90.0,5,Hyundai,i20 1.4 CRDi Magna,2640
Volkswagen Vento Diesel Highline,Pune,2012,115000,Diesel,Manual,Second,20.54,1598.0,103.6,5,Volkswagen,Vento Diesel Highline,4763
Maruti Swift Dzire VXi AT,Coimbatore,2017,46849,Petrol,Automatic,First,18.5,1197.0,83.14,5,Maruti,Swift Dzire VXi AT,7623
Hyundai i20 Magna 1.4 CRDi,Ahmedabad,2014,64000,Diesel,Manual,First,21.9,1396.0,90.0,5,Hyundai,i20 Magna 1.4 CRDi,4675
Mercedes-Benz E-Class 2009-2013 E250 CDI Blue Efficiency,Pune,2010,130923,Diesel,Automatic,First,14.21,2143.0,203.0,5,Mercedes-Benz,E-Class 2009-2013 E250 CDI Blue Efficiency,13750
Hyundai Grand i10 Sportz,Chennai,2015,15000,Petrol,Manual,First,18.9,1197.0,82.0,5,Hyundai,Grand i10 Sportz,5390
Hyundai i20 1.4 CRDi Sportz,Mumbai,2014,32720,Diesel,Manual,First,23.0,1396.0,90.0,5,Hyundai,i20 1.4 CRDi Sportz,4950
Renault KWID RXT,Jaipur,2016,12500,Petrol,Manual,First,25.17,799.0,53.3,5,Renault,KWID RXT,3300
Hyundai Xcent 1.2 Kappa AT SX Option,Chennai,2015,59800,Petrol,Automatic,First,16.9,1197.0,82.0,5,Hyundai,Xcent 1.2 Kappa AT SX Option,6380
Volkswagen Vento Petrol Highline,Pune,2011,54211,Petrol,Manual,First,15.04,1598.0,103.6,5,Volkswagen,Vento Petrol Highline,3663
Chevrolet Cruze LTZ AT,Kochi,2015,62242,Diesel,Automatic,First,14.39,1998.0,163.7,5,Chevrolet,Cruze LTZ AT,7282
Nissan Terrano XL 110 PS,Mumbai,2015,54000,Diesel,Manual,Second,19.01,1461.0,108.5,5,Nissan,Terrano XL 110 PS,6325
Hyundai Verna 1.6 SX,Hyderabad,2012,65000,Diesel,Manual,First,22.32,1582.0,126.32,5,Hyundai,Verna 1.6 SX,6820
Maruti Celerio VXI AMT,Chennai,2015,55000,Petrol,Automatic,First,23.1,998.0,67.04,5,Maruti,Celerio VXI AMT,3850
Maruti Wagon R LXI,Pune,2010,71000,Petrol,Manual,First,18.9,998.0,67.1,5,Maruti,Wagon R LXI,2200
Hyundai i20 Magna Optional 1.4 CRDi,Chennai,2012,70000,Diesel,Manual,First,21.9,1396.0,88.8,5,Hyundai,i20 Magna Optional 1.4 CRDi,4400
Audi A4 1.8 TFSI,Mumbai,2011,53000,Petrol,Automatic,First,12.3,1781.0,163.2,5,Audi,A4 1.8 TFSI,10450
BMW X1 sDrive20d,Mumbai,2013,43000,Diesel,Automatic,First,17.05,1995.0,184.0,5,BMW,X1 sDrive20d,19250
Skoda Rapid 1.6 MPI AT Elegance Plus,Mumbai,2015,54000,Petrol,Automatic,First,14.3,1598.0,103.52,5,Skoda,Rapid 1.6 MPI AT Elegance Plus,6721
Hyundai i10 Magna,Ahmedabad,2014,51000,Petrol,Manual,First,20.36,1197.0,78.9,5,Hyundai,i10 Magna,4125
Mitsubishi Pajero 2.8 GLX CRZ,Hyderabad,2007,78000,Diesel,Manual,Second,10.5,2835.0,107.2,6,Mitsubishi,Pajero 2.8 GLX CRZ,6820
Honda City i DTEC SV,Mumbai,2014,25000,Diesel,Manual,First,26.0,1498.0,98.6,5,Honda,City i DTEC SV,6765
Maruti Alto K10 2010-2014 VXI,Pune,2012,12600,Petrol,Manual,First,20.92,998.0,67.1,5,Maruti,Alto K10 2010-2014 VXI,2640
Maruti Swift Ldi BSIII,Pune,2009,80000,Diesel,Manual,Fourth & Above,17.8,1248.0,75.0,5,Maruti,Swift Ldi BSIII,2365
Hyundai Grand i10 Magna,Kolkata,2016,21000,Petrol,Manual,First,18.9,1197.0,82.0,5,Hyundai,Grand i10 Magna,4125
Ford Figo Petrol ZXI,Mumbai,2011,32000,Petrol,Manual,Second,15.6,1196.0,70.0,5,Ford,Figo Petrol ZXI,2365
Hyundai Grand i10 SportZ Edition,Bangalore,2015,50000,Petrol,Manual,First,18.9,1197.0,81.86,5,Hyundai,Grand i10 SportZ Edition,5225
Maruti SX4 Vxi BSIV,Mumbai,2010,47500,Petrol,Manual,First,15.5,1586.0,103.3,5,Maruti,SX4 Vxi BSIV,2695
Honda City i-VTEC VX,Mumbai,2017,7500,Petrol,Manual,First,17.4,1497.0,117.3,5,Honda,City i-VTEC VX,12265
Renault Duster 110PS Diesel RxZ AMT,Jaipur,2016,68163,Diesel,Automatic,First,19.6,1461.0,108.45,5,Renault,Duster 110PS Diesel RxZ AMT,9790
Honda Amaze S i-Dtech,Ahmedabad,2014,61000,Diesel,Manual,First,25.8,1498.0,98.6,5,Honda,Amaze S i-Dtech,4785
Toyota Innova 2.5 Z Diesel 7 Seater,Jaipur,2015,100000,Diesel,Manual,Second,12.99,2494.0,100.6,7,Toyota,Innova 2.5 Z Diesel 7 Seater,13200
BMW 3 Series 320d Highline,Mumbai,2009,61500,Diesel,Automatic,Second,16.07,1995.0,181.0,5,BMW,3 Series 320d Highline,9350
Hyundai i10 Magna 1.1 iTech SE,Kochi,2017,42883,Petrol,Manual,First,19.81,1086.0,68.05,5,Hyundai,i10 Magna 1.1 iTech SE,4696
Renault Duster 85PS Diesel RxL Optional with Nav,Jaipur,2012,97000,Diesel,Manual,Second,20.45,1461.0,83.8,5,Renault,Duster 85PS Diesel RxL Optional with Nav,4675
Mitsubishi Outlander 2.4,Bangalore,2010,39525,Petrol,Automatic,First,11.3,2360.0,170.0,5,Mitsubishi,Outlander 2.4,10175
Maruti Vitara Brezza LDi,Kochi,2017,35384,Diesel,Manual,First,24.3,1248.0,88.5,5,Maruti,Vitara Brezza LDi,9471
Mercedes-Benz R-Class R350 CDI 4MATIC,Hyderabad,2010,46000,Diesel,Automatic,First,11.8,2987.0,261.0,7,Mercedes-Benz,R-Class R350 CDI 4MATIC,30800
Ford EcoSport 1.5 Diesel Titanium,Coimbatore,2018,32189,Diesel,Manual,First,23.0,1498.0,98.96,5,Ford,EcoSport 1.5 Diesel Titanium,10175
Hyundai Verna 1.6 CRDI AT SX Option,Chennai,2016,27000,Diesel,Automatic,First,19.08,1582.0,126.2,5,Hyundai,Verna 1.6 CRDI AT SX Option,9460
Volkswagen Polo 1.2 MPI Highline,Coimbatore,2018,22734,Petrol,Manual,First,16.47,1198.0,74.0,5,Volkswagen,Polo 1.2 MPI Highline,8283
Renault Duster 110PS Diesel RxL,Mumbai,2014,58002,Diesel,Manual,First,19.64,1461.0,108.45,5,Renault,Duster 110PS Diesel RxL,6325
Honda Brio S Option AT,Chennai,2012,31500,Petrol,Automatic,First,16.5,1198.0,86.8,5,Honda,Brio S Option AT,4565
Ford Figo 2015-2019 1.2P Titanium MT,Coimbatore,2017,30933,Petrol,Manual,First,18.16,1196.0,86.8,5,Ford,Figo 2015-2019 1.2P Titanium MT,6424
Audi A6 2.0 TDI Design Edition,Kolkata,2012,27090,Diesel,Automatic,First,18.53,1968.0,187.74,5,Audi,A6 2.0 TDI Design Edition,18150
BMW X5 2014-2019 xDrive 30d Design Pure Experience 7 Seater,Mumbai,2015,29500,Diesel,Automatic,First,15.97,2993.0,258.0,7,BMW,X5 2014-2019 xDrive 30d Design Pure Experience 7 Seater,47300
Hyundai i10 Sportz Option,Pune,2013,45000,Petrol,Manual,First,20.36,1197.0,78.9,5,Hyundai,i10 Sportz Option,3905
Hyundai i20 1.2 Asta Option,Hyderabad,2018,11691,Petrol,Manual,First,18.6,1197.0,81.83,5,Hyundai,i20 1.2 Asta Option,9790
Skoda Octavia L and K 1.9 TDI MT,Hyderabad,2006,121000,Diesel,Manual,Second,16.4,1896.0,90.0,5,Skoda,Octavia L and K 1.9 TDI MT,2750
Hyundai Verna Transform SX VGT CRDi,Hyderabad,2010,118077,Diesel,Manual,First,16.2,1493.0,110.0,5,Hyundai,Verna Transform SX VGT CRDi,4235
Hyundai Verna 1.6 SX VTVT (O) AT,Chennai,2012,36300,Petrol,Automatic,Third,17.1,1591.0,121.4,5,Hyundai,Verna 1.6 SX VTVT (O) AT,8250
Hyundai Getz GVS,Mumbai,2005,90000,Petrol,Manual,Second,15.3,1341.0,61.0,5,Hyundai,Getz GVS,1980
Ford Figo Diesel EXI,Chennai,2010,78000,Diesel,Manual,First,20.0,1399.0,68.0,5,Ford,Figo Diesel EXI,2475
Audi A6 2011-2015 35 TDI Technology,Mumbai,2015,42000,Diesel,Automatic,First,17.68,1968.0,174.33,5,Audi,A6 2011-2015 35 TDI Technology,26675
Volkswagen Polo 1.2 MPI Highline,Mumbai,2015,27000,Petrol,Manual,First,16.47,1198.0,74.0,5,Volkswagen,Polo 1.2 MPI Highline,4785
BMW X1 sDrive20d,Kolkata,2012,22000,Diesel,Automatic,First,17.05,1995.0,184.0,5,BMW,X1 sDrive20d,12650
Honda City i VTEC SV,Kolkata,2014,49000,Petrol,Manual,First,17.4,1497.0,117.3,5,Honda,City i VTEC SV,5225
Hyundai i20 Sportz Option Diesel,Hyderabad,2012,42600,Diesel,Manual,First,23.0,1396.0,90.0,5,Hyundai,i20 Sportz Option Diesel,5489
Honda Jazz 1.2 V CVT i VTEC,Coimbatore,2018,12794,Petrol,Automatic,First,19.0,1199.0,88.7,5,Honda,Jazz 1.2 V CVT i VTEC,10065
Honda CR-V 2.4 AT,Hyderabad,2014,88046,Petrol,Automatic,First,10.1,2354.0,152.0,5,Honda,CR-V 2.4 AT,15389
Mercedes-Benz A Class A180 CDI,Bangalore,2014,8000,Diesel,Automatic,Second,20.0,2143.0,107.3,5,Mercedes-Benz,A Class A180 CDI,21725
Mahindra XUV500 AT W10 AWD,Coimbatore,2018,82739,Diesel,Automatic,First,16.0,2179.0,140.0,7,Mahindra,XUV500 AT W10 AWD,18447
Renault Scala RxL AT,Mumbai,2013,7000,Petrol,Automatic,First,17.97,1498.0,99.6,5,Renault,Scala RxL AT,4015
Land Rover Freelander 2 HSE SD4,Ahmedabad,2012,60000,Diesel,Automatic,Second,12.35,2179.0,187.74,5,Land,Rover Freelander 2 HSE SD4,25850
Maruti Alto 800 VXI,Pune,2017,38000,Petrol,Manual,First,22.74,796.0,47.3,5,Maruti,Alto 800 VXI,3421
Toyota Etios G,Kochi,2013,56344,Petrol,Manual,First,17.6,1496.0,88.73,5,Toyota,Etios G,5027
Hyundai i20 Sportz Option,Mumbai,2014,17858,Petrol,Manual,First,17.0,1197.0,80.0,5,Hyundai,i20 Sportz Option,5852
Hyundai i10 Sportz,Hyderabad,2012,53000,Petrol,Manual,First,20.36,1197.0,78.9,5,Hyundai,i10 Sportz,3520
Maruti Swift VDI BSIV,Kochi,2016,67906,Diesel,Manual,First,25.2,1248.0,74.0,5,Maruti,Swift VDI BSIV,6193
Hyundai EON Magna Plus,Hyderabad,2015,19000,Petrol,Manual,First,21.1,814.0,55.2,5,Hyundai,EON Magna Plus,3300
BMW 3 Series 320d,Mumbai,2010,67000,Diesel,Automatic,Second,22.69,1995.0,190.0,5,BMW,3 Series 320d,10175
Tata Indigo XL Classic Dicor,Delhi,2011,80000,Diesel,Manual,First,23.57,1396.0,70.0,5,Tata,Indigo XL Classic Dicor,1320
Maruti Alto 800 LXI,Delhi,2015,61000,Petrol,Manual,First,22.74,796.0,47.3,5,Maruti,Alto 800 LXI,2365
Volkswagen Polo Diesel Highline 1.2L,Pune,2010,39000,Diesel,Manual,First,22.07,1199.0,73.9,5,Volkswagen,Polo Diesel Highline 1.2L,3355
Toyota Corolla Altis VL AT,Ahmedabad,2014,59000,Petrol,Automatic,First,14.28,1798.0,138.03,5,Toyota,Corolla Altis VL AT,12650
Hyundai Santro Xing GLS,Hyderabad,2008,80931,Petrol,Manual,First,17.92,1086.0,62.1,5,Hyundai,Santro Xing GLS,2530
Maruti Swift ZXI,Kolkata,2016,34000,Petrol,Manual,First,20.4,1197.0,81.8,5,Maruti,Swift ZXI,5445
Renault Scala Diesel RxL,Hyderabad,2013,130000,Diesel,Manual,First,21.64,1461.0,84.8,5,Renault,Scala Diesel RxL,5225
Maruti Vitara Brezza ZDi Plus,Coimbatore,2018,52380,Diesel,Manual,First,24.3,1248.0,88.5,5,Maruti,Vitara Brezza ZDi Plus,11165
Nissan Micra XV,Kolkata,2011,44000,Petrol,Manual,First,18.06,1198.0,75.0,5,Nissan,Micra XV,2915
Ford Figo Diesel EXI,Hyderabad,2015,84000,Diesel,Manual,First,20.0,1399.0,68.05,5,Ford,Figo Diesel EXI,4180
Honda CR-V 2.0 AT,Kochi,2017,41697,Petrol,Automatic,First,13.1,1997.0,141.1,5,Honda,CR-V 2.0 AT,18348
Nissan Terrano XV 110 PS,Pune,2014,163000,Diesel,Manual,First,19.01,1461.0,108.5,5,Nissan,Terrano XV 110 PS,5500
Toyota Etios Liva 1.2 G,Chennai,2011,42000,Petrol,Manual,Second,17.71,1197.0,78.9,5,Toyota,Etios Liva 1.2 G,4125
Hyundai i20 Asta 1.4 CRDi,Jaipur,2013,129000,Diesel,Manual,Third,21.27,1396.0,88.76,5,Hyundai,i20 Asta 1.4 CRDi,4521
Ford Figo Aspire 1.2 Ti-VCT Ambiente,Chennai,2015,32200,Petrol,Manual,Second,18.16,1196.0,86.8,5,Ford,Figo Aspire 1.2 Ti-VCT Ambiente,4675
Mitsubishi Pajero 2.8 GLX CRZ,Mumbai,2004,129000,Diesel,Manual,First,10.5,2835.0,107.2,6,Mitsubishi,Pajero 2.8 GLX CRZ,3795
Audi A4 2.0 TDI 177 Bhp Premium Plus,Bangalore,2014,40000,Diesel,Automatic,First,17.11,1968.0,174.33,5,Audi,A4 2.0 TDI 177 Bhp Premium Plus,24750
Toyota Innova 2.0 E,Delhi,2006,150000,Petrol,Manual,First,12.4,1998.0,132.0,8,Toyota,Innova 2.0 E,4950
Hyundai Getz GLS,Hyderabad,2006,63181,Petrol,Manual,First,15.3,1341.0,83.0,5,Hyundai,Getz GLS,2035
Honda Amaze S i-Dtech,Kolkata,2013,39575,Diesel,Manual,First,25.8,1498.0,98.6,5,Honda,Amaze S i-Dtech,3575
Ford Ecosport 1.5 DV5 MT Titanium Optional,Coimbatore,2014,70374,Diesel,Manual,First,22.7,1498.0,89.84,5,Ford,Ecosport 1.5 DV5 MT Titanium Optional,8074
Volkswagen CrossPolo 1.5 TDI,Kolkata,2015,26256,Diesel,Manual,First,20.14,1498.0,88.5,5,Volkswagen,CrossPolo 1.5 TDI,4675
Hyundai Elite i20 Petrol Sportz,Delhi,2016,13460,Petrol,Manual,First,18.6,1197.0,81.86,5,Hyundai,Elite i20 Petrol Sportz,7095
Toyota Innova 2.5 V Diesel 8-seater,Chennai,2011,122000,Diesel,Manual,Second,12.8,2494.0,102.0,8,Toyota,Innova 2.5 V Diesel 8-seater,11825
Mercedes-Benz M-Class ML 250 CDI,Kolkata,2015,58589,Diesel,Automatic,First,15.26,2143.0,203.2,5,Mercedes-Benz,M-Class ML 250 CDI,30525
Ford Endeavour 2.2 Trend AT 4X2,Pune,2016,75000,Diesel,Automatic,First,12.62,2198.0,158.0,7,Ford,Endeavour 2.2 Trend AT 4X2,26400
Hyundai Elite i20 Petrol Sportz,Jaipur,2016,30292,Petrol,Manual,First,18.6,1197.0,81.86,5,Hyundai,Elite i20 Petrol Sportz,6710
Honda WRV i-VTEC VX,Ahmedabad,2017,32248,Petrol,Manual,First,17.5,1199.0,88.7,5,Honda,WRV i-VTEC VX,9075
Volkswagen Polo Petrol Highline 1.2L,Bangalore,2013,74000,Petrol,Manual,First,16.47,1198.0,73.9,5,Volkswagen,Polo Petrol Highline 1.2L,5115
Honda CR-V 2.0L 2WD MT,Mumbai,2014,56100,Petrol,Manual,First,13.7,1997.0,153.86,5,Honda,CR-V 2.0L 2WD MT,10725
Hyundai Grand i10 1.2 Kappa Asta,Bangalore,2014,61325,Petrol,Manual,First,18.9,1197.0,81.86,5,Hyundai,Grand i10 1.2 Kappa Asta,4840
Maruti Swift Dzire VXI,Kolkata,2014,33000,Petrol,Manual,First,19.1,1197.0,85.8,5,Maruti,Swift Dzire VXI,4389
BMW 5 Series 2003-2012 530d,Coimbatore,2016,18090,Diesel,Automatic,First,16.2,2993.0,258.0,5,BMW,5 Series 2003-2012 530d,50303
Ford Ecosport 1.5 DV5 MT Ambiente,Kochi,2014,71390,Diesel,Manual,First,22.7,1498.0,89.84,5,Ford,Ecosport 1.5 DV5 MT Ambiente,5796
Maruti Wagon R LXI CNG,Mumbai,2014,41000,CNG,Manual,First,18.714285714285715,998.0,58.2,5,Maruti,Wagon R LXI CNG,3850
Honda City i DTec V,Ahmedabad,2016,67000,Diesel,Manual,First,26.0,1498.0,98.6,5,Honda,City i DTec V,7975
Tata Indigo LS,Chennai,2008,99000,Diesel,Manual,Second,17.0,1405.0,70.0,5,Tata,Indigo LS,1760
Renault Duster 110PS Diesel RxL,Pune,2014,142000,Diesel,Manual,Second,19.01,1461.0,108.45,5,Renault,Duster 110PS Diesel RxL,6600
Hyundai i10 Sportz,Chennai,2010,26966,Petrol,Manual,First,20.36,1197.0,78.9,5,Hyundai,i10 Sportz,3300
Honda Jazz 1.2 SV i VTEC,Mumbai,2015,27628,Petrol,Manual,First,18.7,1199.0,88.7,5,Honda,Jazz 1.2 SV i VTEC,5445
Maruti SX4 S Cross DDiS 200 Zeta,Hyderabad,2016,82497,Diesel,Manual,First,23.65,1248.0,88.5,5,Maruti,SX4 S Cross DDiS 200 Zeta,9889
Honda Accord VTi-L MT,Mumbai,2007,86000,Petrol,Manual,Third,11.9,2354.0,144.0,5,Honda,Accord VTi-L MT,2035
Volkswagen Polo Petrol Comfortline 1.2L,Coimbatore,2016,26981,Petrol,Manual,First,16.47,1198.0,73.9,5,Volkswagen,Polo Petrol Comfortline 1.2L,6776
Maruti Ritz VDi,Hyderabad,2010,110471,Diesel,Manual,First,21.1,1248.0,73.9,5,Maruti,Ritz VDi,3850
Honda Amaze S Petrol,Jaipur,2014,69000,Petrol,Manual,First,19.5,1199.0,88.76,5,Honda,Amaze S Petrol,4950
Hyundai i20 1.2 Asta Option,Hyderabad,2017,12000,Petrol,Manual,First,18.6,1197.0,81.83,5,Hyundai,i20 1.2 Asta Option,8525
Renault Duster 85PS Diesel RxL,Hyderabad,2014,77500,Diesel,Manual,First,20.45,1461.0,83.8,5,Renault,Duster 85PS Diesel RxL,7260
Hyundai Grand i10 Magna,Kochi,2014,48031,Petrol,Manual,First,18.9,1197.0,82.0,5,Hyundai,Grand i10 Magna,5478
Ford Ecosport 1.5 DV5 MT Trend,Mumbai,2014,69565,Diesel,Manual,First,22.7,1498.0,89.84,5,Ford,Ecosport 1.5 DV5 MT Trend,6105
Volkswagen Vento 1.5 TDI Highline AT,Hyderabad,2016,45492,Diesel,Automatic,First,21.5,1498.0,108.5,5,Volkswagen,Vento 1.5 TDI Highline AT,11330
Honda Accord 2.4 AT,Chennai,2011,85000,Petrol,Automatic,Second,11.7,2354.0,177.6,5,Honda,Accord 2.4 AT,8250
Chevrolet Aveo 1.4,Hyderabad,2008,55902,Petrol,Manual,First,14.49,1399.0,92.7,5,Chevrolet,Aveo 1.4,1980
Volkswagen Polo 1.2 MPI Highline Plus,Hyderabad,2017,18500,Petrol,Manual,First,16.2,1199.0,74.0,5,Volkswagen,Polo 1.2 MPI Highline Plus,6875
Mahindra Xylo D4 BS III,Hyderabad,2015,129750,Diesel,Manual,Second,14.95,2489.0,93.7,7,Mahindra,Xylo D4 BS III,7480
Hyundai i10 Magna AT,Hyderabad,2009,50902,Petrol,Automatic,First,19.2,1197.0,80.0,5,Hyundai,i10 Magna AT,3300
Mahindra XUV500 W8 4WD,Coimbatore,2015,84725,Diesel,Manual,First,15.1,2179.0,140.0,7,Mahindra,XUV500 W8 4WD,12760
Hyundai Elantra CRDi SX,Mumbai,2013,40000,Diesel,Manual,Second,22.7,1582.0,126.24,5,Hyundai,Elantra CRDi SX,7645
Volkswagen Passat 1.8 TSI MT,Mumbai,2010,60000,Petrol,Manual,Third,14.3,1798.0,160.0,5,Volkswagen,Passat 1.8 TSI MT,3850
Hyundai Grand i10 1.2 Kappa Sportz,Coimbatore,2014,33496,Petrol,Manual,First,18.9,1197.0,81.86,5,Hyundai,Grand i10 1.2 Kappa Sportz,6050
Hyundai i20 Asta Option 1.2,Mumbai,2015,25000,Petrol,Manual,First,18.6,1197.0,81.83,5,Hyundai,i20 Asta Option 1.2,6215
Chevrolet Enjoy TCDi LS 8 Seater,Ahmedabad,2013,71000,Diesel,Manual,First,18.2,1248.0,73.8,8,Chevrolet,Enjoy TCDi LS 8 Seater,3575
Skoda Rapid 1.6 MPI AT Ambition Plus Alloy,Coimbatore,2015,20826,Petrol,Automatic,First,14.3,1598.0,103.6,5,Skoda,Rapid 1.6 MPI AT Ambition Plus Alloy,8492
Hyundai Creta 1.6 CRDi SX,Pune,2016,42244,Diesel,Manual,First,19.67,1582.0,126.2,5,Hyundai,Creta 1.6 CRDi SX,13200
Chevrolet Beat Diesel PS,Jaipur,2013,98598,Diesel,Manual,First,25.44,936.0,57.6,5,Chevrolet,Beat Diesel PS,1705
Toyota Fortuner 3.0 Diesel,Delhi,2011,62100,Diesel,Manual,First,11.5,2982.0,171.0,7,Toyota,Fortuner 3.0 Diesel,11825
Hyundai i20 Sportz Option 1.2,Coimbatore,2016,44238,Petrol,Manual,First,18.6,1197.0,81.83,5,Hyundai,i20 Sportz Option 1.2,7392
Audi Q7 3.0 TDI quattro,Coimbatore,2012,91743,Diesel,Automatic,First,12.07,2967.0,241.4,7,Audi,Q7 3.0 TDI quattro,31405
Honda City i VTEC VX,Hyderabad,2016,36891,Petrol,Manual,First,17.8,1497.0,117.3,5,Honda,City i VTEC VX,11539
Mahindra Quanto C4,Hyderabad,2012,90049,Diesel,Manual,First,17.21,1493.0,100.0,7,Mahindra,Quanto C4,4180
Audi A4 2.0 TDI Multitronic,Ahmedabad,2012,74002,Diesel,Automatic,First,16.55,1968.0,140.0,5,Audi,A4 2.0 TDI Multitronic,20350
Hyundai Sonata Transform 2.4 GDi AT,Kolkata,2013,41000,Petrol,Automatic,First,12.37,2359.0,198.25,5,Hyundai,Sonata Transform 2.4 GDi AT,6600
Hyundai Verna 1.6 SX,Hyderabad,2012,83678,Diesel,Manual,First,22.32,1582.0,126.32,5,Hyundai,Verna 1.6 SX,6050
Maruti Wagon R LXI BS IV,Pune,2010,91000,Petrol,Manual,First,18.9,998.0,67.1,5,Maruti,Wagon R LXI BS IV,2530
Maruti Ertiga SHVS ZDI Plus,Jaipur,2016,50000,Diesel,Manual,First,24.52,1248.0,88.5,7,Maruti,Ertiga SHVS ZDI Plus,9570
Hyundai Xcent 1.1 CRDi S Option,Delhi,2015,58000,Diesel,Manual,First,24.4,1120.0,71.01,5,Hyundai,Xcent 1.1 CRDi S Option,5445
Maruti Swift VDI,Jaipur,2012,80000,Diesel,Manual,First,22.9,1248.0,74.0,5,Maruti,Swift VDI,4675
Mahindra XUV500 W6 2WD,Kochi,2017,41290,Diesel,Manual,Second,16.0,2179.0,140.0,7,Mahindra,XUV500 W6 2WD,12034
BMW 5 Series 520d Luxury Line,Delhi,2013,65000,Diesel,Automatic,First,22.48,1995.0,190.0,5,BMW,5 Series 520d Luxury Line,23386
Toyota Corolla Altis 1.8 G,Bangalore,2016,16471,Petrol,Manual,Second,14.28,1798.0,138.03,5,Toyota,Corolla Altis 1.8 G,12650
Hyundai i20 Asta 1.4 CRDi,Pune,2015,54339,Diesel,Manual,Second,22.54,1396.0,88.73,5,Hyundai,i20 Asta 1.4 CRDi,6600
Mahindra KUV 100 mFALCON G80 K2,Hyderabad,2016,24025,Petrol,Manual,First,18.15,1198.0,82.0,6,Mahindra,KUV 100 mFALCON G80 K2,4510
Maruti Alto 800 2016-2019 LXI,Kolkata,2013,24027,Petrol,Manual,First,24.7,796.0,47.3,5,Maruti,Alto 800 2016-2019 LXI,2210
Fiat Punto EVO 1.2 Emotion,Hyderabad,2010,59270,Petrol,Manual,First,15.7,1172.0,67.0,5,Fiat,Punto EVO 1.2 Emotion,2860
Maruti Wagon R VXI BS IV,Kolkata,2012,40000,Petrol,Manual,First,18.9,998.0,67.1,5,Maruti,Wagon R VXI BS IV,2585
Mitsubishi Pajero 4X4 LHD,Bangalore,2012,155566,Diesel,Manual,Second,9.5,2835.0,118.6,6,Mitsubishi,Pajero 4X4 LHD,10065
Honda Brio EX MT,Chennai,2013,42320,Petrol,Manual,First,19.4,1198.0,86.8,5,Honda,Brio EX MT,3190
Hyundai i20 Asta Option 1.4 CRDi,Coimbatore,2017,24153,Diesel,Manual,Second,22.54,1396.0,88.73,5,Hyundai,i20 Asta Option 1.4 CRDi,10098
Hyundai Creta 1.6 SX Plus Petrol Automatic,Mumbai,2016,27000,Petrol,Automatic,First,13.0,1591.0,121.3,5,Hyundai,Creta 1.6 SX Plus Petrol Automatic,12595
Honda Amaze S i-VTEC,Kochi,2017,61795,Petrol,Manual,First,17.8,1198.0,86.7,5,Honda,Amaze S i-VTEC,6083
Mahindra KUV 100 mFALCON G80 K6 Plus,Chennai,2016,13500,Petrol,Manual,First,18.15,1198.0,82.0,6,Mahindra,KUV 100 mFALCON G80 K6 Plus,4125
Honda City i-VTEC CVT VX,Pune,2018,4500,Petrol,Automatic,First,18.0,1497.0,117.3,5,Honda,City i-VTEC CVT VX,13750
Mahindra XUV500 AT W10 FWD,Mumbai,2017,23000,Diesel,Automatic,First,16.0,2179.0,140.0,7,Mahindra,XUV500 AT W10 FWD,17050
Mercedes-Benz New C-Class 220 CDI AT,Mumbai,2013,80578,Diesel,Automatic,Second,14.84,2143.0,170.0,5,Mercedes-Benz,New C-Class 220 CDI AT,15950
Renault Duster 110PS Diesel RxZ AMT,Coimbatore,2017,42646,Diesel,Automatic,First,19.6,1461.0,108.45,5,Renault,Duster 110PS Diesel RxZ AMT,13706
Volkswagen Polo 1.2 MPI Comfortline,Bangalore,2014,30000,Petrol,Manual,Second,16.47,1198.0,74.0,5,Volkswagen,Polo 1.2 MPI Comfortline,5775
Maruti Swift VDI,Jaipur,2015,63310,Diesel,Manual,First,28.4,1248.0,74.0,5,Maruti,Swift VDI,5610
Honda Amaze S i-Dtech,Delhi,2014,66000,Diesel,Manual,First,25.8,1498.0,98.6,5,Honda,Amaze S i-Dtech,3850
BMW 3 Series 320d Highline,Ahmedabad,2011,74000,Diesel,Automatic,Second,16.07,1995.0,181.0,5,BMW,3 Series 320d Highline,13750
Hyundai Verna 1.4 EX,Hyderabad,2012,93000,Diesel,Manual,First,23.5,1396.0,88.7,5,Hyundai,Verna 1.4 EX,6105
Toyota Fortuner 4x2 4 Speed AT,Delhi,2015,70000,Diesel,Automatic,First,11.5,2982.0,169.0,7,Toyota,Fortuner 4x2 4 Speed AT,21428
Maruti Swift VXI,Ahmedabad,2012,48772,Petrol,Manual,First,18.6,1197.0,85.8,5,Maruti,Swift VXI,4301
Chevrolet Beat LS,Chennai,2010,66000,Petrol,Manual,First,18.6,1199.0,79.4,5,Chevrolet,Beat LS,2409
Hyundai Grand i10 Asta Option AT,Coimbatore,2017,27417,Petrol,Automatic,First,18.9,1197.0,82.0,5,Hyundai,Grand i10 Asta Option AT,7579
Ford Figo Petrol ZXI,Coimbatore,2011,51593,Petrol,Manual,Second,15.6,1196.0,70.0,5,Ford,Figo Petrol ZXI,3817
Maruti Swift VXI BSIII,Pune,2010,75000,Petrol,Manual,First,16.1,1298.0,88.2,5,Maruti,Swift VXI BSIII,3135
Audi A4 35 TDI Premium,Coimbatore,2016,39237,Diesel,Automatic,First,17.11,1968.0,174.33,5,Audi,A4 35 TDI Premium,28204
Honda City V MT,Kochi,2018,11966,Petrol,Manual,First,16.8,1497.0,116.3,5,Honda,City V MT,11308
Honda Jazz V,Hyderabad,2015,37000,Petrol,Manual,First,18.2,1199.0,88.7,5,Honda,Jazz V,6930
Volkswagen Polo 1.5 TDI Highline,Chennai,2014,70920,Diesel,Manual,First,20.14,1498.0,88.8,5,Volkswagen,Polo 1.5 TDI Highline,5225
Nissan Terrano XL D Option,Hyderabad,2013,65280,Diesel,Manual,First,19.87,1461.0,83.14,5,Nissan,Terrano XL D Option,6380
Land Rover Discovery Sport SD4 HSE Luxury 7S,Hyderabad,2016,62000,Diesel,Automatic,First,12.51,2179.0,187.7,7,Land,Rover Discovery Sport SD4 HSE Luxury 7S,48950
Hyundai i20 Magna Optional 1.2,Kochi,2014,44525,Petrol,Manual,First,18.5,1197.0,82.9,5,Hyundai,i20 Magna Optional 1.2,5115
Honda City 1.5 E MT,Jaipur,2009,86863,Petrol,Manual,First,17.0,1497.0,118.0,5,Honda,City 1.5 E MT,3960
Mahindra XUV500 W10 AWD,Hyderabad,2015,102626,Diesel,Manual,First,16.0,2179.0,140.0,7,Mahindra,XUV500 W10 AWD,13475
Jeep Compass 2.0 Limited Option 4X4,Jaipur,2017,45000,Diesel,Manual,First,16.3,1956.0,170.0,5,Jeep,Compass 2.0 Limited Option 4X4,22000
Mahindra XUV500 W10 AWD,Jaipur,2017,22000,Diesel,Manual,First,16.0,2179.0,140.0,7,Mahindra,XUV500 W10 AWD,17600
Mahindra Scorpio VLX 4WD AIRBAG AT BSIV,Coimbatore,2011,108905,Diesel,Automatic,Second,11.79,2179.0,120.0,8,Mahindra,Scorpio VLX 4WD AIRBAG AT BSIV,6831
Datsun GO Plus T,Kolkata,2016,12800,Petrol,Manual,First,19.44,1198.0,67.0,7,Datsun,GO Plus T,3575
Mahindra Scorpio S6 Plus 7 Seater,Kolkata,2016,32000,Diesel,Manual,First,15.4,2179.0,120.0,7,Mahindra,Scorpio S6 Plus 7 Seater,10725
Honda Amaze S AT i-Vtech,Mumbai,2014,39000,Petrol,Automatic,First,15.5,1198.0,86.7,5,Honda,Amaze S AT i-Vtech,4895
Honda City i-DTEC ZX,Pune,2017,42000,Diesel,Manual,First,25.6,1498.0,98.6,5,Honda,City i-DTEC ZX,13200
Hyundai Grand i10 1.2 CRDi Sportz,Chennai,2018,48000,Diesel,Manual,First,24.0,1186.0,73.97,5,Hyundai,Grand i10 1.2 CRDi Sportz,6545
Hyundai Verna 1.4 CX VTVT,Kolkata,2014,19000,Petrol,Manual,First,17.43,1396.0,105.5,5,Hyundai,Verna 1.4 CX VTVT,5775
Toyota Innova Crysta 2.4 VX MT,Coimbatore,2019,33598,Diesel,Manual,First,13.68,2393.0,147.8,7,Toyota,Innova Crysta 2.4 VX MT,24420
BMW X1 sDrive20d,Jaipur,2012,63000,Diesel,Automatic,First,17.05,1995.0,184.0,5,BMW,X1 sDrive20d,14850
Volkswagen Jetta 2013-2015 2.0L TDI Highline AT,Chennai,2015,48000,Diesel,Automatic,First,16.96,1968.0,138.03,5,Volkswagen,Jetta 2013-2015 2.0L TDI Highline AT,14850
Ford Figo Diesel ZXI,Delhi,2014,66000,Diesel,Manual,First,20.0,1399.0,68.05,5,Ford,Figo Diesel ZXI,3817
Mahindra Ssangyong Rexton RX7,Ahmedabad,2013,80000,Diesel,Automatic,Second,11.18,2696.0,184.0,7,Mahindra,Ssangyong Rexton RX7,10450
Volkswagen Vento Petrol Highline,Chennai,2011,37000,Petrol,Manual,First,15.04,1598.0,103.6,5,Volkswagen,Vento Petrol Highline,5280
Skoda Rapid 1.6 MPI Ambition With Alloy Wheel,Kochi,2016,35058,Petrol,Manual,First,15.0,1598.0,103.52,5,Skoda,Rapid 1.6 MPI Ambition With Alloy Wheel,7194
Volkswagen Polo Petrol Comfortline 1.2L,Delhi,2012,52000,Petrol,Manual,First,16.47,1198.0,73.9,5,Volkswagen,Polo Petrol Comfortline 1.2L,3410
Maruti S Cross DDiS 200 Delta,Hyderabad,2015,61313,Diesel,Manual,First,23.65,1248.0,88.5,5,Maruti,S Cross DDiS 200 Delta,8789
Toyota Corolla Altis G,Kolkata,2009,45000,Petrol,Manual,Second,14.53,1798.0,138.1,5,Toyota,Corolla Altis G,3630
Maruti Ertiga ZDI,Bangalore,2015,74000,Diesel,Manual,First,20.77,1248.0,88.8,7,Maruti,Ertiga ZDI,9625
Hyundai i10 Asta Sunroof AT,Hyderabad,2013,89000,Petrol,Automatic,First,19.2,1197.0,80.0,5,Hyundai,i10 Asta Sunroof AT,4609
Mercedes-Benz CLA 200 CDI Sport,Kochi,2019,13414,Diesel,Automatic,First,17.9,2143.0,136.0,5,Mercedes-Benz,CLA 200 CDI Sport,33847
Honda City ZX VTEC,Jaipur,2006,95000,Petrol,Manual,Second,16.9,1497.0,100.0,5,Honda,City ZX VTEC,2321
Mahindra KUV 100 G80 K8,Jaipur,2018,15900,Petrol,Manual,First,18.15,1198.0,82.0,6,Mahindra,KUV 100 G80 K8,6875
Toyota Fortuner 3.0 Diesel,Delhi,2011,151000,Diesel,Manual,First,11.5,2982.0,171.0,7,Toyota,Fortuner 3.0 Diesel,12540
Honda City 1.5 V MT,Bangalore,2011,65000,Petrol,Manual,First,17.0,1497.0,118.0,5,Honda,City 1.5 V MT,5720
Audi A6 35 TDI Matrix,Coimbatore,2017,36824,Diesel,Automatic,First,18.53,1968.0,187.74,5,Audi,A6 35 TDI Matrix,43824
Ford Figo Diesel ZXI,Coimbatore,2013,65287,Diesel,Manual,First,20.0,1399.0,68.05,5,Ford,Figo Diesel ZXI,4895
Mercedes-Benz GLA Class 200 CDI,Kolkata,2014,52000,Diesel,Automatic,First,17.9,2143.0,136.0,5,Mercedes-Benz,GLA Class 200 CDI,21450
Chevrolet Aveo U-VA 1.2 LS,Hyderabad,2007,33000,Petrol,Manual,First,15.26,1150.0,74.9,5,Chevrolet,Aveo U-VA 1.2 LS,1925
Ford Figo 2015-2019 1.5D Titanium MT,Hyderabad,2016,71000,Diesel,Manual,First,25.83,1498.0,99.0,5,Ford,Figo 2015-2019 1.5D Titanium MT,5610
Hyundai Elantra CRDi SX AT,Delhi,2013,71000,Diesel,Automatic,First,22.7,1582.0,126.2,5,Hyundai,Elantra CRDi SX AT,7480
Maruti Baleno Zeta CVT,Kolkata,2016,20000,Petrol,Automatic,First,21.4,1197.0,83.1,5,Maruti,Baleno Zeta CVT,6314
Maruti Swift LXi BSIV,Hyderabad,2010,71000,Petrol,Manual,First,16.1,1197.0,85.0,5,Maruti,Swift LXi BSIV,3630
BMW 3 Series Luxury Line,Ahmedabad,2016,27000,Diesel,Automatic,First,21.76,1995.0,190.0,5,BMW,3 Series Luxury Line,38500
Maruti Dzire AMT ZDI Plus,Chennai,2017,19000,Diesel,Automatic,First,28.4,1248.0,73.75,5,Maruti,Dzire AMT ZDI Plus,9790
Hyundai Verna 1.6 SX VTVT,Mumbai,2011,58000,Petrol,Manual,Second,17.01,1591.0,121.3,5,Hyundai,Verna 1.6 SX VTVT,4400
Jeep Compass 2.0 Longitude,Kochi,2018,42203,Diesel,Manual,First,17.1,1956.0,170.0,5,Jeep,Compass 2.0 Longitude,21406
Hyundai Sonata Embera 2.0L CRDi AT,Hyderabad,2009,94000,Diesel,Automatic,First,11.4,1991.0,142.0,5,Hyundai,Sonata Embera 2.0L CRDi AT,5775
Maruti Eeco 5 STR With AC Plus HTR CNG,Delhi,2013,52000,CNG,Manual,Second,10.785714285714286,1196.0,73.0,5,Maruti,Eeco 5 STR With AC Plus HTR CNG,2860
Tata Nexon 1.5 Revotorq XZ Plus Dual Tone,Kolkata,2018,4900,Diesel,Manual,First,21.5,1497.0,108.5,5,Tata,Nexon 1.5 Revotorq XZ Plus Dual Tone,10142
Hyundai EON Era Plus,Jaipur,2013,70000,Petrol,Manual,First,21.1,814.0,55.2,5,Hyundai,EON Era Plus,1980
BMW 5 Series 2013-2017 530d M Sport,Kochi,2015,65266,Diesel,Automatic,First,14.69,2993.0,258.0,5,BMW,5 Series 2013-2017 530d M Sport,34925
Maruti Ertiga VDI,Delhi,2014,54569,Diesel,Manual,First,20.77,1248.0,88.76,7,Maruti,Ertiga VDI,6589
Honda Amaze E i-Vtech,Kochi,2015,51361,Petrol,Manual,First,18.0,1198.0,86.7,5,Honda,Amaze E i-Vtech,5434
Ford Fiesta 1.4 Duratec ZXI,Jaipur,2007,125000,Petrol,Manual,Third,16.6,1388.0,68.0,5,Ford,Fiesta 1.4 Duratec ZXI,1650
Honda Civic 2006-2010 1.8 V MT,Bangalore,2008,66000,Petrol,Manual,Third,13.5,1799.0,130.0,5,Honda,Civic 2006-2010 1.8 V MT,3575
Maruti Wagon R LX DUO BSIII,Hyderabad,2007,65047,LPG,Manual,First,12.357142857142858,1061.0,57.5,5,Maruti,Wagon R LX DUO BSIII,2145
Maruti Ertiga ZDI,Delhi,2014,22281,Diesel,Manual,First,20.77,1248.0,88.8,7,Maruti,Ertiga ZDI,7150
Hyundai Grand i10 CRDi Sportz,Delhi,2013,63210,Diesel,Manual,First,24.0,1120.0,70.0,5,Hyundai,Grand i10 CRDi Sportz,4081
Hyundai Xcent 1.2 VTVT E Plus,Pune,2018,31000,Petrol,Manual,First,20.14,1197.0,81.86,5,Hyundai,Xcent 1.2 VTVT E Plus,5500
Hyundai i10 Era,Ahmedabad,2008,60000,Petrol,Manual,First,19.81,1086.0,68.05,5,Hyundai,i10 Era,2189
Honda Amaze S i-Vtech,Mumbai,2017,32006,Petrol,Manual,First,18.0,1198.0,86.7,5,Honda,Amaze S i-Vtech,4675
Audi A6 2.7 TDI,Ahmedabad,2009,78000,Diesel,Automatic,First,12.4,2698.0,179.5,5,Audi,A6 2.7 TDI,8800
Hyundai i10 Magna 1.2 iTech SE,Mumbai,2011,9489,Petrol,Manual,First,20.36,1197.0,78.9,5,Hyundai,i10 Magna 1.2 iTech SE,3245
Renault KWID RXT Optional,Pune,2018,5000,Petrol,Manual,First,25.17,799.0,53.3,5,Renault,KWID RXT Optional,3850
Audi A4 New 2.0 TDI Multitronic,Jaipur,2012,60000,Diesel,Automatic,Second,15.2,1968.0,140.8,5,Audi,A4 New 2.0 TDI Multitronic,17600
Maruti Alto 800 LXI Airbag,Jaipur,2015,50000,Petrol,Manual,First,22.74,796.0,47.3,5,Maruti,Alto 800 LXI Airbag,3025
Honda City i VTEC VX Option,Delhi,2015,53000,Petrol,Manual,First,17.8,1497.0,117.3,5,Honda,City i VTEC VX Option,7645
Mercedes-Benz New C-Class C250 Avantgarde,Delhi,2011,64000,Petrol,Automatic,Second,11.74,1796.0,186.0,5,Mercedes-Benz,New C-Class C250 Avantgarde,13750
Audi Q5 3.0 TDI Quattro Technology,Coimbatore,2017,43827,Diesel,Automatic,First,13.22,2967.0,241.4,5,Audi,Q5 3.0 TDI Quattro Technology,40513
Volkswagen Polo 1.2 MPI Comfortline,Pune,2011,36431,Petrol,Manual,First,16.2,1199.0,74.0,5,Volkswagen,Polo 1.2 MPI Comfortline,2970
Hyundai Creta 1.4 E Plus Diesel,Mumbai,2017,35000,Diesel,Manual,First,21.38,1396.0,88.7,5,Hyundai,Creta 1.4 E Plus Diesel,10890
Honda City 1.5 V MT,Kochi,2011,94832,Petrol,Manual,First,17.0,1497.0,118.0,5,Honda,City 1.5 V MT,4213
Honda City 1.5 S MT,Coimbatore,2012,88381,Petrol,Manual,First,17.0,1497.0,118.0,5,Honda,City 1.5 S MT,5775
Maruti S Cross DDiS 320 Alpha,Kolkata,2016,45194,Diesel,Manual,First,22.7,1598.0,118.0,5,Maruti,S Cross DDiS 320 Alpha,8525
Maruti SX4 Vxi BSIV,Mumbai,2010,66000,Petrol,Manual,Second,16.51,1586.0,103.2,5,Maruti,SX4 Vxi BSIV,2706
Maruti Swift Dzire VDI,Kolkata,2014,38578,Diesel,Manual,First,23.4,1248.0,74.0,5,Maruti,Swift Dzire VDI,4356
Maruti Ertiga ZDI,Chennai,2015,40000,Diesel,Manual,First,20.77,1248.0,88.8,7,Maruti,Ertiga ZDI,9075
Hyundai i20 1.2 Spotz,Coimbatore,2018,20632,Petrol,Manual,First,18.6,1197.0,81.83,5,Hyundai,i20 1.2 Spotz,8338
Hyundai Grand i10 CRDi Magna,Hyderabad,2014,73042,Diesel,Manual,First,24.0,1120.0,70.0,5,Hyundai,Grand i10 CRDi Magna,4389
Honda City i VTEC SV,Delhi,2014,54257,Petrol,Manual,First,17.4,1497.0,117.3,5,Honda,City i VTEC SV,6875
Skoda Rapid 1.6 TDI Elegance,Hyderabad,2013,93000,Diesel,Manual,First,20.5,1598.0,103.5,5,Skoda,Rapid 1.6 TDI Elegance,5500
Mercedes-Benz E-Class E270 CDI,Hyderabad,2005,102000,Diesel,Automatic,Second,11.0,2987.0,198.5,5,Mercedes-Benz,E-Class E270 CDI,5115
Hyundai Santa Fe 4WD AT,Coimbatore,2016,28881,Diesel,Automatic,First,13.01,2199.0,194.3,7,Hyundai,Santa Fe 4WD AT,23507
ISUZU D-MAX V-Cross 4X4,Coimbatore,2018,20422,Diesel,Manual,First,12.4,2499.0,134.0,5,ISUZU,D-MAX V-Cross 4X4,17699
Hyundai Verna 1.4 CRDi GL,Kolkata,2012,38000,Diesel,Manual,First,24.8,1396.0,88.7,5,Hyundai,Verna 1.4 CRDi GL,4510
Ford Figo Diesel ZXI,Coimbatore,2015,92885,Diesel,Manual,First,20.0,1399.0,68.0,5,Ford,Figo Diesel ZXI,3916
Honda City 1.5 S MT,Pune,2010,43000,Petrol,Manual,Second,17.0,1497.0,118.0,5,Honda,City 1.5 S MT,4631
Hyundai Verna 1.6 CRDi S,Delhi,2015,57000,Diesel,Manual,First,23.9,1582.0,126.2,5,Hyundai,Verna 1.6 CRDi S,7260
Hyundai Creta 1.6 SX Plus Petrol Automatic,Coimbatore,2018,32434,Petrol,Automatic,First,13.0,1591.0,121.3,5,Hyundai,Creta 1.6 SX Plus Petrol Automatic,15785
Ford Ecosport 1.5 DV5 MT Titanium,Hyderabad,2017,32000,Diesel,Manual,First,22.7,1498.0,89.84,5,Ford,Ecosport 1.5 DV5 MT Titanium,10450
BMW X6 xDrive30d,Delhi,2011,59000,Diesel,Automatic,First,11.2,2993.0,241.0,4,BMW,X6 xDrive30d,24090
BMW 5 Series 2013-2017 520d Luxury Line,Coimbatore,2016,76467,Diesel,Automatic,First,18.12,1995.0,190.0,5,BMW,5 Series 2013-2017 520d Luxury Line,33495
Ford Figo Aspire 1.5 TDCi Ambiente,Hyderabad,2016,100000,Diesel,Manual,First,25.83,1498.0,99.0,5,Ford,Figo Aspire 1.5 TDCi Ambiente,5610
Hyundai Verna VTVT 1.6 AT EX,Pune,2013,37086,Petrol,Automatic,First,17.0,1591.0,121.3,5,Hyundai,Verna VTVT 1.6 AT EX,5984
Ford Ikon 1.4 TDCi DuraTorq,Jaipur,2010,135000,Diesel,Manual,First,13.8,1399.0,68.0,5,Ford,Ikon 1.4 TDCi DuraTorq,1760
Audi A6 2011-2015 2.0 TDI,Kochi,2014,54862,Diesel,Automatic,First,17.68,1968.0,174.33,5,Audi,A6 2011-2015 2.0 TDI,18337
Hyundai i20 2015-2017 Sportz AT 1.4,Pune,2012,56200,Petrol,Automatic,First,15.0,1396.0,98.6,5,Hyundai,i20 2015-2017 Sportz AT 1.4,4235
Toyota Fortuner 2.8 4WD MT,Kochi,2011,169006,Diesel,Manual,First,14.24,2755.0,174.5,7,Toyota,Fortuner 2.8 4WD MT,11704
Renault KWID RXT,Bangalore,2016,20229,Petrol,Manual,First,25.17,799.0,53.3,5,Renault,KWID RXT,3850
Chevrolet Spark 1.0 LT,Chennai,2008,62000,Petrol,Manual,Third,18.0,995.0,62.0,5,Chevrolet,Spark 1.0 LT,1210
Hyundai Verna Transform VTVT,Hyderabad,2011,51500,Petrol,Manual,Second,16.2,1599.0,103.2,5,Hyundai,Verna Transform VTVT,2860
BMW 3 Series 320d Sport Line,Hyderabad,2012,69000,Diesel,Automatic,First,18.88,1995.0,184.0,5,BMW,3 Series 320d Sport Line,20350
Maruti Swift Dzire VDI,Hyderabad,2015,62476,Diesel,Manual,First,26.59,1248.0,74.0,5,Maruti,Swift Dzire VDI,8745
Hyundai Xcent 1.2 CRDi E Plus,Jaipur,2017,60500,Diesel,Manual,First,25.4,1186.0,73.97,5,Hyundai,Xcent 1.2 CRDi E Plus,6039
Honda Jazz V CVT,Mumbai,2017,17978,Petrol,Automatic,First,19.0,1199.0,88.7,5,Honda,Jazz V CVT,7645
Ford Fiesta Classic 1.4 Duratorq CLXI,Chennai,2013,123000,Diesel,Manual,Second,17.8,1399.0,67.0,5,Ford,Fiesta Classic 1.4 Duratorq CLXI,4895
Maruti S-Cross Alpha DDiS 200 SH,Kolkata,2016,45296,Diesel,Manual,First,25.1,1248.0,88.5,5,Maruti,S-Cross Alpha DDiS 200 SH,7689
Maruti SX4 Zxi with Leather BSIII,Coimbatore,2008,77325,Petrol,Manual,First,15.6,1586.0,104.68,5,Maruti,SX4 Zxi with Leather BSIII,3860
Maruti Baleno Zeta Automatic,Kochi,2018,25858,Petrol,Automatic,First,21.4,1197.0,83.1,5,Maruti,Baleno Zeta Automatic,8294
Maruti Ritz LDi,Bangalore,2016,120000,Diesel,Manual,First,23.2,1248.0,73.94,5,Maruti,Ritz LDi,4015
Hyundai Elantra CRDi SX AT,Ahmedabad,2016,22000,Diesel,Automatic,First,19.5,1582.0,126.24,5,Hyundai,Elantra CRDi SX AT,17600
Chevrolet Spark 1.0 LT,Kolkata,2012,11000,Petrol,Manual,First,16.2,995.0,62.1,5,Chevrolet,Spark 1.0 LT,1540
Hyundai Xcent 1.1 CRDi Base,Hyderabad,2016,106092,Diesel,Manual,First,24.4,1120.0,71.0,5,Hyundai,Xcent 1.1 CRDi Base,4840
Honda Jazz 1.2 V CVT i VTEC,Delhi,2015,27000,Petrol,Automatic,First,19.0,1199.0,88.7,5,Honda,Jazz 1.2 V CVT i VTEC,6545
Honda Brio S MT,Ahmedabad,2013,11000,Petrol,Manual,First,19.4,1198.0,86.8,5,Honda,Brio S MT,4290
Mercedes-Benz E-Class E250 CDI Avantgrade,Coimbatore,2016,39753,Diesel,Automatic,First,13.0,2143.0,201.1,5,Mercedes-Benz,E-Class E250 CDI Avantgrade,38808
Tata Hexa XT,Pune,2017,39800,Diesel,Manual,First,17.6,2179.0,153.86,7,Tata,Hexa XT,15675
Hyundai Xcent 1.1 CRDi Base,Pune,2017,73000,Diesel,Manual,First,24.4,1120.0,71.0,5,Hyundai,Xcent 1.1 CRDi Base,4950
Ford Ecosport 1.5 DV5 MT Titanium Optional,Pune,2015,55000,Diesel,Manual,First,22.7,1498.0,89.84,5,Ford,Ecosport 1.5 DV5 MT Titanium Optional,8250
Honda Brio VX,Pune,2013,45000,Petrol,Manual,Second,19.4,1198.0,86.8,5,Honda,Brio VX,3575
Maruti Ertiga SHVS ZDI Plus,Hyderabad,2016,112200,Diesel,Manual,First,24.52,1248.0,88.5,7,Maruti,Ertiga SHVS ZDI Plus,9130
Hyundai i10 Sportz 1.2,Bangalore,2010,29000,Petrol,Manual,First,20.36,1197.0,78.9,5,Hyundai,i10 Sportz 1.2,3795
Mahindra XUV500 W10 2WD,Mumbai,2015,53392,Diesel,Manual,First,16.0,2179.0,140.0,7,Mahindra,XUV500 W10 2WD,13145
Volkswagen Vento Diesel Highline,Hyderabad,2010,71000,Diesel,Manual,First,20.54,1598.0,103.6,5,Volkswagen,Vento Diesel Highline,4675
Tata Safari Storme 2012-2015 VX,Hyderabad,2014,93000,Diesel,Manual,First,14.0,2179.0,138.1,7,Tata,Safari Storme 2012-2015 VX,9075
Honda Accord 2.4 Elegance M/T,Hyderabad,2010,119000,Petrol,Manual,First,10.2,2354.0,180.0,5,Honda,Accord 2.4 Elegance M/T,6545
Maruti Eeco 7 Seater Standard,Coimbatore,2016,42225,Petrol,Manual,First,15.1,1196.0,73.0,7,Maruti,Eeco 7 Seater Standard,4730
Maruti Swift VDI,Ahmedabad,2012,65000,Diesel,Manual,First,22.9,1248.0,74.0,5,Maruti,Swift VDI,4290
Maruti Baleno Zeta Automatic,Pune,2016,27809,Petrol,Automatic,First,21.4,1197.0,83.1,5,Maruti,Baleno Zeta Automatic,7051
Mahindra XUV500 W8 2WD,Coimbatore,2015,65100,Diesel,Manual,First,15.1,2179.0,140.0,7,Mahindra,XUV500 W8 2WD,9196
Hyundai Xcent 1.2 Kappa S,Chennai,2014,51000,Petrol,Manual,First,19.1,1197.0,82.0,5,Hyundai,Xcent 1.2 Kappa S,4235
Mercedes-Benz New C-Class C 220 CDI Style,Hyderabad,2017,10000,Diesel,Automatic,First,19.27,2143.0,167.62,5,Mercedes-Benz,New C-Class C 220 CDI Style,39600
Skoda Superb 1.8 TSI MT,Kolkata,2011,54895,Petrol,Manual,First,13.14,1798.0,160.0,5,Skoda,Superb 1.8 TSI MT,8250
Volkswagen CrossPolo 1.5 TDI,Hyderabad,2015,80768,Diesel,Manual,First,20.14,1498.0,88.73,5,Volkswagen,CrossPolo 1.5 TDI,6270
Maruti Ignis 1.2 Delta,Kochi,2019,12076,Petrol,Manual,First,20.89,1197.0,81.8,5,Maruti,Ignis 1.2 Delta,6050
Maruti Swift VDI BSIV,Chennai,2016,49000,Diesel,Manual,First,25.2,1248.0,74.0,5,Maruti,Swift VDI BSIV,6490
Honda City i VTEC VX Option,Mumbai,2015,42366,Petrol,Manual,First,17.8,1497.0,117.3,5,Honda,City i VTEC VX Option,8525
BMW 5 Series 530d Highline Sedan,Ahmedabad,2010,68000,Diesel,Automatic,First,11.5,2993.0,235.0,5,BMW,5 Series 530d Highline Sedan,19800
Skoda Laura Ambiente,Hyderabad,2008,122397,Diesel,Manual,First,17.5,1896.0,106.0,5,Skoda,Laura Ambiente,4840
Volkswagen Polo GT TSI,Coimbatore,2017,50534,Petrol,Automatic,First,17.21,1197.0,103.5,5,Volkswagen,Polo GT TSI,9097
Renault Duster 85PS Diesel RxL,Ahmedabad,2014,55300,Diesel,Manual,First,19.87,1461.0,83.8,5,Renault,Duster 85PS Diesel RxL,5225
Honda City 1.5 S AT,Hyderabad,2008,73095,Petrol,Automatic,First,16.8,1497.0,118.0,5,Honda,City 1.5 S AT,4180
Volkswagen Vento Diesel Highline,Ahmedabad,2011,51100,Diesel,Manual,First,20.54,1598.0,103.6,5,Volkswagen,Vento Diesel Highline,3740
Hyundai Grand i10 Sportz,Pune,2016,13436,Petrol,Manual,Second,18.9,1197.0,82.0,5,Hyundai,Grand i10 Sportz,5170
Ford Fiesta 1.4 ZXi Duratec,Pune,2008,76000,Petrol,Manual,Second,16.6,1388.0,68.0,5,Ford,Fiesta 1.4 ZXi Duratec,1639
Hyundai Xcent 1.1 CRDi S,Mumbai,2016,63141,Diesel,Manual,Second,24.4,1120.0,71.0,5,Hyundai,Xcent 1.1 CRDi S,4950
Honda Amaze VX i-DTEC,Hyderabad,2014,74885,Diesel,Manual,First,25.8,1498.0,98.6,5,Honda,Amaze VX i-DTEC,5940
Honda City i VTEC CVT VX,Hyderabad,2016,14000,Petrol,Automatic,First,18.0,1497.0,117.3,5,Honda,City i VTEC CVT VX,12650
Renault Fluence 1.5,Pune,2012,56000,Diesel,Manual,Second,20.4,1461.0,108.5,5,Renault,Fluence 1.5,3850
BMW 5 Series 520d Luxury Line,Ahmedabad,2010,46000,Diesel,Automatic,First,22.48,1995.0,190.0,5,BMW,5 Series 520d Luxury Line,18150
Maruti SX4 ZXI MT BSIV,Mumbai,2012,51800,Petrol,Manual,First,15.5,1586.0,103.3,5,Maruti,SX4 ZXI MT BSIV,4290
Honda City ZX CVT,Hyderabad,2007,81000,Petrol,Automatic,First,16.4,1497.0,78.0,5,Honda,City ZX CVT,3575
Volkswagen Ameo 1.2 MPI Comfortline,Kochi,2018,17370,Petrol,Manual,First,17.0,1198.0,73.75,5,Volkswagen,Ameo 1.2 MPI Comfortline,6424
Volkswagen Ameo 1.2 MPI Comfortline,Hyderabad,2016,18456,Petrol,Manual,First,17.0,1198.0,73.75,5,Volkswagen,Ameo 1.2 MPI Comfortline,6325
Audi A4 2.0 TDI Multitronic,Delhi,2010,59000,Diesel,Automatic,First,16.55,1968.0,140.0,5,Audi,A4 2.0 TDI Multitronic,11000
Maruti Wagon R VXI,Mumbai,2006,141537,Petrol,Manual,Second,18.9,998.0,67.1,5,Maruti,Wagon R VXI,1155
Hyundai Verna SX CRDi AT,Delhi,2013,51000,Diesel,Automatic,First,19.08,1582.0,126.32,5,Hyundai,Verna SX CRDi AT,6204
Mercedes-Benz GLC 220d 4MATIC Style,Coimbatore,2019,29311,Diesel,Automatic,First,17.9,2143.0,170.0,5,Mercedes-Benz,GLC 220d 4MATIC Style,56067
BMW 3 Series Luxury Line,Mumbai,2016,31000,Diesel,Automatic,First,21.76,1995.0,190.0,5,BMW,3 Series Luxury Line,32945
Honda Mobilio V Option i DTEC,Mumbai,2014,80000,Diesel,Manual,Second,24.2,1498.0,98.6,7,Honda,Mobilio V Option i DTEC,5335
Hyundai Creta 1.6 CRDi AT SX Plus,Hyderabad,2016,33000,Diesel,Automatic,First,17.01,1582.0,126.2,5,Hyundai,Creta 1.6 CRDi AT SX Plus,15950
Honda City 1.5 S MT,Hyderabad,2011,71556,Petrol,Manual,First,17.0,1497.0,118.0,5,Honda,City 1.5 S MT,6050
Ford Fiesta 1.4 TDCi EXI,Bangalore,2011,85000,Diesel,Manual,First,17.8,1399.0,68.0,5,Ford,Fiesta 1.4 TDCi EXI,3520
Maruti Swift Dzire LDI,Chennai,2016,91000,Diesel,Manual,First,26.59,1248.0,74.0,5,Maruti,Swift Dzire LDI,4950
Mercedes-Benz E-Class E250 CDI Launch Edition,Coimbatore,2015,73187,Diesel,Automatic,First,13.0,2143.0,204.0,5,Mercedes-Benz,E-Class E250 CDI Launch Edition,33792
Toyota Innova 2.5 V Diesel 7-seater,Bangalore,2007,127079,Diesel,Manual,First,12.8,2494.0,102.0,7,Toyota,Innova 2.5 V Diesel 7-seater,7689
Mahindra Quanto C8,Kochi,2014,58816,Diesel,Manual,First,17.21,1493.0,100.0,7,Mahindra,Quanto C8,3795
Honda City i VTEC V,Kochi,2015,63818,Petrol,Manual,First,17.4,1497.0,117.3,5,Honda,City i VTEC V,7227
Audi A4 2.0 TDI 177 Bhp Premium Plus,Kolkata,2014,40000,Diesel,Automatic,First,17.11,1968.0,174.33,5,Audi,A4 2.0 TDI 177 Bhp Premium Plus,19250
Volkswagen Polo Diesel Comfortline 1.2L,Delhi,2013,77445,Diesel,Manual,First,22.07,1199.0,73.9,5,Volkswagen,Polo Diesel Comfortline 1.2L,4125
Ford EcoSport 1.5 Petrol Titanium Plus AT,Pune,2017,14000,Petrol,Automatic,First,14.8,1497.0,121.36,5,Ford,EcoSport 1.5 Petrol Titanium Plus AT,10989
Toyota Innova 2.5 G (Diesel) 7 Seater BS IV,Kolkata,2012,85122,Diesel,Manual,First,12.99,2494.0,100.0,7,Toyota,Innova 2.5 G (Diesel) 7 Seater BS IV,9020
Honda City 1.5 EXI,Jaipur,2005,123000,Petrol,Manual,Third,13.0,1493.0,100.0,5,Honda,City 1.5 EXI,1210
Maruti SX4 Green Vxi (CNG),Kochi,2015,61000,CNG,Manual,First,15.785714285714288,1586.0,85.7,5,Maruti,SX4 Green Vxi (CNG),4279
Maruti Alto 800 2016-2019 LXI Optional,Chennai,2015,63714,Petrol,Manual,First,24.7,796.0,47.3,5,Maruti,Alto 800 2016-2019 LXI Optional,2695
Mercedes-Benz M-Class ML 320 CDI,Pune,2009,53000,Diesel,Automatic,First,8.7,2987.0,224.34,5,Mercedes-Benz,M-Class ML 320 CDI,15125
Maruti Swift Dzire LDI,Kolkata,2017,60000,Diesel,Manual,First,26.59,1248.0,74.0,5,Maruti,Swift Dzire LDI,3300
Maruti Vitara Brezza ZDi Plus Dual Tone,Ahmedabad,2017,33000,Diesel,Manual,First,24.3,1248.0,88.5,5,Maruti,Vitara Brezza ZDi Plus Dual Tone,10175
Volvo S60 D5 Summum,Mumbai,2013,31000,Diesel,Automatic,First,13.2,2400.0,215.0,5,Volvo,S60 D5 Summum,19415
Toyota Fortuner 4x2 AT,Delhi,2014,79000,Diesel,Automatic,First,12.55,2982.0,168.5,7,Toyota,Fortuner 4x2 AT,20075
Hyundai i20 Sportz Option Diesel,Kochi,2013,67914,Diesel,Manual,First,23.0,1396.0,90.0,5,Hyundai,i20 Sportz Option Diesel,3795
Audi A4 35 TDI Premium,Bangalore,2015,58970,Diesel,Automatic,First,17.11,1968.0,174.33,5,Audi,A4 35 TDI Premium,26125
Nissan Terrano XV D Pre,Mumbai,2013,60000,Diesel,Manual,Second,19.64,1461.0,108.5,5,Nissan,Terrano XV D Pre,5995
Maruti Celerio ZXI AMT,Coimbatore,2017,35225,Petrol,Automatic,First,23.1,998.0,67.04,5,Maruti,Celerio ZXI AMT,5775
Hyundai i10 Sportz AT,Delhi,2012,62282,Petrol,Automatic,First,16.95,1197.0,78.9,5,Hyundai,i10 Sportz AT,3190
BMW 3 Series 320d,Hyderabad,2010,80000,Diesel,Automatic,First,22.69,1995.0,190.0,5,BMW,3 Series 320d,15620
Hyundai Grand i10 Sportz,Kochi,2018,43698,Petrol,Manual,First,18.9,1197.0,82.0,5,Hyundai,Grand i10 Sportz,6380
Hyundai Grand i10 Asta Option AT,Coimbatore,2017,28052,Petrol,Automatic,First,18.9,1197.0,82.0,5,Hyundai,Grand i10 Asta Option AT,7942
Hyundai Grand i10 1.2 Kappa Sportz,Coimbatore,2016,29091,Petrol,Manual,First,18.9,1197.0,81.86,5,Hyundai,Grand i10 1.2 Kappa Sportz,5357
Volkswagen Polo 1.2 MPI Comfortline,Delhi,2013,63000,Petrol,Manual,First,16.47,1198.0,74.0,5,Volkswagen,Polo 1.2 MPI Comfortline,3630
Honda City ZX EXi,Hyderabad,2007,91000,Petrol,Manual,Second,17.7,1497.0,78.0,5,Honda,City ZX EXi,3300
Mercedes-Benz GLA Class 200 CDI,Hyderabad,2014,30000,Diesel,Automatic,First,17.9,2143.0,136.0,5,Mercedes-Benz,GLA Class 200 CDI,28600
Hyundai Verna 1.6 SX VTVT AT,Bangalore,2014,45000,Petrol,Automatic,First,15.74,1591.0,121.3,5,Hyundai,Verna 1.6 SX VTVT AT,8250
Maruti Alto 800 LXI,Hyderabad,2015,24617,Petrol,Manual,First,22.74,796.0,47.3,5,Maruti,Alto 800 LXI,2596
Maruti Vitara Brezza ZDi Plus Dual Tone,Coimbatore,2017,26927,Diesel,Manual,First,24.3,1248.0,88.5,5,Maruti,Vitara Brezza ZDi Plus Dual Tone,12529
Mahindra XUV500 W8 2WD,Kochi,2013,87736,Diesel,Manual,First,15.1,2179.0,140.0,7,Mahindra,XUV500 W8 2WD,7721
Maruti Vitara Brezza ZDi,Delhi,2016,35299,Diesel,Manual,First,24.3,1248.0,88.5,5,Maruti,Vitara Brezza ZDi,8800
Hyundai i20 1.2 Spotz,Kochi,2017,51612,Petrol,Manual,First,18.6,1197.0,81.83,5,Hyundai,i20 1.2 Spotz,7821
Mercedes-Benz E-Class 250 D W 210,Mumbai,1998,55300,Diesel,Automatic,First,10.0,1796.0,157.7,5,Mercedes-Benz,E-Class 250 D W 210,4290
Honda Amaze S i-Vtech,Kolkata,2013,40000,Petrol,Manual,First,18.0,1198.0,86.7,5,Honda,Amaze S i-Vtech,3575
Hyundai Grand i10 CRDi Magna,Mumbai,2013,71904,Diesel,Manual,First,24.0,1120.0,70.0,5,Hyundai,Grand i10 CRDi Magna,5071
Honda Civic 2006-2010 1.8 S MT,Mumbai,2008,87000,Petrol,Manual,First,13.5,1799.0,130.0,5,Honda,Civic 2006-2010 1.8 S MT,2585
Hyundai Grand i10 CRDi Magna,Chennai,2014,33000,Diesel,Manual,Second,24.0,1120.0,70.0,5,Hyundai,Grand i10 CRDi Magna,4455
Toyota Etios Liva Diesel,Hyderabad,2014,59589,Diesel,Manual,First,23.59,1364.0,67.1,5,Toyota,Etios Liva Diesel,6160
Hyundai i20 Magna 1.4 CRDi,Delhi,2015,44000,Diesel,Manual,First,22.54,1396.0,88.73,5,Hyundai,i20 Magna 1.4 CRDi,5885
Maruti Alto K10 VXI,Mumbai,2017,12000,Petrol,Manual,First,24.07,998.0,67.1,5,Maruti,Alto K10 VXI,3575
BMW X1 sDrive20d,Pune,2012,66000,Diesel,Automatic,Second,17.05,1995.0,184.0,5,BMW,X1 sDrive20d,12650
Maruti Celerio VXI AT,Pune,2016,38009,Petrol,Automatic,First,23.1,998.0,67.04,5,Maruti,Celerio VXI AT,4675
Skoda Superb Elegance 1.8 TSI AT,Mumbai,2009,35000,Petrol,Automatic,Second,13.7,1798.0,157.75,5,Skoda,Superb Elegance 1.8 TSI AT,4895
Mahindra Xylo E4,Pune,2009,70000,Diesel,Manual,First,14.0,2498.0,112.0,7,Mahindra,Xylo E4,3135
Mahindra XUV500 W8 2WD,Delhi,2014,86000,Diesel,Manual,First,15.1,2179.0,140.0,7,Mahindra,XUV500 W8 2WD,8635
Maruti Swift Dzire VXI,Pune,2016,32000,Petrol,Manual,First,19.1,1197.0,85.8,5,Maruti,Swift Dzire VXI,5830
Ford Ecosport 1.0 Ecoboost Platinum Edition,Mumbai,2017,15000,Petrol,Manual,First,18.88,999.0,123.24,5,Ford,Ecosport 1.0 Ecoboost Platinum Edition,8800
Toyota Corolla Altis Diesel D4DG,Coimbatore,2014,69918,Diesel,Manual,First,21.43,1364.0,87.2,5,Toyota,Corolla Altis Diesel D4DG,10373
Hyundai i20 2015-2017 1.2 Magna,Pune,2012,39000,Petrol,Manual,First,18.5,1197.0,80.0,5,Hyundai,i20 2015-2017 1.2 Magna,3025
Mercedes-Benz E-Class 280 CDI,Hyderabad,2009,85000,Diesel,Automatic,First,11.0,2987.0,198.5,5,Mercedes-Benz,E-Class 280 CDI,10989
Maruti Baleno RS 1.0 Petrol,Chennai,2017,46663,Petrol,Manual,First,21.1,998.0,100.0,5,Maruti,Baleno RS 1.0 Petrol,7645
Nissan Sunny 2011-2014 XL AT Special Edition,Chennai,2015,27000,Petrol,Automatic,First,17.97,1498.0,99.6,5,Nissan,Sunny 2011-2014 XL AT Special Edition,7425
Hyundai Grand i10 AT Asta,Chennai,2015,15000,Petrol,Automatic,First,18.9,1197.0,82.0,5,Hyundai,Grand i10 AT Asta,6050
Maruti Ciaz Zeta,Kochi,2018,10575,Petrol,Manual,First,21.56,1462.0,103.25,5,Maruti,Ciaz Zeta,10098
Hyundai Xcent 1.2 Kappa S,Jaipur,2014,12500,Petrol,Manual,First,19.1,1197.0,82.0,5,Hyundai,Xcent 1.2 Kappa S,4565
Hyundai Verna 1.6 SX CRDi (O),Ahmedabad,2012,52000,Diesel,Manual,First,22.32,1582.0,126.32,5,Hyundai,Verna 1.6 SX CRDi (O),7150
Maruti Wagon R VXI 1.2,Kochi,2015,49818,Petrol,Manual,First,21.5,1197.0,81.8,5,Maruti,Wagon R VXI 1.2,4521
Hyundai Verna CRDi,Hyderabad,2008,90000,Diesel,Manual,Second,16.8,1493.0,110.0,5,Hyundai,Verna CRDi,2475
Toyota Etios Liva G,Kochi,2015,52207,Petrol,Manual,First,17.71,1197.0,78.9,5,Toyota,Etios Liva G,5016
Mahindra Xylo E4 ABS BS III,Pune,2013,167362,Diesel,Manual,First,11.68,2498.0,112.0,7,Mahindra,Xylo E4 ABS BS III,4400
Toyota Etios Liva GD,Coimbatore,2015,49894,Diesel,Manual,First,23.59,1364.0,67.06,5,Toyota,Etios Liva GD,5796
Mahindra Thar DI 4X4,Kochi,2019,13024,Diesel,Manual,First,18.06,2523.0,63.0,7,Mahindra,Thar DI 4X4,10021
Nissan X-Trail SLX MT,Pune,2010,128000,Diesel,Manual,Second,14.42,1995.0,147.6,5,Nissan,X-Trail SLX MT,6820
Toyota Innova Crysta 2.8 ZX AT,Kochi,2017,26023,Diesel,Automatic,First,11.36,2755.0,171.5,7,Toyota,Innova Crysta 2.8 ZX AT,21967
Hyundai Creta 1.4 CRDi S,Delhi,2016,42784,Diesel,Manual,First,21.38,1396.0,88.7,5,Hyundai,Creta 1.4 CRDi S,11187
Maruti Swift VDI,Pune,2014,115000,Diesel,Manual,First,28.4,1248.0,74.0,5,Maruti,Swift VDI,4950
Hyundai Verna 1.6 CRDI SX Option,Kochi,2019,30529,Diesel,Manual,First,23.9,1582.0,126.2,5,Hyundai,Verna 1.6 CRDI SX Option,15708
Maruti S Cross DDiS 200 Alpha,Ahmedabad,2016,58000,Diesel,Manual,First,23.65,1248.0,88.5,5,Maruti,S Cross DDiS 200 Alpha,8690
Hyundai EON Era,Hyderabad,2011,68128,Petrol,Manual,First,21.1,814.0,55.2,5,Hyundai,EON Era,2530
Nissan Terrano XL,Hyderabad,2013,63220,Petrol,Manual,First,13.24,1598.0,102.5,5,Nissan,Terrano XL,7150
Hyundai EON Era,Hyderabad,2016,30000,Petrol,Manual,First,21.1,814.0,55.2,5,Hyundai,EON Era,3575
Tata Zest Quadrajet 1.3 XT,Bangalore,2017,27768,Diesel,Manual,First,20.65,1248.0,88.7,5,Tata,Zest Quadrajet 1.3 XT,6435
Mercedes-Benz E-Class 2009-2013 E250 CDI Elegance,Hyderabad,2014,53000,Diesel,Automatic,Second,14.21,2143.0,203.0,5,Mercedes-Benz,E-Class 2009-2013 E250 CDI Elegance,31900
Audi Q5 2.0 TDI Premium Plus,Coimbatore,2014,87652,Diesel,Automatic,Second,14.16,1968.0,174.3,5,Audi,Q5 2.0 TDI Premium Plus,28281
Ford Fiesta 1.6 ZXi Leather,Chennai,2008,94873,Petrol,Manual,Second,15.3,1596.0,101.0,5,Ford,Fiesta 1.6 ZXi Leather,2035
BMW 3 Series 320d Prestige,Mumbai,2015,56000,Diesel,Automatic,First,18.88,1995.0,184.0,5,BMW,3 Series 320d Prestige,25025
Maruti Baleno RS 1.0 Petrol,Kochi,2018,18678,Petrol,Manual,First,21.1,998.0,100.0,5,Maruti,Baleno RS 1.0 Petrol,9152
Mercedes-Benz E-Class 2009-2013 E250 CDI Blue Efficiency,Delhi,2014,30000,Diesel,Automatic,First,14.21,2143.0,203.0,5,Mercedes-Benz,E-Class 2009-2013 E250 CDI Blue Efficiency,28600
Hyundai i10 Sportz 1.2,Hyderabad,2013,59000,Petrol,Manual,First,20.36,1197.0,78.9,5,Hyundai,i10 Sportz 1.2,3795
Hyundai Grand i10 Asta Option,Mumbai,2017,13000,Petrol,Manual,First,18.9,1197.0,82.0,5,Hyundai,Grand i10 Asta Option,5665
Honda Brio S MT,Kochi,2014,74325,Petrol,Manual,First,19.4,1198.0,86.8,5,Honda,Brio S MT,3860
Hyundai i20 Magna 1.4 CRDi (Diesel),Kolkata,2015,45000,Diesel,Manual,First,21.9,1396.0,88.76,5,Hyundai,i20 Magna 1.4 CRDi (Diesel),3795
Volkswagen Polo Petrol Highline 1.2L,Pune,2013,57000,Petrol,Manual,First,16.47,1198.0,73.9,5,Volkswagen,Polo Petrol Highline 1.2L,4125
Honda City 1.5 EXI,Pune,2001,125943,Petrol,Manual,Second,13.0,1493.0,100.0,5,Honda,City 1.5 EXI,1595
Skoda Octavia Ambiente 1.9 TDI,Delhi,2008,80000,Diesel,Manual,First,18.7,1896.0,66.0,5,Skoda,Octavia Ambiente 1.9 TDI,2420
Ford Endeavour 2.5L 4X2,Hyderabad,2010,154000,Diesel,Manual,First,13.1,2499.0,141.0,7,Ford,Endeavour 2.5L 4X2,8789
Chevrolet Cruze LTZ,Bangalore,2013,62000,Diesel,Manual,Second,18.3,1991.0,147.9,5,Chevrolet,Cruze LTZ,7425
Honda Mobilio V i DTEC,Kolkata,2014,45000,Diesel,Manual,First,24.2,1498.0,98.6,7,Honda,Mobilio V i DTEC,5500
Maruti Ertiga VDI,Pune,2012,105000,Diesel,Manual,Second,20.77,1248.0,88.76,7,Maruti,Ertiga VDI,6490
Hyundai Grand i10 Sportz,Mumbai,2013,26000,Petrol,Manual,First,18.9,1197.0,82.0,5,Hyundai,Grand i10 Sportz,4125
Honda Amaze VX i-Vtech,Chennai,2014,48000,Petrol,Manual,First,18.0,1198.0,86.7,5,Honda,Amaze VX i-Vtech,5225
Audi A6 2.7 TDI,Pune,2011,112719,Diesel,Automatic,First,12.4,2698.0,179.5,5,Audi,A6 2.7 TDI,12650
Hyundai i20 1.2 Spotz,Chennai,2017,5000,Petrol,Manual,First,18.6,1197.0,81.83,5,Hyundai,i20 1.2 Spotz,7645
Volkswagen Ameo 1.2 MPI Highline Plus 16,Mumbai,2016,16000,Petrol,Manual,First,17.0,1198.0,73.75,5,Volkswagen,Ameo 1.2 MPI Highline Plus 16,5940
Renault Fluence 2.0,Jaipur,2011,63000,Petrol,Automatic,First,13.4,1997.0,135.1,5,Renault,Fluence 2.0,5225
Maruti Alto K10 VXI,Chennai,2011,28300,Petrol,Manual,First,24.07,998.0,67.1,5,Maruti,Alto K10 VXI,2365
Maruti Wagon R VXI BS IV,Kolkata,2016,12501,Petrol,Manual,First,20.51,998.0,67.04,5,Maruti,Wagon R VXI BS IV,3850
Fiat Linea 1.3 Emotion,Kochi,2016,56628,Diesel,Manual,First,20.4,1248.0,92.0,5,Fiat,Linea 1.3 Emotion,6435
Maruti Swift Dzire Vdi BSIV,Pune,2010,105000,Diesel,Manual,First,19.3,1248.0,73.9,5,Maruti,Swift Dzire Vdi BSIV,3465
Renault Scala Diesel RxL,Pune,2016,52126,Diesel,Manual,First,21.64,1461.0,84.8,5,Renault,Scala Diesel RxL,6600
Hyundai i20 Magna,Kolkata,2010,38000,Petrol,Manual,First,18.5,1197.0,80.0,5,Hyundai,i20 Magna,2453
Hyundai Xcent 1.2 Kappa SX Option,Bangalore,2016,50000,Petrol,Manual,First,19.1,1197.0,82.0,5,Hyundai,Xcent 1.2 Kappa SX Option,2750
Maruti Wagon R LXI,Kochi,2015,50230,Petrol,Manual,First,18.9,998.0,67.1,5,Maruti,Wagon R LXI,4257
Mahindra XUV500 W8 2WD,Ahmedabad,2014,31000,Diesel,Manual,First,15.1,2179.0,140.0,7,Mahindra,XUV500 W8 2WD,10450
Toyota Fortuner 4x2 AT,Delhi,2014,79000,Diesel,Automatic,First,12.55,2982.0,168.5,7,Toyota,Fortuner 4x2 AT,19525
Renault Duster 110PS Diesel RxZ Plus,Delhi,2012,130000,Diesel,Manual,First,19.64,1461.0,108.45,5,Renault,Duster 110PS Diesel RxZ Plus,4125
Hyundai Santro Xing GLS,Chennai,2010,115000,Petrol,Manual,Second,17.92,1086.0,62.1,5,Hyundai,Santro Xing GLS,1650
Hyundai Verna 1.6 SX VTVT,Pune,2013,41500,Petrol,Manual,Second,17.01,1591.0,121.3,5,Hyundai,Verna 1.6 SX VTVT,5500
BMW X1 sDrive 20d Exclusive,Pune,2014,54385,Diesel,Automatic,Second,15.06,1995.0,177.0,5,BMW,X1 sDrive 20d Exclusive,18700
Honda Civic 2006-2010 1.8 V AT,Kochi,2011,56361,Petrol,Automatic,First,12.9,1799.0,130.0,5,Honda,Civic 2006-2010 1.8 V AT,4818
Audi A6 35 TFSI Matrix,Delhi,2018,22000,Petrol,Automatic,First,15.26,1798.0,187.74,5,Audi,A6 35 TFSI Matrix,45650
Maruti Wagon R LXI BS IV,Kolkata,2017,8000,Petrol,Manual,First,20.51,998.0,67.04,5,Maruti,Wagon R LXI BS IV,3300
Maruti Vitara Brezza ZDi Plus Dual Tone,Coimbatore,2018,28741,Diesel,Manual,First,24.3,1248.0,88.5,5,Maruti,Vitara Brezza ZDi Plus Dual Tone,12100
Land Rover Discovery 3 TDV6 Diesel Automatic,Pune,2012,117236,Diesel,Automatic,Second,11.8,2720.0,190.0,7,Land,Rover Discovery 3 TDV6 Diesel Automatic,15400
Maruti Dzire New,Pune,2016,30500,Diesel,Automatic,First,26.59,1248.0,74.0,5,Maruti,Dzire New,8415
Hyundai Verna VTVT 1.6 SX,Kolkata,2018,5000,Petrol,Manual,First,17.0,1591.0,121.3,5,Hyundai,Verna VTVT 1.6 SX,9570
Maruti Ertiga ZDI Plus,Hyderabad,2016,42000,Diesel,Manual,First,25.47,1248.0,88.5,7,Maruti,Ertiga ZDI Plus,10890
Hyundai Accent GLE,Mumbai,2010,32773,Petrol,Manual,First,13.2,1495.0,94.0,5,Hyundai,Accent GLE,2255
Hyundai i20 1.2 Sportz,Kolkata,2016,19008,Petrol,Manual,First,17.0,1197.0,80.0,5,Hyundai,i20 1.2 Sportz,5775
Hyundai Verna VTVT 1.6 SX,Kochi,2012,32542,Petrol,Manual,First,17.0,1591.0,121.3,5,Hyundai,Verna VTVT 1.6 SX,6346
Mahindra Scorpio VLX,Ahmedabad,2011,70000,Diesel,Manual,Second,12.05,2179.0,120.0,8,Mahindra,Scorpio VLX,8195
Maruti Wagon R LXI,Delhi,2012,68347,Petrol,Manual,First,18.9,998.0,67.1,5,Maruti,Wagon R LXI,2860
Hyundai i20 1.2 Sportz,Ahmedabad,2011,72000,Petrol,Manual,Second,17.0,1197.0,80.0,5,Hyundai,i20 1.2 Sportz,3575
Maruti Ritz VDi,Hyderabad,2010,75014,Diesel,Manual,First,21.1,1248.0,73.9,5,Maruti,Ritz VDi,4235
Renault Koleos 2.0 Diesel,Delhi,2013,65000,Diesel,Automatic,Second,13.73,1995.0,148.0,5,Renault,Koleos 2.0 Diesel,8250
BMW 3 Series 320d,Kochi,2012,55598,Diesel,Automatic,First,22.69,1995.0,190.0,5,BMW,3 Series 320d,12650
Honda Brio V MT,Pune,2013,50000,Petrol,Manual,First,19.4,1198.0,86.8,5,Honda,Brio V MT,3575
Hyundai Sonata GOLD,Chennai,2003,44200,Petrol,Manual,Second,11.7,1997.0,134.0,5,Hyundai,Sonata GOLD,1650
Maruti Swift Dzire VDi,Jaipur,2014,65000,Diesel,Manual,First,19.3,1248.0,73.9,5,Maruti,Swift Dzire VDi,5841
Mahindra XUV500 W8 4WD,Hyderabad,2013,49000,Diesel,Manual,First,16.0,2179.0,140.0,7,Mahindra,XUV500 W8 4WD,9900
Hyundai i10 Sportz 1.1L,Kolkata,2016,7200,Petrol,Manual,First,19.81,1086.0,68.05,5,Hyundai,i10 Sportz 1.1L,3949
Maruti Ciaz ZXi Plus,Kochi,2016,43152,Petrol,Manual,First,20.73,1373.0,91.1,5,Maruti,Ciaz ZXi Plus,8085
Toyota Innova 2.5 V Diesel 8-seater,Pune,2013,112000,Diesel,Manual,First,12.8,2494.0,102.0,8,Toyota,Innova 2.5 V Diesel 8-seater,13200
Hyundai Grand i10 Sportz,Coimbatore,2017,23540,Petrol,Manual,First,18.9,1197.0,82.0,5,Hyundai,Grand i10 Sportz,6621
Chevrolet Optra Magnum 2.0 LS BSIII,Coimbatore,2008,82160,Diesel,Manual,First,16.52,1991.0,123.7,5,Chevrolet,Optra Magnum 2.0 LS BSIII,2827
Mahindra Ssangyong Rexton RX5,Pune,2013,57000,Diesel,Manual,First,12.83,2696.0,162.0,7,Mahindra,Ssangyong Rexton RX5,13695
Mahindra XUV500 W8 2WD,Coimbatore,2015,39335,Diesel,Manual,First,15.1,2179.0,140.0,7,Mahindra,XUV500 W8 2WD,13893
Honda City i VTEC SV,Bangalore,2014,62000,Petrol,Manual,Second,17.4,1497.0,117.3,5,Honda,City i VTEC SV,8525
Ford Ecosport 1.5 DV5 MT Titanium,Delhi,2014,60000,Diesel,Manual,First,22.7,1498.0,89.84,5,Ford,Ecosport 1.5 DV5 MT Titanium,6050
Hyundai i20 Sportz 1.2,Kolkata,2015,35000,Petrol,Manual,First,18.6,1197.0,81.83,5,Hyundai,i20 Sportz 1.2,4873
Mercedes-Benz CLA 200 CDI Sport,Kochi,2016,32345,Diesel,Automatic,First,17.9,2143.0,136.0,5,Mercedes-Benz,CLA 200 CDI Sport,26961
Hyundai EON Magna,Ahmedabad,2014,47000,Petrol,Manual,First,22.0,814.0,55.0,5,Hyundai,EON Magna,2915
Toyota Etios G Safety,Delhi,2011,36000,Petrol,Manual,First,17.6,1496.0,88.7,5,Toyota,Etios G Safety,3520
Maruti Swift Dzire Tour LDI,Chennai,2016,75000,Diesel,Manual,First,23.4,1248.0,74.0,5,Maruti,Swift Dzire Tour LDI,4675
Maruti Celerio ZXI,Chennai,2015,57818,Petrol,Manual,First,23.1,998.0,67.04,5,Maruti,Celerio ZXI,4730
Ford Ecosport 1.5 DV5 MT Titanium Optional,Hyderabad,2015,45000,Diesel,Manual,First,22.7,1498.0,89.84,5,Ford,Ecosport 1.5 DV5 MT Titanium Optional,9790
Nissan Terrano XV 110 PS Limited Edition,Jaipur,2015,75055,Diesel,Manual,First,19.01,1461.0,108.5,5,Nissan,Terrano XV 110 PS Limited Edition,7150
Honda Accord VTi-L AT,Delhi,2009,65462,Petrol,Automatic,Third,11.1,2354.0,142.0,5,Honda,Accord VTi-L AT,3850
Maruti Swift Ldi BSIII,Hyderabad,2008,76206,Diesel,Manual,First,17.8,1248.0,75.0,5,Maruti,Swift Ldi BSIII,4675
Mahindra XUV500 AT W10 FWD,Kochi,2018,25948,Diesel,Automatic,First,16.0,2179.0,140.0,7,Mahindra,XUV500 AT W10 FWD,18106
Honda Jazz 1.2 VX i VTEC,Mumbai,2016,28500,Petrol,Manual,First,18.7,1199.0,88.7,5,Honda,Jazz 1.2 VX i VTEC,6545
Honda City i VTEC V,Mumbai,2015,28004,Petrol,Manual,First,17.8,1497.0,117.3,5,Honda,City i VTEC V,7810
Fiat Grande Punto 1.2 Dynamic,Kolkata,2011,25000,Petrol,Manual,Second,15.7,1172.0,67.0,5,Fiat,Grande Punto 1.2 Dynamic,1375
Maruti Ertiga ZXI,Pune,2013,82543,Petrol,Manual,First,16.02,1373.0,93.7,7,Maruti,Ertiga ZXI,6050
Nissan Micra XL,Chennai,2013,30000,Petrol,Manual,First,18.44,1198.0,75.0,5,Nissan,Micra XL,3575
Honda City 1.5 V MT,Hyderabad,2010,27800,Petrol,Manual,First,17.0,1497.0,118.0,5,Honda,City 1.5 V MT,5500
Toyota Etios VX,Coimbatore,2016,33415,Petrol,Manual,First,16.78,1496.0,88.73,5,Toyota,Etios VX,7238
BMW 3 Series 320d Luxury Line,Mumbai,2013,38000,Diesel,Automatic,First,18.88,1995.0,184.0,5,BMW,3 Series 320d Luxury Line,21450
Honda Jazz 1.2 SV i VTEC,Kochi,2017,41981,Petrol,Manual,First,18.7,1199.0,88.7,5,Honda,Jazz 1.2 SV i VTEC,6754
Maruti Dzire VDI,Jaipur,2013,77084,Diesel,Manual,First,28.4,1248.0,73.75,5,Maruti,Dzire VDI,5445
Skoda Rapid 1.6 TDI Elegance,Hyderabad,2013,71803,Diesel,Manual,First,20.5,1598.0,103.5,5,Skoda,Rapid 1.6 TDI Elegance,6325
Mahindra XUV500 W6 2WD,Kolkata,2013,73314,Diesel,Manual,First,15.1,2179.0,140.0,7,Mahindra,XUV500 W6 2WD,7260
Hyundai Grand i10 AT Asta,Coimbatore,2015,69053,Petrol,Automatic,First,18.9,1197.0,82.0,5,Hyundai,Grand i10 AT Asta,6292
Honda City 1.5 V MT,Delhi,2009,79782,Petrol,Manual,Second,17.0,1497.0,118.0,5,Honda,City 1.5 V MT,2860
Mahindra XUV500 W8 2WD,Pune,2011,90000,Diesel,Manual,Second,15.1,2179.0,140.0,7,Mahindra,XUV500 W8 2WD,6710
Maruti Swift Dzire VDi,Hyderabad,2010,130000,Diesel,Manual,First,19.3,1248.0,73.9,5,Maruti,Swift Dzire VDi,4235
Volkswagen Vento Petrol Highline,Pune,2013,65000,Petrol,Manual,Second,15.04,1598.0,103.6,5,Volkswagen,Vento Petrol Highline,4950
Toyota Etios GD,Coimbatore,2013,46496,Diesel,Manual,First,23.59,1364.0,67.05,5,Toyota,Etios GD,5830
Audi A4 2.0 TDI,Bangalore,2013,76000,Diesel,Automatic,Second,16.55,1968.0,147.51,5,Audi,A4 2.0 TDI,20075
Maruti Ertiga LXI,Ahmedabad,2012,28002,Petrol,Manual,First,16.02,1373.0,93.7,7,Maruti,Ertiga LXI,6325
Toyota Corolla Altis 1.8 G CNG,Mumbai,2010,63000,CNG,Manual,Second,10.378571428571428,1798.0,138.0,5,Toyota,Corolla Altis 1.8 G CNG,3685
Honda City 1.5 V MT,Hyderabad,2011,66276,Petrol,Manual,First,17.0,1497.0,118.0,5,Honda,City 1.5 V MT,6050
Maruti Swift Dzire VXI,Kolkata,2014,45000,Petrol,Manual,First,19.1,1197.0,85.8,5,Maruti,Swift Dzire VXI,4389
Toyota Camry Hybrid,Delhi,2014,67000,Petrol,Automatic,First,19.16,2494.0,158.2,5,Toyota,Camry Hybrid,20625
Hyundai Grand i10 CRDi Sportz,Kolkata,2014,43068,Diesel,Manual,First,24.0,1120.0,70.0,5,Hyundai,Grand i10 CRDi Sportz,3850
Toyota Innova Crysta 2.8 GX AT 8S,Chennai,2016,40000,Diesel,Automatic,First,11.36,2755.0,171.5,8,Toyota,Innova Crysta 2.8 GX AT 8S,18095
Hyundai i10 Magna,Coimbatore,2011,50436,Petrol,Manual,First,20.36,1197.0,78.9,5,Hyundai,i10 Magna,4015
Hyundai Grand i10 AT Asta,Bangalore,2014,21000,Petrol,Automatic,First,18.9,1197.0,82.0,5,Hyundai,Grand i10 AT Asta,5940
Skoda Superb Style 1.8 TSI AT,Mumbai,2016,14500,Petrol,Automatic,First,14.67,1798.0,177.46,5,Skoda,Superb Style 1.8 TSI AT,22825
Mercedes-Benz New C-Class 220 CDI AT,Hyderabad,2010,68782,Diesel,Automatic,First,14.84,2143.0,170.0,5,Mercedes-Benz,New C-Class 220 CDI AT,13750
Maruti Ritz VDi,Kolkata,2011,35888,Diesel,Manual,First,21.1,1248.0,73.9,5,Maruti,Ritz VDi,2079
Maruti Swift Dzire Tour LDI,Kolkata,2015,168205,Diesel,Manual,First,23.4,1248.0,74.0,5,Maruti,Swift Dzire Tour LDI,4400
Honda Civic 2010-2013 1.8 V MT,Mumbai,2012,47000,Petrol,Manual,First,14.8,1799.0,130.2,5,Honda,Civic 2010-2013 1.8 V MT,4345
Maruti Ertiga SHVS VDI,Hyderabad,2015,93700,Diesel,Manual,First,24.52,1248.0,88.5,7,Maruti,Ertiga SHVS VDI,8635
Hyundai Elantra CRDi SX,Kolkata,2014,45000,Diesel,Manual,First,22.7,1582.0,126.24,5,Hyundai,Elantra CRDi SX,7700
Toyota Fortuner 4x2 AT,Hyderabad,2016,55547,Diesel,Automatic,First,12.55,2982.0,168.5,7,Toyota,Fortuner 4x2 AT,27489
Volkswagen Polo GT TSI,Delhi,2013,69000,Petrol,Automatic,First,17.21,1197.0,103.6,5,Volkswagen,Polo GT TSI,4950
Skoda Octavia Classic 1.9 TDI MT,Pune,2005,88000,Diesel,Manual,Third,18.7,1896.0,66.0,5,Skoda,Octavia Classic 1.9 TDI MT,1375
Volkswagen Polo 1.5 TDI Trendline,Delhi,2014,32400,Diesel,Manual,First,20.14,1498.0,88.8,5,Volkswagen,Polo 1.5 TDI Trendline,4345
Hyundai Santro Xing GL Plus,Pune,2012,79000,Petrol,Manual,Second,17.92,1086.0,62.1,5,Hyundai,Santro Xing GL Plus,1760
Hyundai EON D Lite Plus,Coimbatore,2014,45407,Petrol,Manual,Second,21.1,814.0,55.2,5,Hyundai,EON D Lite Plus,3729
Toyota Innova 2.5 V Diesel 7-seater,Hyderabad,2011,136490,Diesel,Manual,First,12.8,2494.0,102.0,7,Toyota,Innova 2.5 V Diesel 7-seater,10780
Maruti Ignis 1.3 Zeta,Mumbai,2017,19000,Diesel,Manual,First,26.8,1248.0,74.0,5,Maruti,Ignis 1.3 Zeta,6501
Maruti Ciaz Alpha,Mumbai,2017,19416,Petrol,Manual,First,21.56,1462.0,103.25,5,Maruti,Ciaz Alpha,9075
Maruti Swift Dzire VXi,Mumbai,2012,15500,Petrol,Manual,First,17.5,1298.0,85.8,5,Maruti,Swift Dzire VXi,4125
Honda City i VTEC CVT VX,Hyderabad,2017,12538,Petrol,Automatic,First,18.0,1497.0,117.3,5,Honda,City i VTEC CVT VX,13750
Honda Brio S MT,Delhi,2015,44328,Petrol,Manual,First,19.4,1198.0,86.8,5,Honda,Brio S MT,4180
Toyota Etios Liva GD,Delhi,2014,63000,Diesel,Manual,First,23.59,1364.0,67.04,5,Toyota,Etios Liva GD,4785
Volvo XC60 D5,Hyderabad,2015,100000,Diesel,Automatic,First,13.5,2400.0,215.0,5,Volvo,XC60 D5,35750
Tata Indigo CS eGVX,Kolkata,2015,103000,Petrol,Manual,First,15.64,1193.0,64.08,5,Tata,Indigo CS eGVX,3300
Toyota Innova Crysta 2.8 ZX AT,Pune,2016,50296,Diesel,Automatic,Second,11.36,2755.0,171.5,7,Toyota,Innova Crysta 2.8 ZX AT,20900
Volkswagen Vento Diesel Highline,Pune,2013,95500,Diesel,Manual,First,20.54,1598.0,103.6,5,Volkswagen,Vento Diesel Highline,5500
Ford Ecosport 1.5 DV5 MT Titanium,Pune,2014,72100,Diesel,Manual,First,22.7,1498.0,89.84,5,Ford,Ecosport 1.5 DV5 MT Titanium,5995
Maruti Wagon R VXI,Mumbai,2010,19119,Petrol,Manual,First,18.9,998.0,67.1,5,Maruti,Wagon R VXI,2970
Mercedes-Benz S-Class 320 L,Mumbai,2006,30000,Petrol,Manual,First,13.0,2987.0,210.0,5,Mercedes-Benz,S-Class 320 L,11825
Volkswagen Polo 1.5 TDI Highline,Hyderabad,2015,75600,Diesel,Manual,First,20.14,1498.0,88.8,5,Volkswagen,Polo 1.5 TDI Highline,6380
Jeep Compass 2.0 Longitude,Kochi,2018,26101,Diesel,Manual,First,17.1,1956.0,170.0,5,Jeep,Compass 2.0 Longitude,19305
Maruti Alto K10 LXI Optional,Pune,2016,7000,Petrol,Manual,First,24.07,998.0,67.1,5,Maruti,Alto K10 LXI Optional,3300
Skoda Octavia Elegance 2.0 TDI AT,Bangalore,2013,50000,Diesel,Automatic,First,19.3,1968.0,141.0,5,Skoda,Octavia Elegance 2.0 TDI AT,16500
Maruti Swift Dzire VDI Optional,Hyderabad,2016,30000,Diesel,Manual,First,26.59,1248.0,74.0,5,Maruti,Swift Dzire VDI Optional,6600
Maruti Ciaz VDi Plus SHVS,Mumbai,2016,38151,Diesel,Manual,First,28.09,1248.0,88.5,5,Maruti,Ciaz VDi Plus SHVS,8415
Mercedes-Benz New C-Class C 220 CDI CLASSIC,Jaipur,2009,116000,Diesel,Manual,Second,15.8,2148.0,170.0,5,Mercedes-Benz,New C-Class C 220 CDI CLASSIC,9350
Ford Figo Diesel ZXI,Kolkata,2013,22000,Diesel,Manual,First,20.0,1399.0,68.0,5,Ford,Figo Diesel ZXI,2475
Toyota Corolla Altis VL,Delhi,2010,60000,Petrol,Automatic,Second,14.53,1798.0,138.1,5,Toyota,Corolla Altis VL,5115
Maruti SX4 S Cross DDiS 320 Zeta,Mumbai,2016,38000,Diesel,Manual,First,22.7,1598.0,118.0,5,Maruti,SX4 S Cross DDiS 320 Zeta,8635
Ford Figo Petrol ZXI,Coimbatore,2011,51928,Petrol,Manual,First,15.6,1196.0,70.0,5,Ford,Figo Petrol ZXI,3806
Maruti Zen LXi - BS III,Pune,2006,67196,Petrol,Manual,First,17.3,993.0,60.0,5,Maruti,Zen LXi - BS III,1375
Toyota Fortuner 3.0 Diesel,Bangalore,2012,100000,Diesel,Manual,Third,11.5,2982.0,171.0,7,Toyota,Fortuner 3.0 Diesel,17600
Maruti Ciaz ZDi Plus,Jaipur,2015,65218,Diesel,Manual,First,26.21,1248.0,88.5,5,Maruti,Ciaz ZDi Plus,8140
Renault KWID RXT,Kochi,2016,53886,Petrol,Manual,First,25.17,799.0,53.3,5,Renault,KWID RXT,3377
Hyundai i10 Magna AT,Coimbatore,2011,50058,Petrol,Automatic,First,19.2,1197.0,80.0,5,Hyundai,i10 Magna AT,4224
Maruti Celerio ZXI AT Optional,Pune,2016,64000,Petrol,Automatic,First,23.1,998.0,67.04,5,Maruti,Celerio ZXI AT Optional,4620
Hyundai Creta 1.4 E Plus Diesel,Kochi,2018,41641,Diesel,Manual,First,21.38,1396.0,88.7,5,Hyundai,Creta 1.4 E Plus Diesel,11902
Honda Jazz 1.5 SV i DTEC,Hyderabad,2016,44345,Diesel,Manual,First,27.3,1498.0,98.6,5,Honda,Jazz 1.5 SV i DTEC,6710
Honda City 1.5 S MT,Kolkata,2011,45501,Petrol,Manual,First,17.0,1497.0,118.0,5,Honda,City 1.5 S MT,3410
Mitsubishi Lancer 1.5 SFXi,Chennai,2001,104000,Petrol,Manual,Third,13.7,1468.0,85.8,5,Mitsubishi,Lancer 1.5 SFXi,1100
Nissan Sunny XE P,Coimbatore,2012,50297,Petrol,Manual,First,16.95,1498.0,97.6,5,Nissan,Sunny XE P,5159
Honda Accord 2.4 AT,Mumbai,2011,87000,Petrol,Automatic,First,11.7,2354.0,177.6,5,Honda,Accord 2.4 AT,5940
Mahindra XUV500 W8 2WD,Mumbai,2016,120000,Diesel,Manual,First,15.1,2179.0,140.0,7,Mahindra,XUV500 W8 2WD,13200
Hyundai i20 1.2 Magna Executive,Mumbai,2018,17000,Petrol,Manual,First,18.6,1197.0,81.83,5,Hyundai,i20 1.2 Magna Executive,7150
Nissan Micra Diesel XL,Chennai,2014,100000,Diesel,Manual,First,23.08,1461.0,63.1,5,Nissan,Micra Diesel XL,3300
Maruti Ciaz AT ZXi,Kochi,2015,50979,Petrol,Automatic,First,19.12,1373.0,91.1,5,Maruti,Ciaz AT ZXi,7590
Volkswagen Vento Diesel Trendline,Chennai,2011,41000,Diesel,Manual,First,20.54,1598.0,103.6,5,Volkswagen,Vento Diesel Trendline,4400
Hyundai i20 Asta,Chennai,2011,24000,Petrol,Manual,First,17.0,1197.0,80.0,5,Hyundai,i20 Asta,4675
Toyota Corolla Altis G,Hyderabad,2008,44738,Petrol,Manual,First,14.53,1798.0,138.1,5,Toyota,Corolla Altis G,5610
Honda City i DTEC VX,Kolkata,2014,37298,Diesel,Manual,First,25.1,1498.0,98.6,5,Honda,City i DTEC VX,5390
Maruti Swift VXI BSIV,Pune,2014,42000,Petrol,Manual,Second,20.4,1197.0,81.8,5,Maruti,Swift VXI BSIV,3960
Mercedes-Benz E-Class 2009-2013 E250 CDI Elegance,Pune,2016,45000,Diesel,Automatic,First,14.21,2143.0,203.0,5,Mercedes-Benz,E-Class 2009-2013 E250 CDI Elegance,37400
Toyota Innova 2.5 G (Diesel) 7 Seater,Mumbai,2015,102000,Diesel,Manual,First,12.99,2494.0,100.6,7,Toyota,Innova 2.5 G (Diesel) 7 Seater,9075
Maruti Swift Lxi BSIII,Pune,2011,70000,Petrol,Manual,First,16.1,1298.0,88.2,5,Maruti,Swift Lxi BSIII,1430
Mercedes-Benz New C-Class C 220d Avantgarde Edition C,Coimbatore,2018,27467,Diesel,Automatic,First,19.27,2143.0,167.62,5,Mercedes-Benz,New C-Class C 220d Avantgarde Edition C,42955
Hyundai Grand i10 Asta,Kolkata,2015,15305,Petrol,Manual,First,18.9,1197.0,82.0,5,Hyundai,Grand i10 Asta,4125
Maruti Wagon R LXI BS IV,Mumbai,2010,70000,Petrol,Manual,First,18.9,998.0,67.1,5,Maruti,Wagon R LXI BS IV,2310
Ford EcoSport 1.5 TDCi Titanium,Hyderabad,2016,36778,Diesel,Manual,First,22.77,1498.0,98.59,5,Ford,EcoSport 1.5 TDCi Titanium,9680
Volkswagen Polo 1.2 MPI Comfortline,Coimbatore,2015,25845,Petrol,Manual,First,16.47,1198.0,74.0,5,Volkswagen,Polo 1.2 MPI Comfortline,6424
Hyundai Verna 1.6 VTVT AT SX,Kochi,2018,33858,Petrol,Automatic,First,17.01,1591.0,121.3,5,Hyundai,Verna 1.6 VTVT AT SX,9933
Renault KWID AMT RXL,Ahmedabad,2017,12000,Petrol,Automatic,Second,24.04,999.0,67.0,5,Renault,KWID AMT RXL,3575
Honda Brio S Option AT,Coimbatore,2013,33709,Petrol,Automatic,First,16.5,1198.0,86.8,5,Honda,Brio S Option AT,5390
Ford Figo Aspire 1.2 Ti-VCT Titanium,Kochi,2018,32709,Petrol,Manual,First,18.16,1196.0,86.8,5,Ford,Figo Aspire 1.2 Ti-VCT Titanium,7106
Toyota Fortuner 3.0 Diesel,Bangalore,2014,72000,Diesel,Manual,Second,11.5,2982.0,171.0,7,Toyota,Fortuner 3.0 Diesel,20350
Tata Indigo eCS eLX BS IV,Ahmedabad,2013,31000,Diesel,Manual,First,25.0,1396.0,69.01,5,Tata,Indigo eCS eLX BS IV,2970
Ford Figo 2015-2019 1.5D Ambiente MT,Chennai,2016,70000,Diesel,Manual,First,25.83,1498.0,99.0,5,Ford,Figo 2015-2019 1.5D Ambiente MT,5060
Maruti Swift Dzire VDI,Jaipur,2014,61000,Diesel,Manual,First,23.4,1248.0,74.0,5,Maruti,Swift Dzire VDI,5885
Nissan Micra Diesel XV Primo,Pune,2011,72000,Diesel,Manual,First,23.08,1461.0,63.1,5,Nissan,Micra Diesel XV Primo,2530
Skoda Octavia Style Plus 2.0 TDI AT,Delhi,2016,49000,Diesel,Automatic,First,19.3,1968.0,141.0,5,Skoda,Octavia Style Plus 2.0 TDI AT,16995
Volkswagen Jetta 2013-2015 2.0L TDI Highline AT,Hyderabad,2014,42939,Diesel,Automatic,First,16.96,1968.0,138.03,5,Volkswagen,Jetta 2013-2015 2.0L TDI Highline AT,13739
Audi Q7 35 TDI Quattro Technology,Coimbatore,2016,32545,Diesel,Automatic,First,12.07,2967.0,241.4,7,Audi,Q7 35 TDI Quattro Technology,53636
Hyundai i20 1.2 Sportz,Pune,2011,54000,Petrol,Manual,First,17.0,1197.0,80.0,5,Hyundai,i20 1.2 Sportz,3520
BMW 3 Series 320d Corporate Edition,Delhi,2012,76000,Diesel,Automatic,First,16.07,1995.0,181.0,4,BMW,3 Series 320d Corporate Edition,9625
Hyundai i20 Active 1.4 SX Dual Tone,Kolkata,2015,27000,Diesel,Manual,First,21.19,1396.0,88.73,5,Hyundai,i20 Active 1.4 SX Dual Tone,6589
Mahindra Scorpio 2.6 DX,Chennai,2005,120000,Diesel,Manual,Second,12.7,2609.0,116.6,8,Mahindra,Scorpio 2.6 DX,3190
Ford Figo Diesel EXI,Kolkata,2011,37000,Diesel,Manual,First,20.0,1399.0,68.05,5,Ford,Figo Diesel EXI,1980
Honda Accord 2.4 Inspire M/T,Mumbai,2012,42000,Petrol,Manual,First,9.8,2354.0,180.0,5,Honda,Accord 2.4 Inspire M/T,6875
Hyundai i20 Sportz 1.4 CRDi,Bangalore,2013,60000,Diesel,Manual,First,21.9,1396.0,88.76,5,Hyundai,i20 Sportz 1.4 CRDi,5995
Hyundai Verna 1.6 SX VTVT (O) AT,Mumbai,2013,44000,Petrol,Automatic,First,17.1,1591.0,121.4,5,Hyundai,Verna 1.6 SX VTVT (O) AT,6160
Honda City i VTEC VX Option,Kolkata,2014,37000,Petrol,Manual,First,17.4,1497.0,117.3,5,Honda,City i VTEC VX Option,7095
Hyundai i20 Asta Optional with Sunroof 1.2,Mumbai,2012,50000,Petrol,Manual,First,18.5,1197.0,82.85,5,Hyundai,i20 Asta Optional with Sunroof 1.2,4070
Honda Brio S MT,Chennai,2013,58581,Petrol,Manual,First,19.4,1198.0,86.8,5,Honda,Brio S MT,3839
Hyundai i20 Sportz 1.4 CRDi,Kolkata,2013,25500,Diesel,Manual,First,21.9,1396.0,88.76,5,Hyundai,i20 Sportz 1.4 CRDi,3905
Maruti Grand Vitara 2.4 MT,Mumbai,2017,25000,Petrol,Manual,First,10.4,2393.0,163.5,5,Maruti,Grand Vitara 2.4 MT,9900
Maruti A-Star Vxi,Hyderabad,2011,53766,Petrol,Manual,First,19.0,998.0,66.1,5,Maruti,A-Star Vxi,2970
Mahindra XUV500 W10 2WD,Jaipur,2017,40000,Diesel,Manual,First,16.0,2179.0,140.0,7,Mahindra,XUV500 W10 2WD,17490
Maruti Swift RS VDI,Hyderabad,2013,73212,Diesel,Manual,First,22.9,1248.0,74.0,5,Maruti,Swift RS VDI,5720
BMW X1 sDrive20d,Mumbai,2014,69000,Diesel,Automatic,First,17.05,1995.0,184.0,5,BMW,X1 sDrive20d,17875
Volkswagen Passat 2.0 PD DSG,Mumbai,2007,61932,Diesel,Automatic,Second,14.3,1968.0,140.0,5,Volkswagen,Passat 2.0 PD DSG,3641
BMW X3 xDrive20d,Bangalore,2012,52000,Diesel,Automatic,First,16.09,1995.0,184.0,5,BMW,X3 xDrive20d,26400
Maruti Ritz VXi,Kolkata,2011,150000,Petrol,Manual,First,18.5,1197.0,85.8,5,Maruti,Ritz VXi,2750
Hyundai i20 Sportz 1.4 CRDi,Jaipur,2013,70933,Diesel,Manual,Second,21.9,1396.0,88.76,5,Hyundai,i20 Sportz 1.4 CRDi,4290
Maruti Swift VDI BSIV,Kolkata,2013,115195,Diesel,Manual,First,25.2,1248.0,74.0,5,Maruti,Swift VDI BSIV,4235
Mercedes-Benz New C-Class 200 Kompressor,Delhi,2011,62148,Petrol,Manual,First,11.7,1796.0,178.0,5,Mercedes-Benz,New C-Class 200 Kompressor,9680
Toyota Corolla Altis 1.8 GL,Chennai,2009,32000,Petrol,Manual,Second,14.28,1798.0,138.03,5,Toyota,Corolla Altis 1.8 GL,5445
Hyundai Verna 1.6 SX CRDi (O),Kolkata,2014,58000,Diesel,Manual,First,22.32,1582.0,126.32,5,Hyundai,Verna 1.6 SX CRDi (O),6325
Renault Duster 110PS Diesel RxZ,Kochi,2014,68598,Diesel,Manual,First,19.01,1461.0,108.45,5,Renault,Duster 110PS Diesel RxZ,6787
Maruti Swift Ldi BSIII,Chennai,2010,84072,Diesel,Manual,First,17.8,1248.0,75.0,5,Maruti,Swift Ldi BSIII,3795
Maruti Alto K10 VXI,Jaipur,2016,51264,Petrol,Manual,First,24.07,998.0,67.1,5,Maruti,Alto K10 VXI,3520
Hyundai Creta 1.6 SX Plus Petrol Automatic,Coimbatore,2017,21363,Petrol,Automatic,First,13.0,1591.0,121.3,5,Hyundai,Creta 1.6 SX Plus Petrol Automatic,14839
Mercedes-Benz CLA 200 CGI Sport,Delhi,2016,40000,Petrol,Automatic,First,15.04,1991.0,183.0,5,Mercedes-Benz,CLA 200 CGI Sport,26950
Honda CR-V 2.4 4WD AT,Kolkata,2015,35000,Petrol,Automatic,First,10.1,2354.0,152.0,5,Honda,CR-V 2.4 4WD AT,16170
Ford Ecosport 1.5 DV5 MT Trend,Hyderabad,2014,55000,Diesel,Manual,First,22.7,1498.0,89.84,5,Ford,Ecosport 1.5 DV5 MT Trend,6600
Mercedes-Benz E-Class 2015-2017 E250 CDI Avantgarde,Coimbatore,2016,43252,Diesel,Automatic,First,13.0,2143.0,204.0,5,Mercedes-Benz,E-Class 2015-2017 E250 CDI Avantgarde,37598
Hyundai Grand i10 CRDi Magna,Delhi,2014,42000,Diesel,Manual,First,24.0,1120.0,70.0,5,Hyundai,Grand i10 CRDi Magna,3850
Ford Fiesta 1.4 Duratec ZXI,Hyderabad,2006,69000,Petrol,Manual,First,16.6,1388.0,68.0,5,Ford,Fiesta 1.4 Duratec ZXI,2365
Hyundai Creta 1.6 SX Automatic Diesel,Kolkata,2018,14000,Diesel,Automatic,First,17.6,1582.0,126.2,5,Hyundai,Creta 1.6 SX Automatic Diesel,12375
Maruti A-Star Lxi,Delhi,2010,70000,Petrol,Manual,First,19.0,998.0,66.1,5,Maruti,A-Star Lxi,2200
Maruti Ritz LDi,Kochi,2015,35314,Diesel,Manual,First,23.2,1248.0,73.94,5,Maruti,Ritz LDi,4696
Honda City i VTEC SV,Kochi,2017,38691,Petrol,Manual,First,17.8,1497.0,117.3,5,Honda,City i VTEC SV,8448
Toyota Innova 2.5 GX (Diesel) 7 Seater,Coimbatore,2017,72717,Diesel,Manual,First,12.99,2494.0,100.6,7,Toyota,Innova 2.5 GX (Diesel) 7 Seater,15972
Skoda Rapid 1.5 TDI Elegance,Mumbai,2015,44000,Diesel,Manual,First,21.14,1498.0,103.52,5,Skoda,Rapid 1.5 TDI Elegance,6325
Ford Ecosport 1.5 Ti VCT MT Titanium,Mumbai,2017,27000,Petrol,Manual,First,15.8,1499.0,110.0,5,Ford,Ecosport 1.5 Ti VCT MT Titanium,9130
Maruti Celerio VXI AT,Chennai,2014,18500,Petrol,Automatic,First,23.1,998.0,67.04,5,Maruti,Celerio VXI AT,4345
Volkswagen Vento Petrol Highline,Mumbai,2014,45000,Petrol,Manual,First,15.04,1598.0,103.6,5,Volkswagen,Vento Petrol Highline,5280
Toyota Etios Cross 1.4 GD,Ahmedabad,2017,42000,Diesel,Manual,First,23.59,1364.0,67.04,5,Toyota,Etios Cross 1.4 GD,6875
Tata Indica Vista TDI LX,Jaipur,2012,90000,Diesel,Manual,First,19.4,1405.0,70.0,5,Tata,Indica Vista TDI LX,2750
Honda City i VTEC CVT VX,Pune,2014,82329,Petrol,Automatic,First,18.0,1497.0,117.3,5,Honda,City i VTEC CVT VX,8250
Honda City 1.5 V MT,Delhi,2010,80302,Petrol,Manual,First,17.0,1497.0,118.0,5,Honda,City 1.5 V MT,3850
Skoda Octavia Rider Classic 1.9 TDI,Hyderabad,2005,105000,Diesel,Manual,First,18.7,1896.0,66.0,5,Skoda,Octavia Rider Classic 1.9 TDI,2189
Toyota Corolla 1.8 J,Kolkata,2009,60000,Petrol,Manual,First,14.53,1798.0,138.0,5,Toyota,Corolla 1.8 J,2475
Toyota Etios G,Delhi,2014,70000,Petrol,Manual,First,16.78,1496.0,88.73,5,Toyota,Etios G,3575
BMW X1 sDrive20d,Bangalore,2016,45000,Diesel,Automatic,First,17.05,1995.0,184.0,5,BMW,X1 sDrive20d,31350
Honda City ZX CVT,Kolkata,2006,44000,Petrol,Automatic,First,16.4,1497.0,78.0,5,Honda,City ZX CVT,1650
Hyundai i20 Sportz 1.4 CRDi,Delhi,2017,25500,Diesel,Manual,First,22.54,1396.0,88.73,5,Hyundai,i20 Sportz 1.4 CRDi,7700
Mercedes-Benz E-Class E350 CDI,Delhi,2014,68000,Diesel,Automatic,First,13.0,2987.0,261.5,5,Mercedes-Benz,E-Class E350 CDI,30250
Hyundai Creta 1.6 CRDi SX Option,Ahmedabad,2015,61786,Diesel,Manual,First,19.67,1582.0,126.2,5,Hyundai,Creta 1.6 CRDi SX Option,11550
Audi Q3 2012-2015 2.0 TDI Quattro Premium Plus,Jaipur,2014,65000,Diesel,Automatic,Second,15.73,1968.0,174.33,5,Audi,Q3 2012-2015 2.0 TDI Quattro Premium Plus,23650
Land Rover Discovery Sport TD4 HSE,Delhi,2016,77000,Diesel,Automatic,First,12.63,2179.0,147.5,5,Land,Rover Discovery Sport TD4 HSE,38500
Skoda Rapid 1.5 TDI AT Elegance Plus,Hyderabad,2015,34000,Diesel,Automatic,First,21.66,1498.0,103.52,5,Skoda,Rapid 1.5 TDI AT Elegance Plus,8789
Maruti Celerio VXI AT,Coimbatore,2015,59751,Petrol,Automatic,First,23.1,998.0,67.04,5,Maruti,Celerio VXI AT,5368
Maruti Ciaz ZXi Plus,Mumbai,2015,30000,Petrol,Manual,First,20.73,1373.0,91.1,5,Maruti,Ciaz ZXi Plus,7205
Audi Q5 2.0 TDI Premium Plus,Coimbatore,2015,60146,Diesel,Automatic,First,14.16,1968.0,174.3,5,Audi,Q5 2.0 TDI Premium Plus,32604
Ford Figo Diesel Titanium,Coimbatore,2013,44731,Diesel,Manual,Second,20.0,1399.0,68.0,5,Ford,Figo Diesel Titanium,4774
Ford Ecosport 1.0 Ecoboost Titanium,Kochi,2014,43316,Petrol,Manual,First,18.88,999.0,123.37,5,Ford,Ecosport 1.0 Ecoboost Titanium,6842
Honda City 1.5 S MT,Delhi,2009,92000,Petrol,Manual,Second,17.0,1497.0,118.0,5,Honda,City 1.5 S MT,2475
Jaguar XF 2.2 Litre Luxury,Hyderabad,2015,50000,Diesel,Automatic,First,16.36,2179.0,187.7,5,Jaguar,XF 2.2 Litre Luxury,41800
Maruti Swift VXI BSIV,Mumbai,2008,69000,Petrol,Manual,Second,20.4,1197.0,81.8,5,Maruti,Swift VXI BSIV,2365
BMW 5 Series 520d Luxury Line,Coimbatore,2014,60280,Diesel,Automatic,First,22.48,1995.0,190.0,5,BMW,5 Series 520d Luxury Line,24695
Mercedes-Benz B Class B200 CDI,Coimbatore,2017,48161,Diesel,Automatic,First,15.0,2143.0,107.3,5,Mercedes-Benz,B Class B200 CDI,22957
Honda Brio S MT,Mumbai,2013,41000,Petrol,Manual,First,19.4,1198.0,86.8,5,Honda,Brio S MT,3410
Hyundai i20 Sportz 1.2,Mumbai,2016,6000,Petrol,Manual,First,18.6,1197.0,81.83,5,Hyundai,i20 Sportz 1.2,6545
Toyota Fortuner 3.0 Diesel,Delhi,2010,76000,Diesel,Manual,First,11.5,2982.0,171.0,7,Toyota,Fortuner 3.0 Diesel,10175
Hyundai i10 Sportz 1.1L,Mumbai,2011,15590,Petrol,Manual,First,19.81,1086.0,68.05,5,Hyundai,i10 Sportz 1.1L,2475
Hyundai i20 1.2 Sportz Option,Kochi,2016,69681,Petrol,Manual,First,17.0,1197.0,80.0,5,Hyundai,i20 1.2 Sportz Option,6743
Honda Amaze S AT i-Vtech,Pune,2014,49112,Petrol,Automatic,Second,15.5,1198.0,86.7,5,Honda,Amaze S AT i-Vtech,4169
Toyota Etios Liva GD,Mumbai,2011,74000,Diesel,Manual,First,23.59,1364.0,67.04,5,Toyota,Etios Liva GD,3960
Hyundai i10 Sportz 1.2 AT,Pune,2013,15200,Petrol,Automatic,Second,16.95,1197.0,78.9,5,Hyundai,i10 Sportz 1.2 AT,4235
Volkswagen Polo Diesel Trendline 1.2L,Hyderabad,2013,86300,Diesel,Manual,First,22.07,1199.0,73.9,5,Volkswagen,Polo Diesel Trendline 1.2L,4950
Maruti Baleno RS Petrol,Coimbatore,2018,26731,Petrol,Manual,First,21.1,998.0,100.0,5,Maruti,Baleno RS Petrol,9471
Hyundai i20 Sportz 1.4 CRDi,Ahmedabad,2016,74000,Diesel,Manual,First,21.9,1396.0,88.76,5,Hyundai,i20 Sportz 1.4 CRDi,7150
Toyota Corolla H4,Chennai,2005,83929,Petrol,Automatic,First,11.3,1794.0,125.0,5,Toyota,Corolla H4,2860
Toyota Innova 2.5 VX (Diesel) 7 Seater,Pune,2015,65000,Diesel,Manual,First,12.99,2494.0,100.6,7,Toyota,Innova 2.5 VX (Diesel) 7 Seater,16500
Maruti Celerio VXI AT Optional,Pune,2017,20000,Petrol,Automatic,First,23.1,998.0,67.04,5,Maruti,Celerio VXI AT Optional,5170
Skoda Octavia Elegance 2.0 TDI AT,Hyderabad,2015,122086,Diesel,Automatic,First,19.3,1968.0,141.0,5,Skoda,Octavia Elegance 2.0 TDI AT,14289
Honda Mobilio S i VTEC,Kochi,2018,35442,Petrol,Manual,First,17.3,1497.0,117.3,7,Honda,Mobilio S i VTEC,8052
Hyundai Verna 1.6 CRDi SX,Delhi,2015,62542,Diesel,Manual,Second,23.9,1582.0,126.2,5,Hyundai,Verna 1.6 CRDi SX,7150
Honda City 1.5 S MT,Coimbatore,2012,26671,Petrol,Manual,Second,17.0,1497.0,118.0,5,Honda,City 1.5 S MT,6237
Ford Classic 1.4 Duratorq Titanium,Chennai,2014,83500,Diesel,Manual,Second,19.68,1399.0,67.0,5,Ford,Classic 1.4 Duratorq Titanium,3300
Maruti Ciaz ZDi,Delhi,2015,46166,Diesel,Manual,Second,26.21,1248.0,88.5,5,Maruti,Ciaz ZDi,6050
Maruti Wagon R VXI BS IV,Pune,2015,25200,Petrol,Manual,First,18.9,998.0,67.1,5,Maruti,Wagon R VXI BS IV,3685
Audi A4 3.0 TDI Quattro,Coimbatore,2015,35463,Diesel,Automatic,First,14.94,2967.0,241.4,5,Audi,A4 3.0 TDI Quattro,27522
Toyota Camry Hybrid 2.5,Coimbatore,2017,23249,Petrol,Automatic,First,19.16,2487.0,175.67,5,Toyota,Camry Hybrid 2.5,28721
Hyundai i20 Asta 1.2,Coimbatore,2016,40310,Petrol,Manual,First,18.6,1197.0,81.83,5,Hyundai,i20 Asta 1.2,7799
Maruti SX4 Green Vxi (CNG),Delhi,2012,82069,CNG,Manual,First,15.285714285714286,1586.0,103.3,5,Maruti,SX4 Green Vxi (CNG),2915
Hyundai Grand i10 1.2 Kappa Asta,Delhi,2018,10000,Petrol,Manual,First,18.9,1197.0,81.86,5,Hyundai,Grand i10 1.2 Kappa Asta,7150
Volkswagen Polo Diesel Trendline 1.2L,Chennai,2012,94000,Diesel,Manual,First,22.07,1199.0,73.9,5,Volkswagen,Polo Diesel Trendline 1.2L,4950
Volkswagen Polo Petrol Comfortline 1.2L,Kochi,2012,52818,Petrol,Manual,First,16.47,1198.0,73.9,5,Volkswagen,Polo Petrol Comfortline 1.2L,4202
Renault Duster 85PS Diesel RxE,Jaipur,2013,61238,Diesel,Manual,First,20.45,1461.0,83.8,5,Renault,Duster 85PS Diesel RxE,5775
Skoda Superb Style 1.8 TSI AT,Coimbatore,2016,54253,Petrol,Automatic,First,14.67,1798.0,177.46,5,Skoda,Superb Style 1.8 TSI AT,18491
Audi Q5 2.0 TDI,Delhi,2013,71000,Diesel,Automatic,First,14.16,1968.0,174.3,5,Audi,Q5 2.0 TDI,23650
Maruti Baleno Delta 1.3,Hyderabad,2017,20000,Diesel,Manual,First,27.39,1248.0,74.0,5,Maruti,Baleno Delta 1.3,9350
Volkswagen Polo Petrol Comfortline 1.2L,Delhi,2013,75000,Petrol,Manual,First,16.47,1198.0,73.9,5,Volkswagen,Polo Petrol Comfortline 1.2L,3575
Mitsubishi Pajero Sport 4X4 AT,Coimbatore,2019,11827,Diesel,Automatic,First,13.5,2477.0,175.56,6,Mitsubishi,Pajero Sport 4X4 AT,29821
Maruti Ciaz VXi Plus,Mumbai,2015,51579,Petrol,Manual,First,20.73,1373.0,91.1,5,Maruti,Ciaz VXi Plus,6545
Renault Duster 85PS Diesel RxL Option,Kochi,2015,65178,Diesel,Manual,First,19.87,1461.0,83.8,5,Renault,Duster 85PS Diesel RxL Option,7469
Hyundai EON D Lite Plus Option,Mumbai,2016,25350,Petrol,Manual,First,21.1,814.0,55.2,5,Hyundai,EON D Lite Plus Option,2805
Honda CR-V 2.4 MT,Pune,2008,92000,Petrol,Manual,Second,10.8,2354.0,152.0,5,Honda,CR-V 2.4 MT,4070
Hyundai Verna 1.6 SX VTVT,Bangalore,2014,45000,Petrol,Manual,Second,17.01,1591.0,121.3,5,Hyundai,Verna 1.6 SX VTVT,7425
Toyota Corolla Altis JS MT,Kolkata,2015,46000,Petrol,Manual,First,14.28,1798.0,138.03,5,Toyota,Corolla Altis JS MT,7645
Maruti SX4 ZXI MT BSIV,Kochi,2011,79940,Petrol,Manual,First,15.5,1586.0,103.3,5,Maruti,SX4 ZXI MT BSIV,3058
Volkswagen Polo Petrol Comfortline 1.2L,Coimbatore,2016,28851,Petrol,Manual,First,16.47,1198.0,73.9,5,Volkswagen,Polo Petrol Comfortline 1.2L,6798
Audi Q5 30 TDI quattro Premium Plus,Bangalore,2015,63000,Diesel,Automatic,First,14.16,1968.0,174.3,5,Audi,Q5 30 TDI quattro Premium Plus,39600
Honda City 1.5 V MT,Coimbatore,2012,77283,Petrol,Manual,First,17.0,1497.0,118.0,5,Honda,City 1.5 V MT,6391
Maruti Wagon R VXI,Pune,2014,38958,Petrol,Manual,First,22.5,998.0,67.04,5,Maruti,Wagon R VXI,3751
Mitsubishi Pajero Sport 4X4 AT,Bangalore,2018,8900,Diesel,Automatic,First,13.5,2477.0,175.56,6,Mitsubishi,Pajero Sport 4X4 AT,29150
Skoda Octavia Elegance 1.8 TSI AT,Hyderabad,2015,38000,Petrol,Automatic,First,14.7,1798.0,177.5,5,Skoda,Octavia Elegance 1.8 TSI AT,17600
Hyundai Creta 1.6 CRDi SX Option,Kochi,2017,44887,Diesel,Manual,First,19.67,1582.0,126.2,5,Hyundai,Creta 1.6 CRDi SX Option,13343
Honda City V MT,Pune,2013,100000,Petrol,Manual,First,16.8,1497.0,116.3,5,Honda,City V MT,6875
Datsun redi-GO S,Chennai,2016,26239,Petrol,Manual,First,22.7,799.0,53.0,5,Datsun,redi-GO S,3025
Skoda Yeti Ambition 4WD,Pune,2011,97000,Diesel,Manual,First,17.67,1968.0,138.08,5,Skoda,Yeti Ambition 4WD,6600
Mercedes-Benz B Class B180,Delhi,2013,28000,Petrol,Automatic,First,14.8,1595.0,120.7,5,Mercedes-Benz,B Class B180,12716
Volkswagen Polo GT TSI,Mumbai,2014,20364,Petrol,Automatic,Second,17.21,1197.0,103.6,5,Volkswagen,Polo GT TSI,5720
Ford EcoSport 1.5 TDCi Titanium,Coimbatore,2014,64637,Diesel,Manual,First,22.77,1498.0,98.59,5,Ford,EcoSport 1.5 TDCi Titanium,8272
Hyundai Creta 1.6 SX Plus Dual Tone Petrol,Coimbatore,2017,15731,Petrol,Manual,First,15.29,1591.0,121.3,5,Hyundai,Creta 1.6 SX Plus Dual Tone Petrol,13739
Toyota Fortuner 2.8 2WD MT,Coimbatore,2019,56251,Diesel,Manual,First,14.24,2755.0,174.5,7,Toyota,Fortuner 2.8 2WD MT,39402
Maruti Swift Dzire ZXI,Chennai,2017,28000,Petrol,Manual,First,20.85,1197.0,83.14,5,Maruti,Swift Dzire ZXI,6875
Hyundai i20 1.2 Asta with AVN,Coimbatore,2015,20045,Petrol,Manual,First,17.0,1197.0,80.0,5,Hyundai,i20 1.2 Asta with AVN,6842
Honda BR-V i-VTEC S MT,Bangalore,2016,34004,Petrol,Manual,First,15.4,1497.0,117.3,7,Honda,BR-V i-VTEC S MT,8822
Maruti Celerio ZXI,Mumbai,2014,21000,Petrol,Manual,First,23.1,998.0,67.04,5,Maruti,Celerio ZXI,4125
Hyundai i10 Magna 1.2 iTech SE,Kolkata,2012,31000,Petrol,Manual,First,20.36,1197.0,78.9,5,Hyundai,i10 Magna 1.2 iTech SE,2475
Toyota Etios Liva V,Mumbai,2013,8950,Petrol,Manual,First,17.71,1197.0,78.9,5,Toyota,Etios Liva V,3905
Mercedes-Benz E-Class 2015-2017 E250 Edition E,Coimbatore,2017,43477,Diesel,Automatic,First,15.0,2143.0,204.0,5,Mercedes-Benz,E-Class 2015-2017 E250 Edition E,41965
Hyundai EON D Lite Plus,Ahmedabad,2015,20000,Petrol,Manual,First,21.1,814.0,55.2,5,Hyundai,EON D Lite Plus,2926
Maruti Wagon R CNG LXI,Mumbai,2014,47200,CNG,Manual,First,23.95714285714286,998.0,67.04,5,Maruti,Wagon R CNG LXI,3135
Honda City 1.5 S MT,Bangalore,2011,60000,Petrol,Manual,First,17.0,1497.0,118.0,5,Honda,City 1.5 S MT,5445
Mercedes-Benz S-Class 280 AT,Chennai,2003,111000,Petrol,Automatic,First,13.0,2987.0,210.0,5,Mercedes-Benz,S-Class 280 AT,7150
Tata Indigo CS eVX,Pune,2016,52000,Diesel,Manual,Second,25.0,1396.0,69.01,5,Tata,Indigo CS eVX,2640
Hyundai Creta 1.6 VTVT S,Pune,2016,26000,Petrol,Manual,First,15.29,1591.0,121.3,5,Hyundai,Creta 1.6 VTVT S,13750
Maruti Wagon R LXI BS IV,Pune,2013,32425,Petrol,Manual,First,20.51,998.0,67.04,5,Maruti,Wagon R LXI BS IV,3300
Maruti Dzire VDI,Kochi,2017,54758,Diesel,Manual,First,28.4,1248.0,73.75,5,Maruti,Dzire VDI,7337
Ford Ikon 1.3 Flair,Coimbatore,2008,59833,Petrol,Manual,Fourth & Above,13.8,1299.0,70.0,5,Ford,Ikon 1.3 Flair,2167
Volkswagen Polo Petrol Comfortline 1.2L,Kolkata,2013,30000,Petrol,Manual,First,16.47,1198.0,73.9,5,Volkswagen,Polo Petrol Comfortline 1.2L,3080
Hyundai i10 Magna 1.2,Jaipur,2011,40496,Petrol,Manual,First,20.36,1197.0,78.9,5,Hyundai,i10 Magna 1.2,2915
Chevrolet Enjoy 1.3 TCDi LTZ 8,Chennai,2014,45000,Diesel,Manual,First,18.2,1248.0,73.74,8,Chevrolet,Enjoy 1.3 TCDi LTZ 8,5225
Mercedes-Benz E-Class 200 Kompressor Elegance,Bangalore,2011,34000,Petrol,Automatic,Second,10.5,1796.0,157.7,5,Mercedes-Benz,E-Class 200 Kompressor Elegance,20900
Maruti Swift Vdi BSIII,Bangalore,2012,62000,Diesel,Manual,First,17.8,1248.0,75.0,5,Maruti,Swift Vdi BSIII,4950
Mahindra XUV500 W8 4WD,Hyderabad,2012,123600,Diesel,Manual,First,15.1,2179.0,140.0,7,Mahindra,XUV500 W8 4WD,9075
Toyota Etios Liva G,Pune,2014,80102,Petrol,Manual,First,17.71,1197.0,78.9,5,Toyota,Etios Liva G,3850
Mahindra XUV500 W8 4WD,Pune,2013,55000,Diesel,Manual,First,15.1,2179.0,140.0,7,Mahindra,XUV500 W8 4WD,9350
Hyundai Creta 1.6 VTVT S,Hyderabad,2015,48200,Petrol,Manual,First,15.29,1591.0,121.3,5,Hyundai,Creta 1.6 VTVT S,9900
Honda City i DTEC SV,Hyderabad,2014,90000,Diesel,Manual,First,26.0,1498.0,98.6,5,Honda,City i DTEC SV,7425
Maruti Swift Dzire VDi,Hyderabad,2014,123900,Diesel,Manual,First,19.3,1248.0,73.9,5,Maruti,Swift Dzire VDi,5940
Maruti Wagon R LXI BS IV,Delhi,2015,13008,Petrol,Manual,First,20.51,998.0,67.04,5,Maruti,Wagon R LXI BS IV,3850
Hyundai EON Era Plus,Hyderabad,2012,60500,Petrol,Manual,First,21.1,814.0,55.2,5,Hyundai,EON Era Plus,2860
Toyota Innova Crysta 2.8 ZX AT,Bangalore,2017,53841,Diesel,Automatic,First,11.36,2755.0,171.5,7,Toyota,Innova Crysta 2.8 ZX AT,22550
Hyundai Creta 1.6 SX Option,Kochi,2017,47183,Petrol,Manual,Second,15.8,1591.0,121.3,5,Hyundai,Creta 1.6 SX Option,12441
Maruti Wagon R VXI Plus,Kolkata,2018,10000,Petrol,Manual,First,20.51,998.0,67.04,5,Maruti,Wagon R VXI Plus,4950
Mercedes-Benz GL-Class 350 CDI Blue Efficiency,Chennai,2015,45000,Diesel,Automatic,First,11.3,2987.0,254.8,7,Mercedes-Benz,GL-Class 350 CDI Blue Efficiency,61600
Mahindra Scorpio SLE BSIV,Delhi,2011,85000,Diesel,Manual,First,12.05,2179.0,120.0,8,Mahindra,Scorpio SLE BSIV,5775
Datsun redi-GO T Option,Kochi,2018,6279,Petrol,Manual,First,22.7,799.0,53.64,5,Datsun,redi-GO T Option,3960
Fiat Grande Punto EVO 1.3 Active,Pune,2014,74500,Diesel,Manual,First,21.2,1248.0,75.0,5,Fiat,Grande Punto EVO 1.3 Active,3630
Hyundai Elantra CRDi SX,Kolkata,2013,42000,Diesel,Manual,First,22.7,1582.0,126.24,5,Hyundai,Elantra CRDi SX,6435
Maruti Swift Dzire LXI,Delhi,2014,56510,Petrol,Manual,First,19.1,1197.0,85.8,5,Maruti,Swift Dzire LXI,4290
Audi A4 2.0 TDI Multitronic,Delhi,2009,88000,Diesel,Automatic,First,16.55,1968.0,140.0,5,Audi,A4 2.0 TDI Multitronic,8778
Honda Brio VX AT,Mumbai,2014,36631,Petrol,Automatic,First,16.5,1198.0,86.8,5,Honda,Brio VX AT,4730
Maruti Wagon R LXI BS IV,Kolkata,2011,34000,Petrol,Manual,First,18.9,998.0,67.1,5,Maruti,Wagon R LXI BS IV,2475
Hyundai i10 Magna 1.1,Ahmedabad,2013,49000,Petrol,Manual,First,19.81,1086.0,68.05,5,Hyundai,i10 Magna 1.1,3520
Hyundai Verna 1.6 SX,Hyderabad,2012,65254,Diesel,Manual,First,22.32,1582.0,126.32,5,Hyundai,Verna 1.6 SX,7205
Hyundai Verna 1.6 SX,Bangalore,2014,95000,Diesel,Manual,Second,22.32,1582.0,126.32,5,Hyundai,Verna 1.6 SX,7590
Maruti Ritz VDi,Chennai,2009,83000,Diesel,Manual,First,23.2,1248.0,73.94,5,Maruti,Ritz VDi,3245
Hyundai Creta 1.6 SX Option Diesel,Coimbatore,2017,101065,Diesel,Manual,First,20.5,1582.0,126.2,5,Hyundai,Creta 1.6 SX Option Diesel,12595
Maruti Baleno Delta,Kochi,2017,15134,Petrol,Manual,First,21.4,1197.0,83.1,5,Maruti,Baleno Delta,7007
Hyundai Verna 1.6 CRDI,Jaipur,2011,72000,Diesel,Manual,First,22.32,1582.0,126.3,5,Hyundai,Verna 1.6 CRDI,5500
Tata Indica Vista Quadrajet VX,Chennai,2012,120000,Diesel,Manual,Second,22.3,1248.0,74.0,5,Tata,Indica Vista Quadrajet VX,2860
Hyundai i20 1.2 Magna,Kolkata,2010,45000,Petrol,Manual,First,18.5,1197.0,80.0,5,Hyundai,i20 1.2 Magna,2090
Maruti Eeco Smiles 5 Seater AC,Coimbatore,2017,22874,Petrol,Manual,First,15.1,1196.0,73.0,5,Maruti,Eeco Smiles 5 Seater AC,4884
BMW 3 Series 320d Sport,Chennai,2012,58000,Diesel,Automatic,Second,22.69,1995.0,190.0,5,BMW,3 Series 320d Sport,16830
Maruti Ertiga VDI,Chennai,2016,86000,Diesel,Manual,Second,25.47,1248.0,88.5,7,Maruti,Ertiga VDI,9020
Hyundai Xcent 1.2 Kappa AT S Option,Ahmedabad,2014,69000,Petrol,Automatic,First,16.9,1197.0,81.86,5,Hyundai,Xcent 1.2 Kappa AT S Option,5775
Volkswagen Vento 1.2 TSI Highline AT,Pune,2016,55001,Petrol,Automatic,Second,16.93,1197.0,103.2,5,Volkswagen,Vento 1.2 TSI Highline AT,9350
Audi Q3 35 TDI Quattro Premium,Chennai,2015,28000,Diesel,Automatic,First,15.73,1968.0,174.33,5,Audi,Q3 35 TDI Quattro Premium,26125
Hyundai i10 Magna 1.1,Delhi,2013,53213,Petrol,Manual,First,19.81,1086.0,68.05,5,Hyundai,i10 Magna 1.1,3014
Volkswagen Jetta 2013-2015 2.0L TDI Highline AT,Coimbatore,2016,44340,Diesel,Automatic,First,16.96,1968.0,138.03,5,Volkswagen,Jetta 2013-2015 2.0L TDI Highline AT,15213
Maruti Baleno RS 1.0 Petrol,Mumbai,2017,16900,Petrol,Manual,First,21.1,998.0,100.0,5,Maruti,Baleno RS 1.0 Petrol,7689
Hyundai i10 Era,Jaipur,2009,57000,Petrol,Manual,First,19.81,1086.0,68.05,5,Hyundai,i10 Era,2475
Toyota Innova 2.5 G4 Diesel 8-seater,Hyderabad,2013,83165,Diesel,Manual,First,12.8,2494.0,102.0,8,Toyota,Innova 2.5 G4 Diesel 8-seater,12639
Chevrolet Beat LT,Coimbatore,2012,24735,Petrol,Manual,Second,18.6,1199.0,79.4,5,Chevrolet,Beat LT,3157
Toyota Innova 2.5 G3,Kolkata,2005,65175,Diesel,Manual,First,12.8,2494.0,102.0,8,Toyota,Innova 2.5 G3,3575
Honda Accord 2.4 Inspire M/T,Pune,2009,60000,Petrol,Manual,Second,9.8,2354.0,180.0,5,Honda,Accord 2.4 Inspire M/T,3850
Mahindra KUV 100 mFALCON D75 K4 Plus,Kochi,2017,60357,Diesel,Manual,First,25.32,1198.0,77.0,6,Mahindra,KUV 100 mFALCON D75 K4 Plus,4939
Volkswagen Polo Diesel Trendline 1.2L,Jaipur,2011,77000,Diesel,Manual,First,22.07,1199.0,73.9,5,Volkswagen,Polo Diesel Trendline 1.2L,3190
Toyota Innova 2.0 GX 8 STR,Coimbatore,2014,85301,Petrol,Manual,First,12.4,1998.0,132.0,8,Toyota,Innova 2.0 GX 8 STR,13596
Mahindra Scorpio VLX AT AIRBAG BSIV,Mumbai,2011,50000,Diesel,Automatic,First,11.79,2179.0,120.0,8,Mahindra,Scorpio VLX AT AIRBAG BSIV,6600
BMW 7 Series 730Ld Sedan,Chennai,2010,58000,Diesel,Automatic,First,16.46,2993.0,258.0,5,BMW,7 Series 730Ld Sedan,34100
Honda City i-DTEC SV,Kolkata,2015,39000,Diesel,Manual,First,25.6,1498.0,98.6,5,Honda,City i-DTEC SV,6039
Volkswagen Polo Diesel Comfortline 1.2L,Coimbatore,2015,46190,Diesel,Manual,First,22.07,1199.0,73.9,5,Volkswagen,Polo Diesel Comfortline 1.2L,6446
Mahindra XUV500 W8 2WD,Mumbai,2015,83000,Diesel,Manual,First,16.0,2179.0,140.0,7,Mahindra,XUV500 W8 2WD,9900
Volkswagen Vento 1.6 Highline,Jaipur,2016,33000,Petrol,Manual,First,16.09,1598.0,103.5,5,Volkswagen,Vento 1.6 Highline,8470
Honda City i VTEC V,Coimbatore,2017,27279,Petrol,Manual,First,17.4,1497.0,117.3,5,Honda,City i VTEC V,10417
Audi Q5 2.0 TDI Premium Plus,Bangalore,2014,53900,Diesel,Automatic,First,14.16,1968.0,174.3,5,Audi,Q5 2.0 TDI Premium Plus,31900
Honda City 1.5 V AT Exclusive,Kochi,2012,63998,Petrol,Automatic,First,17.0,1497.0,118.0,5,Honda,City 1.5 V AT Exclusive,5962
Maruti Swift VXI BSIV,Coimbatore,2016,57932,Petrol,Manual,First,20.4,1197.0,81.8,5,Maruti,Swift VXI BSIV,7029
Maruti Alto 800 LXI,Jaipur,2015,25000,Petrol,Manual,First,22.74,796.0,47.3,5,Maruti,Alto 800 LXI,3025
Ford Figo Diesel Titanium,Chennai,2011,169000,Diesel,Manual,First,20.0,1399.0,68.0,5,Ford,Figo Diesel Titanium,2750
Hyundai Santro Xing GL Plus,Delhi,2012,53000,Petrol,Manual,First,17.92,1086.0,62.1,5,Hyundai,Santro Xing GL Plus,2585
Maruti Wagon R VXI,Coimbatore,2015,43053,Petrol,Manual,First,18.9,998.0,67.1,5,Maruti,Wagon R VXI,5115
Honda City i DTEC SV,Ahmedabad,2014,75000,Diesel,Manual,First,26.0,1498.0,98.6,5,Honda,City i DTEC SV,6600
Honda City V MT AVN,Pune,2012,89000,Petrol,Manual,Second,16.8,1497.0,116.3,5,Honda,City V MT AVN,3850
Honda City i DTEC VX,Hyderabad,2014,75578,Diesel,Manual,First,25.1,1498.0,98.6,5,Honda,City i DTEC VX,7700
Hyundai Verna VTVT 1.6 SX,Bangalore,2014,46676,Petrol,Manual,First,17.0,1591.0,121.3,5,Hyundai,Verna VTVT 1.6 SX,8525
Maruti Alto K10 LXI,Kochi,2014,51349,Petrol,Manual,First,24.07,998.0,67.1,5,Maruti,Alto K10 LXI,3223
Mercedes-Benz E-Class 2009-2013 E250 CDI Avantgarde,Kolkata,2014,34233,Diesel,Automatic,First,14.21,2143.0,203.0,5,Mercedes-Benz,E-Class 2009-2013 E250 CDI Avantgarde,24750
BMW X6 xDrive30d,Coimbatore,2014,39626,Diesel,Automatic,First,11.2,2993.0,241.0,4,BMW,X6 xDrive30d,44725
Maruti Wagon R LXI BSIII,Pune,2008,82500,Petrol,Manual,First,14.0,1061.0,64.0,5,Maruti,Wagon R LXI BSIII,1925
Renault Duster RXZ AWD,Hyderabad,2015,63000,Diesel,Manual,Second,19.72,1461.0,108.45,5,Renault,Duster RXZ AWD,9020
Mahindra Scorpio VLX 2.2 mHawk Airbag BSIV,Delhi,2011,77001,Diesel,Manual,First,12.05,2179.0,120.0,8,Mahindra,Scorpio VLX 2.2 mHawk Airbag BSIV,4939
Ford Endeavour 3.2 Trend AT 4X4,Chennai,2016,43000,Diesel,Automatic,First,10.91,3198.0,197.2,7,Ford,Endeavour 3.2 Trend AT 4X4,29150
Maruti Zen Estilo LXI BS IV,Hyderabad,2011,61111,Petrol,Manual,First,19.0,998.0,67.1,5,Maruti,Zen Estilo LXI BS IV,2860
Hyundai i10 Asta,Kolkata,2011,43000,Petrol,Manual,First,20.36,1197.0,78.9,5,Hyundai,i10 Asta,2739
Honda Brio VX AT,Hyderabad,2013,47000,Petrol,Automatic,First,16.5,1198.0,86.8,5,Honda,Brio VX AT,5940
Maruti Wagon R AMT VXI,Jaipur,2017,34000,Petrol,Automatic,First,20.51,998.0,67.0,5,Maruti,Wagon R AMT VXI,4785
Audi Q3 30 TDI Premium FWD,Coimbatore,2018,22060,Diesel,Automatic,First,18.51,1968.0,147.51,5,Audi,Q3 30 TDI Premium FWD,36003
Mercedes-Benz M-Class ML 350 4Matic,Chennai,2012,63000,Diesel,Automatic,First,0.0,2987.0,165.0,5,Mercedes-Benz,M-Class ML 350 4Matic,28600
Maruti Wagon R LXI,Jaipur,2011,80000,Petrol,Manual,First,18.9,998.0,67.1,5,Maruti,Wagon R LXI,2750
Audi A4 35 TDI Premium Plus,Kochi,2015,13506,Diesel,Automatic,First,18.25,1968.0,187.74,5,Audi,A4 35 TDI Premium Plus,23826
Renault KWID RXT Optional,Mumbai,2016,16000,Petrol,Manual,First,25.17,799.0,53.3,5,Renault,KWID RXT Optional,3289
Maruti Alto 800 2016-2019 VXI,Kolkata,2016,31006,Petrol,Manual,First,24.7,796.0,47.3,5,Maruti,Alto 800 2016-2019 VXI,2871
Toyota Innova 2.5 GX (Diesel) 8 Seater,Delhi,2013,91200,Diesel,Manual,First,12.99,2494.0,100.0,8,Toyota,Innova 2.5 GX (Diesel) 8 Seater,9075
Toyota Corolla Altis 2008-2013 1.8 VL AT,Pune,2015,43000,Petrol,Automatic,First,14.53,1794.0,138.1,5,Toyota,Corolla Altis 2008-2013 1.8 VL AT,13750
Ford Figo 2015-2019 1.5D Titanium Plus MT,Hyderabad,2015,45000,Diesel,Manual,First,25.83,1498.0,99.0,5,Ford,Figo 2015-2019 1.5D Titanium Plus MT,6050
Honda Brio S MT,Coimbatore,2014,28637,Petrol,Manual,First,19.4,1198.0,86.8,5,Honda,Brio S MT,6083
Ford Ikon 1.6 ZXI NXt,Pune,2004,69870,Petrol,Manual,Second,14.2,1597.0,92.0,5,Ford,Ikon 1.6 ZXI NXt,1210
Mahindra Scorpio 2009-2014 LX 2WD 7S,Mumbai,2014,84000,Diesel,Manual,First,12.05,2179.0,120.0,7,Mahindra,Scorpio 2009-2014 LX 2WD 7S,7535
Mercedes-Benz S-Class 320 L,Coimbatore,2007,84143,Petrol,Manual,First,13.0,2987.0,210.0,5,Mercedes-Benz,S-Class 320 L,18799
Mahindra Scorpio SLE BSIV,Delhi,2012,77000,Diesel,Manual,Second,12.05,2179.0,120.0,8,Mahindra,Scorpio SLE BSIV,5423
Land Rover Freelander 2 SE,Ahmedabad,2012,75000,Diesel,Automatic,Second,12.39,2179.0,147.51,5,Land,Rover Freelander 2 SE,19250
Chevrolet Beat LS,Delhi,2011,76155,Petrol,Manual,First,18.6,1199.0,79.4,5,Chevrolet,Beat LS,2145
Maruti Swift ZDi,Bangalore,2014,98000,Diesel,Manual,First,22.9,1248.0,74.0,5,Maruti,Swift ZDi,6710
Toyota Corolla H2,Mumbai,2008,48233,Petrol,Manual,Second,13.4,1794.0,125.0,5,Toyota,Corolla H2,1980
Audi Q5 3.0 TDI Quattro,Bangalore,2015,63000,Diesel,Automatic,First,13.22,2967.0,241.4,5,Audi,Q5 3.0 TDI Quattro,37950
Hyundai EON Era Plus,Coimbatore,2015,34063,Petrol,Manual,First,21.1,814.0,55.2,5,Hyundai,EON Era Plus,4411
Honda Amaze S Petrol,Kolkata,2013,32576,Petrol,Manual,First,19.5,1199.0,88.76,5,Honda,Amaze S Petrol,3465
Ford Figo Aspire 1.5 Ti-VCT Titanium,Mumbai,2015,28843,Petrol,Automatic,First,17.01,1499.0,110.5,5,Ford,Figo Aspire 1.5 Ti-VCT Titanium,6039
Renault Duster 110PS Diesel RxL AMT,Bangalore,2016,26000,Diesel,Automatic,Second,19.6,1461.0,108.45,5,Renault,Duster 110PS Diesel RxL AMT,11000
Honda City V AT,Kolkata,2013,39000,Petrol,Automatic,First,15.6,1497.0,116.3,5,Honda,City V AT,5005
Hyundai i10 Magna 1.2,Kolkata,2011,38002,Petrol,Manual,First,20.36,1197.0,78.9,5,Hyundai,i10 Magna 1.2,2365
Chevrolet Spark 1.0 LS,Chennai,2010,49000,Petrol,Manual,Second,18.0,995.0,62.0,5,Chevrolet,Spark 1.0 LS,1540
Skoda Rapid 1.5 TDI Ambition Plus,Bangalore,2014,52000,Diesel,Manual,First,21.14,1498.0,103.6,5,Skoda,Rapid 1.5 TDI Ambition Plus,6820
Audi A6 2011-2015 2.0 TDI Premium Plus,Mumbai,2013,56500,Diesel,Automatic,First,17.68,1968.0,174.33,5,Audi,A6 2011-2015 2.0 TDI Premium Plus,21780
Honda Jazz 1.2 V i VTEC,Mumbai,2015,20568,Petrol,Manual,First,18.7,1199.0,88.7,5,Honda,Jazz 1.2 V i VTEC,6160
Hyundai Creta 1.6 SX Plus Dual Tone Petrol,Mumbai,2015,26000,Petrol,Manual,First,15.29,1591.0,121.3,5,Hyundai,Creta 1.6 SX Plus Dual Tone Petrol,10450
Chevrolet Beat LS,Delhi,2012,56000,Petrol,Manual,First,18.6,1199.0,79.4,5,Chevrolet,Beat LS,2431
Datsun redi-GO T Option,Coimbatore,2017,27509,Petrol,Manual,First,22.7,799.0,53.64,5,Datsun,redi-GO T Option,3641
Hyundai Xcent 1.2 Kappa S Option,Kochi,2016,36216,Petrol,Manual,First,19.1,1197.0,81.86,5,Hyundai,Xcent 1.2 Kappa S Option,5984
Mercedes-Benz E-Class 230 E AT,Kolkata,2009,28888,Petrol,Automatic,First,10.0,2496.0,157.7,5,Mercedes-Benz,E-Class 230 E AT,8316
Maruti Swift ZDi,Jaipur,2011,120000,Diesel,Manual,Second,22.9,1248.0,74.0,5,Maruti,Swift ZDi,3520
Maruti Celerio ZXI,Kochi,2018,31396,Petrol,Manual,First,23.1,998.0,67.04,5,Maruti,Celerio ZXI,6083
Skoda Octavia Elegance 2.0 TDI AT,Hyderabad,2015,79000,Diesel,Automatic,First,19.3,1968.0,141.0,5,Skoda,Octavia Elegance 2.0 TDI AT,18700
Honda City 1.5 V AT,Delhi,2010,62000,Petrol,Automatic,First,16.8,1497.0,118.0,5,Honda,City 1.5 V AT,3905
Honda Accord V6 AT,Chennai,2006,120000,Petrol,Automatic,Second,9.0,2997.0,218.0,5,Honda,Accord V6 AT,2915
Skoda Superb Style 1.8 TSI AT,Mumbai,2016,53000,Petrol,Automatic,First,14.67,1798.0,177.46,5,Skoda,Superb Style 1.8 TSI AT,19635
Toyota Innova 2.5 G (Diesel) 8 Seater,Coimbatore,2010,124313,Diesel,Manual,First,12.99,2494.0,100.6,8,Toyota,Innova 2.5 G (Diesel) 8 Seater,8756
Maruti Celerio VXI AT,Pune,2015,26725,Petrol,Automatic,First,23.1,998.0,67.04,5,Maruti,Celerio VXI AT,4675
Maruti Ertiga VDI,Kolkata,2014,45617,Diesel,Manual,First,20.77,1248.0,88.76,7,Maruti,Ertiga VDI,6435
Mercedes-Benz A Class A180 CDI,Mumbai,2013,37000,Diesel,Automatic,First,20.0,2143.0,107.3,5,Mercedes-Benz,A Class A180 CDI,14300
Mahindra Xylo E2,Kochi,2010,109147,Diesel,Manual,First,14.0,2498.0,112.0,8,Mahindra,Xylo E2,2915
Honda Amaze E i-Dtech,Ahmedabad,2014,59000,Diesel,Manual,First,25.8,1498.0,98.6,5,Honda,Amaze E i-Dtech,5225
Renault KWID RXT,Pune,2015,28000,Petrol,Manual,First,25.17,799.0,53.3,5,Renault,KWID RXT,2915
Renault KWID RXT,Pune,2017,4700,Petrol,Manual,First,25.17,799.0,53.3,5,Renault,KWID RXT,3300
Audi Q7 3.0 TDI Quattro Premium Plus,Coimbatore,2014,72469,Diesel,Automatic,First,12.07,2967.0,241.4,7,Audi,Q7 3.0 TDI Quattro Premium Plus,35772
Hyundai Verna 1.6 SX CRDI (O) AT,Pune,2014,57539,Diesel,Automatic,First,22.32,1582.0,126.32,5,Hyundai,Verna 1.6 SX CRDI (O) AT,8525
Toyota Innova Crysta 2.8 ZX AT,Delhi,2016,42000,Diesel,Automatic,First,11.36,2755.0,171.5,7,Toyota,Innova Crysta 2.8 ZX AT,21560
Hyundai i20 Sportz Option,Delhi,2010,62489,Petrol,Manual,First,17.0,1197.0,80.0,5,Hyundai,i20 Sportz Option,2860
Volkswagen Polo Petrol Comfortline 1.2L,Mumbai,2013,51167,Petrol,Manual,First,16.47,1198.0,73.9,5,Volkswagen,Polo Petrol Comfortline 1.2L,4136
Volkswagen Vento Diesel Trendline,Chennai,2012,130000,Diesel,Manual,First,20.54,1598.0,103.6,5,Volkswagen,Vento Diesel Trendline,5225
Honda City ZX GXi,Mumbai,2007,63000,Petrol,Manual,Second,17.7,1497.0,78.0,5,Honda,City ZX GXi,1925
Hyundai Verna Transform Xxi ABS,Bangalore,2011,60000,Petrol,Manual,First,16.2,1599.0,103.2,5,Hyundai,Verna Transform Xxi ABS,4345
Hyundai Accent GLE,Pune,2005,123200,Petrol,Manual,Second,13.2,1495.0,94.0,5,Hyundai,Accent GLE,1100
Skoda Laura Ambiente 2.0 TDI CR AT,Jaipur,2011,115692,Diesel,Automatic,First,20.0,1968.0,138.1,5,Skoda,Laura Ambiente 2.0 TDI CR AT,4950
Mercedes-Benz E-Class 2009-2013 E 250 Elegance,Coimbatore,2011,87073,Petrol,Automatic,First,10.93,2497.0,204.0,5,Mercedes-Benz,E-Class 2009-2013 E 250 Elegance,18953
Hyundai i20 Sportz 1.2,Kochi,2015,40901,Petrol,Manual,First,18.6,1197.0,81.83,5,Hyundai,i20 Sportz 1.2,6336
Hyundai i10 Magna 1.2,Coimbatore,2013,36264,Petrol,Manual,First,20.36,1197.0,78.9,5,Hyundai,i10 Magna 1.2,4752
Hyundai i10 Magna 1.1L,Delhi,2009,60000,Petrol,Manual,Second,19.81,1086.0,68.05,5,Hyundai,i10 Magna 1.1L,2090
Volkswagen Ameo 1.2 MPI Anniversary Edition,Pune,2018,20000,Petrol,Manual,First,17.0,1198.0,74.0,5,Volkswagen,Ameo 1.2 MPI Anniversary Edition,6050
Toyota Camry 2.5 G,Mumbai,2014,68400,Petrol,Automatic,First,12.98,2494.0,178.4,5,Toyota,Camry 2.5 G,14850
Mahindra XUV500 W8 2WD,Bangalore,2013,71231,Diesel,Manual,Second,16.0,2179.0,140.0,7,Mahindra,XUV500 W8 2WD,10725
Skoda Superb Elegance 2.0 TDI CR AT,Hyderabad,2011,75000,Diesel,Automatic,First,17.2,1968.0,138.1,5,Skoda,Superb Elegance 2.0 TDI CR AT,10384
Maruti Vitara Brezza ZDi Plus Dual Tone,Pune,2016,47300,Diesel,Manual,First,24.3,1248.0,88.5,5,Maruti,Vitara Brezza ZDi Plus Dual Tone,9735
Hyundai Santro Xing GL,Delhi,2012,61449,Petrol,Manual,First,0.0,1086.0,62.0,5,Hyundai,Santro Xing GL,2365
Volkswagen Vento Diesel Comfortline,Kochi,2013,47910,Diesel,Manual,First,20.54,1598.0,103.6,5,Volkswagen,Vento Diesel Comfortline,5379
Volkswagen Polo 1.5 TDI Highline,Hyderabad,2015,62000,Diesel,Manual,First,20.14,1498.0,88.8,5,Volkswagen,Polo 1.5 TDI Highline,6875
Maruti Swift ZDi,Chennai,2012,65060,Diesel,Manual,First,22.9,1248.0,74.0,5,Maruti,Swift ZDi,5280
Hyundai i10 Era 1.1,Jaipur,2008,82203,Petrol,Manual,First,19.81,1086.0,68.05,5,Hyundai,i10 Era 1.1,1980
Mahindra XUV500 W8 2WD,Kolkata,2013,44000,Diesel,Manual,First,16.0,2179.0,140.0,7,Mahindra,XUV500 W8 2WD,7975
Maruti Ertiga VDI,Coimbatore,2014,53817,Diesel,Manual,First,25.47,1248.0,88.5,7,Maruti,Ertiga VDI,8316
Mahindra XUV500 W8 2WD,Kochi,2013,61591,Diesel,Manual,First,16.0,2179.0,140.0,7,Mahindra,XUV500 W8 2WD,7502
Tata Manza Aura Quadrajet BS IV,Jaipur,2011,86500,Diesel,Manual,Second,21.12,1248.0,88.8,5,Tata,Manza Aura Quadrajet BS IV,1980
Mercedes-Benz E-Class 280 CDI,Pune,2009,100000,Diesel,Automatic,First,11.0,2987.0,198.5,5,Mercedes-Benz,E-Class 280 CDI,12650
Maruti SX4 Zxi with Leather BSIII,Chennai,2010,87000,Petrol,Manual,First,15.6,1586.0,104.68,5,Maruti,SX4 Zxi with Leather BSIII,3080
Maruti Wagon R AMT VXI,Hyderabad,2016,35000,Petrol,Automatic,First,20.51,998.0,67.0,5,Maruti,Wagon R AMT VXI,6050
Datsun GO NXT,Kolkata,2016,6000,Petrol,Manual,First,20.63,1198.0,67.06,5,Datsun,GO NXT,2970
Ford Figo Diesel ZXI,Jaipur,2014,59327,Diesel,Manual,First,20.0,1399.0,68.0,5,Ford,Figo Diesel ZXI,3575
Skoda Superb Elegance 2.0 TDI CR AT,Coimbatore,2014,81001,Diesel,Automatic,First,17.2,1968.0,138.1,5,Skoda,Superb Elegance 2.0 TDI CR AT,11990
Hyundai i20 1.2 Magna,Kochi,2014,44612,Petrol,Manual,First,18.5,1197.0,80.0,5,Hyundai,i20 1.2 Magna,4477
Toyota Innova Crysta 2.8 ZX AT,Ahmedabad,2016,42388,Diesel,Automatic,First,11.36,2755.0,171.5,7,Toyota,Innova Crysta 2.8 ZX AT,19800
Honda Brio V MT,Mumbai,2012,54000,Petrol,Manual,First,19.4,1198.0,86.8,5,Honda,Brio V MT,3245
Skoda Superb Elegance 2.0 TDI CR AT,Mumbai,2011,83010,Diesel,Automatic,First,17.2,1968.0,138.1,5,Skoda,Superb Elegance 2.0 TDI CR AT,8250
Mercedes-Benz E-Class 2015-2017 E250 CDI Avantgarde,Coimbatore,2016,65405,Diesel,Automatic,First,13.0,2143.0,204.0,5,Mercedes-Benz,E-Class 2015-2017 E250 CDI Avantgarde,36003
Toyota Fortuner 4x2 AT TRD Sportivo,Delhi,2015,36000,Diesel,Automatic,Second,12.55,2982.0,168.7,7,Toyota,Fortuner 4x2 AT TRD Sportivo,23650
Maruti SX4 ZXI MT BSIV,Pune,2008,85000,Petrol,Manual,First,16.51,1586.0,103.2,5,Maruti,SX4 ZXI MT BSIV,2750
Honda Jazz 1.5 V i DTEC,Ahmedabad,2016,35000,Diesel,Manual,First,27.3,1498.0,98.6,5,Honda,Jazz 1.5 V i DTEC,6050
Toyota Corolla Altis 2008-2013 1.8 VL AT,Mumbai,2012,54000,Petrol,Automatic,First,14.53,1794.0,138.1,5,Toyota,Corolla Altis 2008-2013 1.8 VL AT,8250
Honda City ZX VTEC,Mumbai,2007,70000,Petrol,Manual,First,16.9,1497.0,100.0,5,Honda,City ZX VTEC,1705
BMW X1 xDrive 20d M Sport,Kolkata,2017,27001,Diesel,Automatic,First,20.68,1995.0,190.0,5,BMW,X1 xDrive 20d M Sport,31900
Maruti Swift DDiS VDI,Coimbatore,2019,41075,Diesel,Manual,First,28.4,1248.0,74.0,5,Maruti,Swift DDiS VDI,9240
Mahindra KUV 100 mFALCON D75 K8,Hyderabad,2016,26000,Diesel,Manual,First,25.32,1198.0,77.0,6,Mahindra,KUV 100 mFALCON D75 K8,7150
Honda Jazz Mode,Mumbai,2010,55000,Petrol,Manual,First,16.0,1198.0,90.0,5,Honda,Jazz Mode,2585
Maruti Swift ZXI,Mumbai,2016,19000,Petrol,Manual,First,20.4,1197.0,81.8,5,Maruti,Swift ZXI,6105
Hyundai Grand i10 Asta Option AT,Mumbai,2016,15000,Petrol,Automatic,First,18.9,1197.0,82.0,5,Hyundai,Grand i10 Asta Option AT,5885
Honda Amaze SX i-VTEC,Chennai,2016,37000,Petrol,Manual,First,17.8,1198.0,86.7,5,Honda,Amaze SX i-VTEC,5775
Hyundai Grand i10 1.2 Kappa Sportz,Coimbatore,2017,38712,Petrol,Manual,First,18.9,1197.0,81.86,5,Hyundai,Grand i10 1.2 Kappa Sportz,6457
Volkswagen Vento Diesel Comfortline,Kochi,2014,52400,Diesel,Manual,First,20.54,1598.0,103.6,5,Volkswagen,Vento Diesel Comfortline,5896
Maruti Ciaz 1.3 S,Bangalore,2016,23988,Diesel,Manual,First,28.09,1248.0,88.5,5,Maruti,Ciaz 1.3 S,8525
Volkswagen Vento Petrol Highline AT,Kochi,2014,32283,Petrol,Automatic,Second,14.4,1598.0,103.6,5,Volkswagen,Vento Petrol Highline AT,5951
Hyundai i20 1.2 Magna,Bangalore,2010,52000,Petrol,Manual,First,18.5,1197.0,80.0,5,Hyundai,i20 1.2 Magna,4015
Honda Brio VX AT,Pune,2016,32000,Petrol,Automatic,First,16.5,1198.0,86.8,5,Honda,Brio VX AT,5775
Honda City i VTEC VX,Kolkata,2014,39000,Petrol,Manual,First,17.4,1497.0,117.3,5,Honda,City i VTEC VX,6875
Skoda Superb Elegance 1.8 TSI AT,Mumbai,2015,34000,Petrol,Automatic,First,13.7,1798.0,157.75,5,Skoda,Superb Elegance 1.8 TSI AT,15015
Audi Q7 35 TDI Quattro Technology,Coimbatore,2016,45180,Diesel,Automatic,First,12.07,2967.0,241.4,7,Audi,Q7 35 TDI Quattro Technology,55242
Toyota Innova 2.5 G4 Diesel 7-seater,Coimbatore,2011,82321,Diesel,Manual,First,12.8,2494.0,102.0,7,Toyota,Innova 2.5 G4 Diesel 7-seater,11055
BMW 3 Series 320i Sedan,Kolkata,2011,7000,Petrol,Automatic,First,12.05,1995.0,154.0,5,BMW,3 Series 320i Sedan,10725
Mercedes-Benz GLA Class 200 CDI SPORT,Delhi,2015,27000,Diesel,Automatic,First,17.9,2143.0,136.0,5,Mercedes-Benz,GLA Class 200 CDI SPORT,25300
Toyota Innova Crysta 2.4 VX MT 8S,Coimbatore,2019,31271,Diesel,Manual,First,13.68,2393.0,147.8,8,Toyota,Innova Crysta 2.4 VX MT 8S,23562
Maruti Swift VDI BSIV,Delhi,2014,24000,Diesel,Manual,First,25.2,1248.0,74.0,5,Maruti,Swift VDI BSIV,5731
Toyota Innova 2.5 GX (Diesel) 7 Seater,Hyderabad,2009,147000,Diesel,Manual,First,12.99,2494.0,100.6,7,Toyota,Innova 2.5 GX (Diesel) 7 Seater,8250
Toyota Etios Liva GD,Delhi,2012,72351,Diesel,Manual,First,23.59,1364.0,67.04,5,Toyota,Etios Liva GD,2915
Chevrolet Beat LT,Chennai,2010,115000,Petrol,Manual,First,18.6,1199.0,79.4,5,Chevrolet,Beat LT,1925
Ford Ikon 1.4 TDCi DuraTorq,Jaipur,2010,82000,Diesel,Manual,Second,13.8,1399.0,68.0,5,Ford,Ikon 1.4 TDCi DuraTorq,1100
Mercedes-Benz New C-Class C 220 CDI Avantgarde,Delhi,2016,20000,Diesel,Automatic,First,19.27,2143.0,170.0,5,Mercedes-Benz,New C-Class C 220 CDI Avantgarde,36300
Toyota Etios G,Kolkata,2011,45560,Petrol,Manual,First,17.6,1496.0,88.73,5,Toyota,Etios G,2420
Toyota Innova 2.5 GX (Diesel) 7 Seater BS IV,Kochi,2017,57539,Diesel,Manual,First,12.8,2494.0,102.0,7,Toyota,Innova 2.5 GX (Diesel) 7 Seater BS IV,14113
Skoda Rapid 1.5 TDI Ambition,Mumbai,2012,54500,Diesel,Manual,First,21.13,1498.0,108.4,5,Skoda,Rapid 1.5 TDI Ambition,4510
Hyundai EON Magna,Jaipur,2016,27886,Petrol,Manual,First,22.0,814.0,55.0,5,Hyundai,EON Magna,3135
Honda CR-V 2.4L 4WD AT,Mumbai,2007,66000,Petrol,Automatic,First,11.1,2354.0,158.8,5,Honda,CR-V 2.4L 4WD AT,4070
Skoda Laura Elegance 2.0 TDI CR AT,Coimbatore,2013,72202,Diesel,Automatic,First,20.0,1968.0,138.1,5,Skoda,Laura Elegance 2.0 TDI CR AT,9966
Skoda Laura RS,Delhi,2011,70000,Petrol,Manual,Second,13.4,1798.0,157.8,5,Skoda,Laura RS,5225
Honda City i DTec S,Jaipur,2015,78233,Diesel,Manual,First,26.0,1498.0,98.6,5,Honda,City i DTec S,7260
Tata New Safari 4X4 EX,Chennai,2007,120203,Diesel,Manual,Second,13.93,2179.0,138.0,7,Tata,New Safari 4X4 EX,3850
Maruti Zen Estilo LXI BS IV,Pune,2011,20575,Petrol,Manual,First,19.0,998.0,67.1,5,Maruti,Zen Estilo LXI BS IV,2200
Honda Amaze S i-VTEC,Mumbai,2013,39879,Petrol,Manual,First,17.8,1198.0,86.7,5,Honda,Amaze S i-VTEC,4279
Renault KWID 1.0 RXL,Jaipur,2017,31056,Petrol,Manual,First,23.01,999.0,67.0,5,Renault,KWID 1.0 RXL,3960
Maruti Ciaz AT ZXi,Mumbai,2015,50940,Petrol,Automatic,First,19.12,1373.0,91.1,5,Maruti,Ciaz AT ZXi,7645
Hyundai i20 Asta Option 1.4 CRDi,Coimbatore,2016,99362,Diesel,Manual,First,22.54,1396.0,88.73,5,Hyundai,i20 Asta Option 1.4 CRDi,7733
Toyota Innova Crysta 2.4 ZX MT,Ahmedabad,2016,54000,Diesel,Manual,First,13.68,2393.0,147.8,7,Toyota,Innova Crysta 2.4 ZX MT,18150
Maruti Ciaz ZDi Plus SHVS,Coimbatore,2016,54268,Diesel,Manual,First,28.09,1248.0,88.5,5,Maruti,Ciaz ZDi Plus SHVS,8437
Hyundai Xcent 1.2 Kappa S,Kochi,2017,38932,Petrol,Manual,First,19.1,1197.0,82.0,5,Hyundai,Xcent 1.2 Kappa S,6831
Porsche Cayenne Diesel,Coimbatore,2015,60395,Diesel,Automatic,First,16.12,2967.0,245.0,5,Porsche,Cayenne Diesel,50402
Hyundai Xcent 1.1 CRDi S,Mumbai,2016,29000,Diesel,Manual,First,24.4,1120.0,71.0,5,Hyundai,Xcent 1.1 CRDi S,6545
Audi A4 2.0 TDI Multitronic,Delhi,2011,58000,Diesel,Automatic,First,16.55,1968.0,140.0,5,Audi,A4 2.0 TDI Multitronic,12100
Maruti Ciaz RS ZXi Plus,Coimbatore,2016,60913,Petrol,Manual,First,20.73,1373.0,91.1,5,Maruti,Ciaz RS ZXi Plus,7909
Toyota Innova 2.5 G4 Diesel 8-seater,Delhi,2011,65000,Diesel,Manual,First,12.8,2494.0,102.0,8,Toyota,Innova 2.5 G4 Diesel 8-seater,7040
Mercedes-Benz New C-Class 220 CDI MT,Chennai,2015,26000,Diesel,Manual,First,15.8,2148.0,170.0,5,Mercedes-Benz,New C-Class 220 CDI MT,28600
Hyundai i10 Sportz,Hyderabad,2016,19947,Petrol,Manual,First,20.36,1197.0,78.9,5,Hyundai,i10 Sportz,4950
Hyundai i10 Sportz 1.2 AT,Chennai,2011,70816,Petrol,Automatic,First,16.95,1197.0,78.9,5,Hyundai,i10 Sportz 1.2 AT,3410
Maruti Baleno Zeta 1.3,Delhi,2015,54000,Diesel,Manual,First,27.39,1248.0,74.0,5,Maruti,Baleno Zeta 1.3,6545
Maruti Zen Estilo 1.1 VXI BSIII,Delhi,2008,138000,Petrol,Manual,First,18.2,1061.0,64.0,5,Maruti,Zen Estilo 1.1 VXI BSIII,1320
BMW 7 Series 730Ld,Chennai,2014,35000,Diesel,Automatic,First,16.46,2993.0,258.0,5,BMW,7 Series 730Ld,57200
BMW X5 xDrive 30d,Hyderabad,2011,124652,Diesel,Automatic,First,11.7,2993.0,245.0,5,BMW,X5 xDrive 30d,24189
Maruti Ritz LXI,Hyderabad,2013,80264,Petrol,Manual,First,21.1,1197.0,85.8,5,Maruti,Ritz LXI,4730
Nissan Sunny 2011-2014 Diesel XL,Pune,2013,125600,Diesel,Manual,First,21.64,1461.0,84.8,5,Nissan,Sunny 2011-2014 Diesel XL,4125
Toyota Corolla Altis 1.8 Limited Edition,Mumbai,2015,49000,Petrol,Manual,First,14.28,1798.0,138.03,5,Toyota,Corolla Altis 1.8 Limited Edition,9845
Toyota Etios VXD,Pune,2012,111000,Diesel,Manual,First,23.59,1364.0,67.1,5,Toyota,Etios VXD,5225
Toyota Corolla Altis GL MT,Coimbatore,2016,33690,Petrol,Manual,First,14.28,1798.0,138.03,5,Toyota,Corolla Altis GL MT,16060
Audi A6 2011-2015 2.0 TDI Premium Plus,Mumbai,2012,50000,Diesel,Automatic,First,17.68,1968.0,174.33,5,Audi,A6 2011-2015 2.0 TDI Premium Plus,19250
Maruti Ertiga ZDI,Kolkata,2012,38092,Diesel,Manual,First,20.77,1248.0,88.8,7,Maruti,Ertiga ZDI,5720
Hyundai Grand i10 Sportz,Coimbatore,2017,47774,Petrol,Manual,First,18.9,1197.0,82.0,5,Hyundai,Grand i10 Sportz,6644
Tata Indigo CS LX (TDI) BS III,Chennai,2009,167000,Diesel,Manual,Second,19.09,1396.0,69.0,5,Tata,Indigo CS LX (TDI) BS III,2970
Maruti Swift Dzire AMT ZDI,Chennai,2019,65000,Diesel,Automatic,First,26.59,1248.0,74.0,5,Maruti,Swift Dzire AMT ZDI,7425
Volkswagen Polo Petrol Highline 1.6L,Kolkata,2011,46000,Petrol,Manual,First,15.26,1598.0,103.5,5,Volkswagen,Polo Petrol Highline 1.6L,2585
Tata Tiago 1.2 Revotron XZ WO Alloy,Hyderabad,2017,16500,Petrol,Manual,First,23.84,1199.0,84.0,5,Tata,Tiago 1.2 Revotron XZ WO Alloy,5500
Honda City i VTEC VX,Kolkata,2016,39000,Petrol,Manual,First,17.8,1497.0,117.3,5,Honda,City i VTEC VX,7645
Honda Amaze V Petrol,Jaipur,2018,6000,Petrol,Manual,First,19.5,1199.0,86.76,5,Honda,Amaze V Petrol,7370
Audi A4 35 TDI Premium,Hyderabad,2015,60000,Diesel,Automatic,First,17.11,1968.0,174.33,5,Audi,A4 35 TDI Premium,27500
Volkswagen Vento Petrol Highline AT,Chennai,2011,97320,Petrol,Automatic,First,14.4,1598.0,103.6,5,Volkswagen,Vento Petrol Highline AT,4125
Volkswagen Vento Diesel Trendline,Chennai,2011,99807,Diesel,Manual,First,20.54,1598.0,103.6,5,Volkswagen,Vento Diesel Trendline,4125
Honda City 1.5 S MT,Pune,2013,46000,Petrol,Manual,First,17.0,1497.0,118.0,5,Honda,City 1.5 S MT,5610
Maruti Wagon R LXI,Mumbai,2010,12000,Petrol,Manual,First,22.5,998.0,67.04,5,Maruti,Wagon R LXI,2695
Skoda Superb 2.8 V6 AT,Kolkata,2005,13002,Petrol,Automatic,First,9.3,2771.0,193.1,5,Skoda,Superb 2.8 V6 AT,3575
Honda City i DTEC SV,Kolkata,2014,26000,Diesel,Manual,First,26.0,1498.0,98.6,5,Honda,City i DTEC SV,6050
Maruti Wagon R LXI CNG,Kochi,2014,68365,CNG,Manual,First,19.000000000000004,998.0,58.16,5,Maruti,Wagon R LXI CNG,4147
Mercedes-Benz M-Class ML 350 4Matic,Coimbatore,2016,27833,Diesel,Automatic,First,0.0,2987.0,165.0,5,Mercedes-Benz,M-Class ML 350 4Matic,54164
Maruti Alto 800 LXI,Kochi,2016,51639,Petrol,Manual,First,22.74,796.0,47.3,5,Maruti,Alto 800 LXI,3344
Hyundai i20 Magna 1.2,Delhi,2015,21000,Petrol,Manual,First,18.6,1197.0,81.83,5,Hyundai,i20 Magna 1.2,5390
Ford Ecosport 1.5 DV5 MT Trend,Bangalore,2013,90000,Diesel,Manual,First,22.7,1498.0,89.84,5,Ford,Ecosport 1.5 DV5 MT Trend,6875
BMW 3 Series GT 320d Luxury Line,Hyderabad,2015,36255,Diesel,Automatic,First,19.59,1995.0,184.0,5,BMW,3 Series GT 320d Luxury Line,36300
BMW X5 xDrive 30d,Chennai,2011,58000,Diesel,Automatic,Second,11.7,2993.0,245.0,5,BMW,X5 xDrive 30d,29700
Honda Amaze S i-Vtech,Coimbatore,2014,48997,Petrol,Manual,Second,18.0,1198.0,86.7,5,Honda,Amaze S i-Vtech,5731
Ford EcoSport 1.5 Ti VCT MT Titanium,Mumbai,2014,31130,Petrol,Manual,First,15.85,1499.0,110.4,5,Ford,EcoSport 1.5 Ti VCT MT Titanium,6325
Toyota Corolla 1.8 J,Delhi,2015,12000,Petrol,Manual,First,14.53,1798.0,138.0,5,Toyota,Corolla 1.8 J,12100
Hyundai i10 Sportz,Pune,2014,90000,Petrol,Manual,Second,20.36,1197.0,78.9,5,Hyundai,i10 Sportz,3080
Mercedes-Benz New C-Class C220 CDI Executive Edition,Kochi,2019,17320,Diesel,Automatic,First,15.8,2148.0,170.0,5,Mercedes-Benz,New C-Class C220 CDI Executive Edition,41789
Skoda Laura Ambiente 2.0 TDI CR MT,Delhi,2011,85000,Diesel,Manual,Second,20.0,1968.0,108.5,5,Skoda,Laura Ambiente 2.0 TDI CR MT,4015
Ford Endeavour 4x2 XLT,Hyderabad,2007,130000,Diesel,Manual,First,13.1,2499.0,141.0,7,Ford,Endeavour 4x2 XLT,6600
Ford Figo Petrol EXI,Coimbatore,2013,60328,Petrol,Manual,First,15.6,1196.0,70.0,5,Ford,Figo Petrol EXI,4994
Honda Amaze S i-Vtech,Kochi,2015,34327,Petrol,Manual,First,18.0,1198.0,86.7,5,Honda,Amaze S i-Vtech,5940
Tata Indica Vista TDI LS,Mumbai,2014,75000,Diesel,Manual,First,19.1,1405.0,70.0,5,Tata,Indica Vista TDI LS,3630
Volvo XC60 D4 Summum,Hyderabad,2012,86000,Diesel,Automatic,Second,14.7,1985.0,163.0,5,Volvo,XC60 D4 Summum,20075
Datsun Redi GO Sport,Bangalore,2017,12000,Petrol,Manual,First,22.7,799.0,53.0,5,Datsun,Redi GO Sport,3410
Hyundai EON Era Plus,Kochi,2013,57759,Petrol,Manual,First,21.1,814.0,55.2,5,Hyundai,EON Era Plus,4224
Maruti Alto 800 VXI,Kolkata,2016,24300,Petrol,Manual,First,22.74,796.0,47.3,5,Maruti,Alto 800 VXI,2684
Volkswagen Polo Petrol Trendline 1.2L,Bangalore,2011,66000,Petrol,Manual,Second,16.47,1198.0,73.9,5,Volkswagen,Polo Petrol Trendline 1.2L,3960
Hyundai i10 Asta,Mumbai,2015,75915,Petrol,Manual,First,20.36,1197.0,78.9,5,Hyundai,i10 Asta,4290
Nissan Sunny 2011-2014 XL,Chennai,2013,107000,Petrol,Manual,Second,16.95,1498.0,97.7,5,Nissan,Sunny 2011-2014 XL,3190
Toyota Corolla Altis G,Chennai,2008,86000,Petrol,Manual,Second,14.53,1798.0,138.1,5,Toyota,Corolla Altis G,3850
Hyundai Verna CRDi ABS,Chennai,2009,160000,Diesel,Manual,Second,18.1,1493.0,110.0,5,Hyundai,Verna CRDi ABS,3850
Hyundai i20 Sportz 1.4 CRDi,Hyderabad,2015,72495,Diesel,Manual,First,21.9,1396.0,88.76,5,Hyundai,i20 Sportz 1.4 CRDi,7700
Hyundai Verna 1.6 CRDi AT S,Chennai,2016,33000,Diesel,Automatic,First,19.08,1582.0,126.2,5,Hyundai,Verna 1.6 CRDi AT S,9570
Audi Q7 3.0 TDI Quattro Technology,Hyderabad,2014,60000,Diesel,Automatic,First,12.07,2967.0,241.4,7,Audi,Q7 3.0 TDI Quattro Technology,49500
Tata Indica V2 eLS,Hyderabad,2016,80103,Diesel,Manual,First,25.0,1396.0,69.0,5,Tata,Indica V2 eLS,1980
Hyundai Grand i10 1.2 Kappa Magna,Kolkata,2018,4500,Petrol,Manual,First,18.9,1197.0,81.86,5,Hyundai,Grand i10 1.2 Kappa Magna,5280
Toyota Fortuner 4x4 MT TRD Sportivo,Mumbai,2014,97000,Diesel,Manual,First,12.55,2982.0,169.0,7,Toyota,Fortuner 4x4 MT TRD Sportivo,19745
Hyundai Grand i10 1.2 Kappa Asta,Kochi,2017,51223,Petrol,Manual,First,18.9,1197.0,81.86,5,Hyundai,Grand i10 1.2 Kappa Asta,6226
Honda City 1.5 S MT,Delhi,2009,64000,Petrol,Manual,First,17.0,1497.0,118.0,5,Honda,City 1.5 S MT,3410
Hyundai Elite i20 Petrol Asta,Kochi,2016,56911,Petrol,Manual,First,18.6,1197.0,81.86,5,Hyundai,Elite i20 Petrol Asta,7194
Toyota Innova 2.5 G4 Diesel 8-seater,Hyderabad,2015,147848,Diesel,Manual,First,12.8,2494.0,102.0,8,Toyota,Innova 2.5 G4 Diesel 8-seater,14520
Toyota Innova Crysta 2.8 GX AT,Kochi,2019,14076,Diesel,Automatic,First,11.36,2755.0,171.5,7,Toyota,Innova Crysta 2.8 GX AT,21340
Maruti Zen Estilo 1.1 VXI BSIII,Ahmedabad,2007,75180,Petrol,Manual,First,18.2,1061.0,64.0,5,Maruti,Zen Estilo 1.1 VXI BSIII,1815
Maruti Swift ZDi,Jaipur,2013,92000,Diesel,Manual,Second,22.9,1248.0,74.0,5,Maruti,Swift ZDi,4785
Fiat Avventura MULTIJET Emotion,Hyderabad,2015,57266,Diesel,Manual,First,20.5,1248.0,91.72,5,Fiat,Avventura MULTIJET Emotion,7150
Maruti Zen Estilo VXI BSIII,Delhi,2007,64000,Petrol,Manual,First,18.2,998.0,67.1,5,Maruti,Zen Estilo VXI BSIII,1221
Renault Duster 85PS Diesel RxL,Mumbai,2013,41000,Diesel,Manual,First,19.87,1461.0,83.8,5,Renault,Duster 85PS Diesel RxL,6050
Mitsubishi Pajero 2.8 SFX,Delhi,2012,45999,Diesel,Manual,First,10.5,2835.0,107.2,6,Mitsubishi,Pajero 2.8 SFX,12100
Maruti Celerio VXI AT,Pune,2015,50000,Petrol,Automatic,First,23.1,998.0,67.04,5,Maruti,Celerio VXI AT,4290
Tata Indica V2 DLS BSIII,Pune,2013,70000,Diesel,Manual,First,17.88,1405.0,48.21,5,Tata,Indica V2 DLS BSIII,1980
Hyundai Elite i20 Petrol Asta,Kochi,2016,37540,Petrol,Manual,First,18.6,1197.0,81.86,5,Hyundai,Elite i20 Petrol Asta,6842
Maruti Celerio VXI AT,Hyderabad,2014,44000,Petrol,Automatic,First,23.1,998.0,67.04,5,Maruti,Celerio VXI AT,4730
Hyundai Grand i10 1.2 Kappa Asta,Hyderabad,2017,22500,Petrol,Manual,First,18.9,1197.0,81.86,5,Hyundai,Grand i10 1.2 Kappa Asta,6589
Hyundai i20 1.2 Magna Executive,Delhi,2017,17431,Petrol,Manual,First,18.6,1197.0,81.83,5,Hyundai,i20 1.2 Magna Executive,6600
Hyundai Verna 1.6 SX VTVT (O),Delhi,2014,61566,Petrol,Manual,First,17.1,1591.0,121.3,5,Hyundai,Verna 1.6 SX VTVT (O),6435
Land Rover Freelander 2 SE,Kochi,2014,61730,Diesel,Automatic,First,12.39,2179.0,147.51,5,Land,Rover Freelander 2 SE,21934
Maruti Swift VXI BSIII,Chennai,2009,68000,Petrol,Manual,First,16.1,1298.0,88.2,5,Maruti,Swift VXI BSIII,3190
Honda Amaze SX i-VTEC,Mumbai,2014,29000,Petrol,Manual,First,18.0,1198.0,86.7,5,Honda,Amaze SX i-VTEC,4675
Toyota Corolla Altis Diesel D4DG,Hyderabad,2010,156210,Diesel,Manual,First,21.43,1364.0,87.2,5,Toyota,Corolla Altis Diesel D4DG,6589
Honda Amaze S Diesel,Kolkata,2013,46500,Diesel,Manual,First,27.4,1498.0,98.6,5,Honda,Amaze S Diesel,3630
Audi A6 3.0 TDI quattro,Coimbatore,2009,52830,Diesel,Automatic,Second,16.77,2967.0,241.38,5,Audi,A6 3.0 TDI quattro,8888
Maruti Wagon R VXI,Jaipur,2017,39867,Petrol,Manual,First,22.5,998.0,67.04,5,Maruti,Wagon R VXI,4950
Honda Mobilio E i DTEC,Hyderabad,2014,58972,Diesel,Manual,First,24.2,1498.0,98.6,7,Honda,Mobilio E i DTEC,7150
Honda CR-V 2.4 4WD AT,Bangalore,2006,66000,Petrol,Automatic,Second,10.1,2354.0,152.0,5,Honda,CR-V 2.4 4WD AT,4290
Hyundai Verna 1.6 SX VTVT (O),Delhi,2013,52000,Petrol,Manual,First,17.1,1591.0,121.3,5,Hyundai,Verna 1.6 SX VTVT (O),5775
Hyundai Santa Fe 4x4 AT,Bangalore,2014,58000,Diesel,Automatic,First,11.72,2199.0,194.3,7,Hyundai,Santa Fe 4x4 AT,18700
Hyundai i10 Sportz AT,Ahmedabad,2012,58000,Petrol,Automatic,First,16.95,1197.0,78.9,5,Hyundai,i10 Sportz AT,3850
Ford Fusion Plus 1.4 TDCi Diesel,Hyderabad,2008,75000,Diesel,Manual,Second,17.7,1399.0,68.0,5,Ford,Fusion Plus 1.4 TDCi Diesel,3300
Hyundai i10 Sportz,Coimbatore,2015,41008,Petrol,Manual,Second,20.36,1197.0,78.9,5,Hyundai,i10 Sportz,5357
Hyundai Xcent 1.1 CRDi SX Option,Jaipur,2014,65000,Diesel,Manual,First,24.4,1120.0,71.0,5,Hyundai,Xcent 1.1 CRDi SX Option,6600
Skoda Superb Style 2.0 TDI AT,Mumbai,2015,19000,Diesel,Automatic,First,18.19,1968.0,174.5,5,Skoda,Superb Style 2.0 TDI AT,17050
Ford Fiesta 1.4 Duratec EXI,Pune,2008,74000,Petrol,Manual,Second,16.6,1388.0,68.0,5,Ford,Fiesta 1.4 Duratec EXI,1760
Maruti Baleno Zeta Automatic,Pune,2017,33000,Petrol,Automatic,First,21.4,1197.0,83.1,5,Maruti,Baleno Zeta Automatic,7975
Skoda Laura 1.9 TDI MT Ambiente,Mumbai,2010,95000,Diesel,Manual,Second,17.0,1896.0,105.0,5,Skoda,Laura 1.9 TDI MT Ambiente,3575
Volkswagen Vento 1.5 TDI Comfortline,Kolkata,2012,34000,Diesel,Manual,First,20.64,1498.0,108.5,5,Volkswagen,Vento 1.5 TDI Comfortline,3740
Audi Q7 3.0 TDI Quattro Technology,Coimbatore,2014,102865,Diesel,Automatic,First,12.07,2967.0,241.4,7,Audi,Q7 3.0 TDI Quattro Technology,33550
Hyundai Verna VTVT 1.6 SX Option,Kochi,2016,52378,Petrol,Manual,First,17.0,1591.0,121.3,5,Hyundai,Verna VTVT 1.6 SX Option,8767
Mercedes-Benz New C-Class 220 CDI AT,Delhi,2012,38000,Diesel,Automatic,First,14.84,2143.0,170.0,5,Mercedes-Benz,New C-Class 220 CDI AT,14861
Honda Amaze S i-Dtech,Kochi,2015,60334,Diesel,Manual,First,25.8,1498.0,98.6,5,Honda,Amaze S i-Dtech,5973
Ford Fiesta 1.4 Duratec EXI Limited Edition,Chennai,2010,107000,Petrol,Manual,First,16.6,1388.0,68.0,5,Ford,Fiesta 1.4 Duratec EXI Limited Edition,2860
BMW 5 Series 530i Sedan,Kolkata,2010,24000,Petrol,Automatic,First,10.6,2996.0,258.0,5,BMW,5 Series 530i Sedan,9625
Fiat Grande Punto 1.4 Emotion,Coimbatore,2015,44846,Petrol,Manual,Second,14.6,1368.0,88.7,5,Fiat,Grande Punto 1.4 Emotion,5951
Maruti Dzire AMT ZDI Plus,Kochi,2018,64035,Diesel,Automatic,First,28.4,1248.0,73.75,5,Maruti,Dzire AMT ZDI Plus,9405
Mahindra XUV500 W6 2WD,Mumbai,2014,45600,Diesel,Manual,First,15.1,2179.0,140.0,7,Mahindra,XUV500 W6 2WD,9075
Volvo XC90 2007-2015 D5 AT AWD,Kochi,2014,102001,Diesel,Automatic,First,11.1,2400.0,200.0,7,Volvo,XC90 2007-2015 D5 AT AWD,25937
Hyundai i10 Sportz 1.2,Coimbatore,2014,47439,Petrol,Manual,First,20.36,1197.0,78.9,5,Hyundai,i10 Sportz 1.2,4939
Renault Lodgy 110PS RxZ 8 Seater,Coimbatore,2016,51681,Diesel,Manual,First,19.98,1461.0,108.5,8,Renault,Lodgy 110PS RxZ 8 Seater,9273
Audi Q7 3.0 TDI Quattro Premium Plus,Hyderabad,2015,50000,Diesel,Automatic,First,12.07,2967.0,241.4,7,Audi,Q7 3.0 TDI Quattro Premium Plus,52250
Honda City i VTEC CVT VX,Mumbai,2016,42666,Petrol,Automatic,First,18.0,1497.0,117.3,5,Honda,City i VTEC CVT VX,9845
Renault Duster 110PS Diesel RxL,Jaipur,2013,65000,Diesel,Manual,Second,19.01,1461.0,108.45,5,Renault,Duster 110PS Diesel RxL,6050
Honda Amaze S i-VTEC,Jaipur,2014,18776,Petrol,Manual,First,17.8,1198.0,86.7,5,Honda,Amaze S i-VTEC,5225
Honda Amaze S i-Vtech,Jaipur,2016,6714,Petrol,Manual,First,18.0,1198.0,86.7,5,Honda,Amaze S i-Vtech,5225
BMW 3 Series 320i,Pune,2009,40000,Petrol,Automatic,Second,12.05,1995.0,154.0,5,BMW,3 Series 320i,10450
Maruti Ritz LDi,Coimbatore,2011,88539,Diesel,Manual,First,23.2,1248.0,73.94,5,Maruti,Ritz LDi,4147
Honda City 1.5 S MT,Delhi,2012,65055,Petrol,Manual,Second,17.0,1497.0,118.0,5,Honda,City 1.5 S MT,4675
BMW 3 Series 320d Sport Line,Mumbai,2014,23000,Diesel,Automatic,First,18.88,1995.0,184.0,5,BMW,3 Series 320d Sport Line,21890
Volkswagen Jetta 2007-2011 1.9 TDI Trendline,Chennai,2009,60000,Diesel,Manual,First,15.0,1896.0,105.0,5,Volkswagen,Jetta 2007-2011 1.9 TDI Trendline,4400
Maruti Swift Dzire LXI,Kochi,2013,59350,Petrol,Manual,First,19.1,1197.0,85.8,5,Maruti,Swift Dzire LXI,4576
Jaguar XF 2.2 Litre Executive,Bangalore,2015,19000,Diesel,Automatic,Second,16.36,2179.0,187.7,5,Jaguar,XF 2.2 Litre Executive,41800
Hyundai Xcent 1.2 Kappa AT SX Option,Kochi,2016,45560,Petrol,Automatic,First,16.9,1197.0,82.0,5,Hyundai,Xcent 1.2 Kappa AT SX Option,6974
Toyota Innova 2.5 G (Diesel) 7 Seater BS IV,Pune,2009,118000,Diesel,Manual,First,12.8,2494.0,102.0,8,Toyota,Innova 2.5 G (Diesel) 7 Seater BS IV,4950
Maruti Eeco 7 Seater Standard,Chennai,2016,55000,Petrol,Manual,First,15.1,1196.0,73.0,7,Maruti,Eeco 7 Seater Standard,4125
Audi A4 New 2.0 TDI Multitronic,Delhi,2012,60000,Diesel,Automatic,Second,15.2,1968.0,140.8,5,Audi,A4 New 2.0 TDI Multitronic,11220
Toyota Innova 2.5 G (Diesel) 7 Seater BS IV,Chennai,2007,145000,Diesel,Manual,First,12.8,2494.0,102.0,8,Toyota,Innova 2.5 G (Diesel) 7 Seater BS IV,5500
Maruti Grand Vitara MT,Mumbai,2008,46810,Petrol,Manual,First,9.8,1995.0,163.5,5,Maruti,Grand Vitara MT,4345
Volkswagen Vento 1.5 TDI Highline,Coimbatore,2016,62767,Diesel,Manual,First,20.34,1498.0,103.2,5,Volkswagen,Vento 1.5 TDI Highline,10725
Hyundai Elite i20 Petrol Asta,Kochi,2018,18553,Petrol,Manual,First,18.6,1197.0,81.86,5,Hyundai,Elite i20 Petrol Asta,8723
Ford Fiesta Classic 1.4 Duratorq CLXI,Hyderabad,2011,143143,Diesel,Manual,First,17.8,1399.0,67.0,5,Ford,Fiesta Classic 1.4 Duratorq CLXI,2310
Mitsubishi Pajero Sport 4X4,Coimbatore,2015,53497,Diesel,Manual,First,13.5,2477.0,175.56,7,Mitsubishi,Pajero Sport 4X4,18062
Hyundai Santa Fe 4X4,Bangalore,2011,148000,Diesel,Manual,Second,14.66,2199.0,194.3,7,Hyundai,Santa Fe 4X4,9790
Mahindra XUV500 W8 2WD,Pune,2012,95000,Diesel,Manual,First,15.1,2179.0,140.0,7,Mahindra,XUV500 W8 2WD,7931
Toyota Innova 2.5 V Diesel 8-seater,Chennai,2015,100000,Diesel,Manual,First,12.8,2494.0,102.0,8,Toyota,Innova 2.5 V Diesel 8-seater,14850
Mahindra Scorpio 2009-2014 SLE 7S BSIV,Bangalore,2014,87000,Diesel,Manual,First,12.05,2179.0,120.0,7,Mahindra,Scorpio 2009-2014 SLE 7S BSIV,8140
Honda City 1.5 S AT,Kochi,2014,56838,Petrol,Automatic,First,16.8,1497.0,118.0,5,Honda,City 1.5 S AT,5665
Mercedes-Benz GL-Class 2007 2012 350 CDI Luxury,Pune,2013,100000,Diesel,Automatic,First,12.0,2987.0,224.0,7,Mercedes-Benz,GL-Class 2007 2012 350 CDI Luxury,35200
Honda City 1.5 S MT,Kolkata,2011,125000,Petrol,Manual,First,17.0,1497.0,118.0,5,Honda,City 1.5 S MT,3575
Maruti Wagon R VXI AMT,Kolkata,2017,17000,Petrol,Automatic,First,22.5,998.0,67.0,5,Maruti,Wagon R VXI AMT,4345
Tata Indigo eCS GLE BSIII,Pune,2013,70000,Petrol,Manual,Second,15.4,1193.0,65.0,5,Tata,Indigo eCS GLE BSIII,1650
Hyundai i20 2015-2017 1.2 Asta with AVN,Pune,2010,50000,Petrol,Manual,Second,17.0,1197.0,80.0,5,Hyundai,i20 2015-2017 1.2 Asta with AVN,3300
Honda Jazz Active,Kolkata,2010,39800,Petrol,Manual,First,16.0,1198.0,90.0,5,Honda,Jazz Active,2189
Maruti A-Star Lxi,Kolkata,2010,60000,Petrol,Manual,First,19.0,998.0,66.1,5,Maruti,A-Star Lxi,1485
BMW 3 Series 320d Highline,Hyderabad,2009,58000,Diesel,Automatic,First,16.07,1995.0,181.0,5,BMW,3 Series 320d Highline,14850
Skoda Yeti Elegance,Hyderabad,2010,110009,Diesel,Manual,First,17.67,1968.0,138.08,5,Skoda,Yeti Elegance,7689
Nissan Terrano XV Premium 110 PS,Hyderabad,2013,85000,Diesel,Manual,First,19.01,1461.0,108.5,5,Nissan,Terrano XV Premium 110 PS,9350
Volkswagen Polo Diesel Comfortline 1.2L,Pune,2010,84000,Diesel,Manual,Second,22.07,1199.0,73.9,5,Volkswagen,Polo Diesel Comfortline 1.2L,3179
BMW 3 Series 320d,Mumbai,2011,51000,Diesel,Automatic,First,22.69,1995.0,190.0,5,BMW,3 Series 320d,11550
Nissan Sunny 2011-2014 XL,Kochi,2013,68880,Petrol,Manual,First,16.95,1498.0,97.7,5,Nissan,Sunny 2011-2014 XL,4367
Maruti Alto K10 VXI AGS,Chennai,2017,5500,Petrol,Automatic,First,24.07,998.0,67.1,5,Maruti,Alto K10 VXI AGS,4675
Maruti Ritz ZXI,Coimbatore,2016,40052,Petrol,Manual,First,21.1,1197.0,85.8,5,Maruti,Ritz ZXI,6787
Audi Q5 30 TDI quattro Premium Plus,Coimbatore,2016,47293,Diesel,Automatic,First,14.16,1968.0,174.3,5,Audi,Q5 30 TDI quattro Premium Plus,42592
Hyundai Verna CRDi SX,Hyderabad,2013,79663,Diesel,Manual,First,16.8,1493.0,110.0,5,Hyundai,Verna CRDi SX,7150
Honda Amaze S i-Dtech,Jaipur,2013,63000,Diesel,Manual,Second,25.8,1498.0,98.6,5,Honda,Amaze S i-Dtech,4675
Honda City i DTEC SV,Kolkata,2014,45000,Diesel,Manual,First,26.0,1498.0,98.6,5,Honda,City i DTEC SV,5225
Toyota Fortuner TRD Sportivo 2.8 2WD AT,Kochi,2014,56501,Diesel,Automatic,First,12.9,2755.0,174.5,7,Toyota,Fortuner TRD Sportivo 2.8 2WD AT,19481
Volkswagen Vento 1.5 TDI Highline,Jaipur,2015,58000,Diesel,Manual,First,20.34,1498.0,103.2,5,Volkswagen,Vento 1.5 TDI Highline,6435
BMW 5 Series 520d Luxury Line,Coimbatore,2011,51602,Diesel,Automatic,First,22.48,1995.0,190.0,5,BMW,5 Series 520d Luxury Line,18997
BMW 3 Series 320d Sedan,Hyderabad,2007,74199,Diesel,Automatic,First,16.07,1995.0,181.0,5,BMW,3 Series 320d Sedan,10175
Hyundai Creta 1.6 SX Plus Petrol Automatic,Ahmedabad,2017,25000,Petrol,Automatic,First,13.0,1591.0,121.3,5,Hyundai,Creta 1.6 SX Plus Petrol Automatic,14025
BMW 3 Series Luxury Line,Pune,2016,70000,Diesel,Automatic,Second,21.76,1995.0,190.0,5,BMW,3 Series Luxury Line,29700
Mercedes-Benz New C-Class C 220 CDI BE Avantgare,Bangalore,2013,25000,Diesel,Automatic,Second,14.84,2143.0,167.62,5,Mercedes-Benz,New C-Class C 220 CDI BE Avantgare,23100
Maruti Swift Dzire VDI,Hyderabad,2017,22000,Diesel,Manual,First,26.59,1248.0,74.0,5,Maruti,Swift Dzire VDI,8745
Maruti Celerio ZXI,Hyderabad,2015,47020,Petrol,Manual,Second,23.1,998.0,67.04,5,Maruti,Celerio ZXI,4950
BMW 3 Series 320d GT Luxury Line,Mumbai,2017,8000,Diesel,Automatic,First,19.59,1995.0,187.74,5,BMW,3 Series 320d GT Luxury Line,37125
Honda Jazz V,Kochi,2017,36973,Petrol,Manual,First,18.2,1199.0,88.7,5,Honda,Jazz V,7480
Maruti Alto 800 2016-2019 LXI,Chennai,2016,61000,Petrol,Manual,First,24.7,796.0,47.3,5,Maruti,Alto 800 2016-2019 LXI,3190
Maruti Wagon R VXI,Mumbai,2014,43628,Petrol,Manual,First,22.5,998.0,67.04,5,Maruti,Wagon R VXI,3476
Hyundai Xcent 1.1 CRDi Base,Jaipur,2014,60000,Diesel,Manual,First,24.4,1120.0,71.0,5,Hyundai,Xcent 1.1 CRDi Base,4290
Chevrolet Beat LT,Delhi,2010,54000,Petrol,Manual,Second,17.8,1199.0,76.8,5,Chevrolet,Beat LT,2145
Jaguar XF 2.2 Litre Luxury,Kochi,2015,27001,Diesel,Automatic,First,16.36,2179.0,187.7,5,Jaguar,XF 2.2 Litre Luxury,29172
Volkswagen Passat Diesel Highline 2.0 TDI,Chennai,2010,52000,Diesel,Automatic,First,18.33,1968.0,167.7,5,Volkswagen,Passat Diesel Highline 2.0 TDI,9900
Hyundai i20 Asta 1.4 CRDi,Hyderabad,2012,80000,Diesel,Manual,First,21.27,1396.0,88.76,5,Hyundai,i20 Asta 1.4 CRDi,4950
Mitsubishi Pajero 2.8 SFX,Chennai,2008,160000,Diesel,Manual,First,10.5,2835.0,107.2,6,Mitsubishi,Pajero 2.8 SFX,9625
Maruti Alto K10 LXI,Delhi,2016,35027,Petrol,Manual,First,24.07,998.0,67.1,5,Maruti,Alto K10 LXI,3300
Hyundai EON Magna Plus,Coimbatore,2015,26568,Petrol,Manual,First,21.1,814.0,55.2,5,Hyundai,EON Magna Plus,4169
Maruti Ciaz VDi Plus SHVS,Ahmedabad,2015,59000,Diesel,Manual,First,28.09,1248.0,88.5,5,Maruti,Ciaz VDi Plus SHVS,6600
Hyundai Creta 1.6 CRDi SX Option,Bangalore,2016,51000,Diesel,Manual,First,19.67,1582.0,126.2,5,Hyundai,Creta 1.6 CRDi SX Option,14575
Skoda Superb Ambition 2.0 TDI CR AT,Delhi,2012,56400,Diesel,Automatic,First,17.2,1968.0,138.1,5,Skoda,Superb Ambition 2.0 TDI CR AT,8800
Volkswagen Polo 1.5 TDI Highline,Hyderabad,2015,80000,Diesel,Manual,First,20.14,1498.0,88.8,5,Volkswagen,Polo 1.5 TDI Highline,6380
Toyota Innova 2.5 VX (Diesel) 7 Seater,Hyderabad,2013,107000,Diesel,Manual,Second,12.99,2494.0,100.6,7,Toyota,Innova 2.5 VX (Diesel) 7 Seater,14850
Mercedes-Benz E-Class 2009-2013 E250 CDI Elegance,Pune,2014,100000,Diesel,Automatic,First,14.21,2143.0,203.0,5,Mercedes-Benz,E-Class 2009-2013 E250 CDI Elegance,27500
Volkswagen Polo 1.5 TDI Highline,Kochi,2016,59998,Diesel,Manual,First,20.14,1498.0,88.8,5,Volkswagen,Polo 1.5 TDI Highline,6039
Audi Q3 2.0 TDI,Hyderabad,2013,105000,Diesel,Automatic,First,17.32,1968.0,150.0,5,Audi,Q3 2.0 TDI,20900
Hyundai i20 1.2 Magna,Kolkata,2011,36000,Petrol,Manual,First,18.5,1197.0,80.0,5,Hyundai,i20 1.2 Magna,2750
Hyundai i10 Sportz 1.1L,Kolkata,2015,24350,Petrol,Manual,Second,19.81,1086.0,68.05,5,Hyundai,i10 Sportz 1.1L,3300
Tata Tigor 1.05 Revotorq XT,Kochi,2018,28973,Diesel,Manual,First,24.7,1047.0,69.0,5,Tata,Tigor 1.05 Revotorq XT,7304
Hyundai EON Era,Kochi,2017,8243,Petrol,Manual,First,21.1,814.0,55.2,5,Hyundai,EON Era,3531
Hyundai Santro Xing GLS,Chennai,2009,136642,Petrol,Manual,Second,17.92,1086.0,62.1,5,Hyundai,Santro Xing GLS,1705
Hyundai Santro Xing GLS,Hyderabad,2011,60000,Petrol,Manual,First,17.92,1086.0,62.1,5,Hyundai,Santro Xing GLS,2849
Mahindra Scorpio SLX,Chennai,2008,100000,Diesel,Manual,Second,12.7,2609.0,120.0,8,Mahindra,Scorpio SLX,4400
Honda City i-VTEC S,Jaipur,2010,48689,Petrol,Manual,First,17.4,1497.0,117.3,5,Honda,City i-VTEC S,4257
Maruti Vitara Brezza ZDi,Bangalore,2017,45000,Diesel,Manual,First,24.3,1248.0,88.5,5,Maruti,Vitara Brezza ZDi,10725
Audi A4 35 TDI Technology Edition,Kochi,2019,38163,Diesel,Automatic,First,17.11,1968.0,174.33,5,Audi,A4 35 TDI Technology Edition,36200
Mercedes-Benz E-Class 2009-2013 E250 CDI Elegance,Chennai,2011,43800,Diesel,Automatic,Second,14.21,2143.0,203.0,5,Mercedes-Benz,E-Class 2009-2013 E250 CDI Elegance,18425
Honda Civic 2006-2010 1.8 MT Sport,Jaipur,2007,92000,Petrol,Manual,First,13.5,1799.0,130.0,5,Honda,Civic 2006-2010 1.8 MT Sport,2090
Hyundai i20 Magna 1.2,Kochi,2017,14064,Petrol,Manual,First,18.6,1197.0,81.83,5,Hyundai,i20 Magna 1.2,7249
Audi Q3 35 TDI Quattro Premium Plus,Coimbatore,2017,42366,Diesel,Automatic,First,15.73,1968.0,174.33,5,Audi,Q3 35 TDI Quattro Premium Plus,35123
Honda City i DTEC VX,Jaipur,2014,76551,Diesel,Manual,First,25.1,1498.0,98.6,5,Honda,City i DTEC VX,7975
Hyundai i10 Era 1.1 iTech SE,Pune,2008,72672,Petrol,Manual,First,19.81,1086.0,68.05,5,Hyundai,i10 Era 1.1 iTech SE,2090
Maruti Swift VDI BSIV,Kolkata,2015,45000,Diesel,Manual,First,25.2,1248.0,74.0,5,Maruti,Swift VDI BSIV,3905
Ford Endeavour 3.0L 4X4 AT,Hyderabad,2012,91696,Diesel,Automatic,First,11.4,2953.0,153.86,7,Ford,Endeavour 3.0L 4X4 AT,10175
Ford Ikon 1.3 Flair,Kochi,2009,66484,Petrol,Manual,First,13.8,1299.0,70.0,5,Ford,Ikon 1.3 Flair,1815
BMW X1 sDrive 20d xLine,Coimbatore,2019,15456,Diesel,Automatic,First,20.68,1995.0,190.0,5,BMW,X1 sDrive 20d xLine,40304
Mercedes-Benz E-Class 2009-2013 E250 CDI Classic,Mumbai,2011,55000,Diesel,Automatic,Second,14.21,2143.0,203.0,5,Mercedes-Benz,E-Class 2009-2013 E250 CDI Classic,17600
Maruti Eeco 5 STR With AC Plus HTR CNG,Kochi,2019,21112,CNG,Manual,First,10.785714285714286,1196.0,73.0,5,Maruti,Eeco 5 STR With AC Plus HTR CNG,5918
Honda Jazz Select Edition,Pune,2011,98000,Petrol,Manual,First,16.7,1198.0,88.8,0,Honda,Jazz Select Edition,3465
Honda Amaze S i-Dtech,Ahmedabad,2014,61297,Diesel,Manual,First,25.8,1498.0,98.6,5,Honda,Amaze S i-Dtech,4785
Maruti Zen LXi - BS III,Hyderabad,2006,80000,Petrol,Manual,Second,17.3,993.0,60.0,5,Maruti,Zen LXi - BS III,1320
Hyundai i20 Magna,Jaipur,2013,59000,Petrol,Manual,Second,18.5,1197.0,80.0,5,Hyundai,i20 Magna,4510
BMW X5 3.0d,Chennai,2009,150000,Diesel,Automatic,First,11.0,2993.0,235.0,5,BMW,X5 3.0d,20625
Hyundai Creta 1.6 CRDi SX Option,Coimbatore,2017,60083,Diesel,Manual,First,19.67,1582.0,126.2,5,Hyundai,Creta 1.6 CRDi SX Option,15158
Maruti Swift Dzire LDI,Kolkata,2016,85450,Diesel,Manual,First,26.59,1248.0,74.0,5,Maruti,Swift Dzire LDI,4400
Maruti Swift VDI,Jaipur,2013,88000,Diesel,Manual,First,22.9,1248.0,74.0,5,Maruti,Swift VDI,4763
Hyundai Grand i10 1.2 CRDi Asta,Kochi,2015,81828,Diesel,Manual,First,24.0,1186.0,73.97,5,Hyundai,Grand i10 1.2 CRDi Asta,5973
Ford Figo Aspire 1.2 Ti-VCT Trend,Mumbai,2016,18000,Petrol,Manual,First,18.16,1196.0,86.8,5,Ford,Figo Aspire 1.2 Ti-VCT Trend,5390
Mercedes-Benz New C-Class C 220 CDI Celebration Edition,Kolkata,2016,34000,Diesel,Automatic,First,11.78,2143.0,167.62,5,Mercedes-Benz,New C-Class C 220 CDI Celebration Edition,28050
Hyundai Grand i10 AT Asta,Ahmedabad,2015,46000,Petrol,Automatic,First,18.9,1197.0,82.0,5,Hyundai,Grand i10 AT Asta,5610
Hyundai Verna 1.6 SX CRDi (O),Hyderabad,2013,48158,Diesel,Manual,First,22.32,1582.0,126.32,5,Hyundai,Verna 1.6 SX CRDi (O),7370
BMW 5 Series 525d Sedan,Hyderabad,2013,93000,Diesel,Automatic,First,16.73,2993.0,218.0,5,BMW,5 Series 525d Sedan,29150
Nissan Micra Diesel XV Premium,Ahmedabad,2013,71007,Diesel,Manual,First,23.08,1461.0,63.1,5,Nissan,Micra Diesel XV Premium,4290
Maruti SX4 ZXI MT BSIV,Pune,2010,63067,Petrol,Manual,Second,15.5,1586.0,103.3,5,Maruti,SX4 ZXI MT BSIV,2970
Tata Manza Aura Quadrajet BS IV,Hyderabad,2011,70259,Diesel,Manual,First,21.12,1248.0,88.8,5,Tata,Manza Aura Quadrajet BS IV,3245
Audi A4 2.0 TDI Multitronic,Ahmedabad,2015,13000,Diesel,Automatic,First,16.55,1968.0,140.0,5,Audi,A4 2.0 TDI Multitronic,25300
Maruti Swift Ldi BSIV,Pune,2009,140000,Diesel,Manual,Second,17.8,1248.0,75.0,5,Maruti,Swift Ldi BSIV,2739
Maruti Swift LDI Optional,Jaipur,2015,130000,Diesel,Manual,First,25.2,1248.0,74.0,5,Maruti,Swift LDI Optional,4950
Toyota Corolla Altis Diesel D4DJ,Delhi,2011,89401,Diesel,Manual,First,21.43,1364.0,87.2,5,Toyota,Corolla Altis Diesel D4DJ,4950
Honda Jazz 1.5 VX i DTEC,Hyderabad,2015,67000,Diesel,Manual,First,27.3,1498.0,98.6,5,Honda,Jazz 1.5 VX i DTEC,7590
Skoda Fabia 1.2 Petrol Active,Jaipur,2010,72000,Petrol,Manual,First,16.25,1198.0,73.9,5,Skoda,Fabia 1.2 Petrol Active,2431
Land Rover Freelander 2 HSE,Mumbai,2011,82000,Diesel,Automatic,Second,12.35,2179.0,187.74,5,Land,Rover Freelander 2 HSE,15290
Ford Fiesta 1.6 ZXi Duratec,Pune,2010,85000,Petrol,Manual,First,15.3,1596.0,101.0,5,Ford,Fiesta 1.6 ZXi Duratec,1606
Hyundai Verna SX CRDi AT,Pune,2012,83000,Diesel,Automatic,First,19.08,1582.0,126.32,5,Hyundai,Verna SX CRDi AT,6600
Renault KWID 1.0 RXT Optional,Jaipur,2016,26000,Petrol,Manual,First,21.7,999.0,67.0,5,Renault,KWID 1.0 RXT Optional,3300
Tata Indica Vista Quadrajet 90 ZX Plus,Delhi,2012,27000,Diesel,Manual,First,22.3,1248.0,88.8,5,Tata,Indica Vista Quadrajet 90 ZX Plus,3850
Hyundai i20 Active 1.4 SX,Kochi,2018,37746,Diesel,Manual,First,21.19,1396.0,88.73,5,Hyundai,i20 Active 1.4 SX,8349
Maruti SX4 Zxi BSIII,Mumbai,2009,63274,Petrol,Manual,Second,15.0,1586.0,104.68,5,Maruti,SX4 Zxi BSIII,2189
Renault KWID RXT,Hyderabad,2016,25000,Petrol,Manual,First,25.17,799.0,53.3,5,Renault,KWID RXT,4180
Hyundai EON D Lite Plus,Bangalore,2013,45010,Petrol,Manual,Second,21.1,814.0,55.2,5,Hyundai,EON D Lite Plus,3245
Honda Amaze VX i-DTEC,Delhi,2013,75348,Diesel,Manual,First,25.8,1498.0,98.6,5,Honda,Amaze VX i-DTEC,4125
Volkswagen Polo Diesel Highline 1.2L,Kolkata,2010,90110,Diesel,Manual,First,22.07,1199.0,73.9,5,Volkswagen,Polo Diesel Highline 1.2L,2750
Honda City 1.5 V MT,Pune,2011,102013,Petrol,Manual,First,17.0,1497.0,118.0,5,Honda,City 1.5 V MT,4125
Toyota Fortuner 4x2 AT,Pune,2015,36000,Diesel,Automatic,First,12.55,2982.0,168.5,7,Toyota,Fortuner 4x2 AT,24200
Honda Amaze E i-Vtech,Kochi,2017,37578,Petrol,Manual,First,18.0,1198.0,86.7,5,Honda,Amaze E i-Vtech,6754
BMW 1 Series 118d Base,Pune,2015,46001,Diesel,Automatic,First,20.58,1995.0,143.0,5,BMW,1 Series 118d Base,17600
Maruti Celerio VXI AT,Hyderabad,2014,46559,Petrol,Automatic,First,23.1,998.0,67.04,5,Maruti,Celerio VXI AT,4125
Toyota Innova 2.5 GX (Diesel) 8 Seater,Mumbai,2015,48000,Diesel,Manual,First,12.99,2494.0,100.6,8,Toyota,Innova 2.5 GX (Diesel) 8 Seater,12925
Jaguar XF 2.2 Litre Luxury,Pune,2013,46000,Diesel,Automatic,Second,16.36,2179.0,187.7,5,Jaguar,XF 2.2 Litre Luxury,26400
Honda WRV i-VTEC VX,Hyderabad,2017,15000,Petrol,Manual,First,17.5,1199.0,88.7,5,Honda,WRV i-VTEC VX,9790
BMW X1 sDrive20d,Chennai,2012,85000,Diesel,Automatic,Third,17.05,1995.0,184.0,5,BMW,X1 sDrive20d,11000
Skoda Rapid 1.6 MPI AT Elegance,Mumbai,2014,32000,Petrol,Automatic,First,14.3,1598.0,103.5,5,Skoda,Rapid 1.6 MPI AT Elegance,6105
Volkswagen Vento 1.6 Comfortline,Kochi,2012,60818,Petrol,Manual,First,16.09,1598.0,103.5,5,Volkswagen,Vento 1.6 Comfortline,3949
Ford EcoSport 1.5 TDCi Trend Plus BE,Coimbatore,2019,35188,Diesel,Manual,First,22.77,1498.0,98.59,5,Ford,EcoSport 1.5 TDCi Trend Plus BE,12243
Mahindra XUV500 W6 2WD,Jaipur,2012,110000,Diesel,Manual,First,15.1,2179.0,140.0,7,Mahindra,XUV500 W6 2WD,7920
Ford Fiesta Classic 1.4 Duratorq LXI,Mumbai,2014,61000,Diesel,Manual,First,18.6,1388.0,67.0,5,Ford,Fiesta Classic 1.4 Duratorq LXI,3278
Hyundai Santro Xing GLS,Pune,2010,75000,Petrol,Manual,Second,17.92,1086.0,62.1,5,Hyundai,Santro Xing GLS,1870
Mercedes-Benz GL-Class 2007 2012 350 CDI Luxury,Delhi,2015,55000,Diesel,Automatic,First,12.0,2987.0,224.0,7,Mercedes-Benz,GL-Class 2007 2012 350 CDI Luxury,57200
Honda City i VTEC VX Option,Mumbai,2016,42000,Petrol,Manual,First,17.8,1497.0,117.3,5,Honda,City i VTEC VX Option,10175
Hyundai Santa Fe 2WD AT,Bangalore,2014,48000,Diesel,Automatic,First,13.01,2199.0,194.3,7,Hyundai,Santa Fe 2WD AT,17875
Mercedes-Benz GLA Class 200 CDI SPORT,Kolkata,2015,35000,Diesel,Automatic,First,17.9,2143.0,136.0,5,Mercedes-Benz,GLA Class 200 CDI SPORT,23089
Toyota Innova 2.5 G4 Diesel 8-seater,Chennai,2005,128000,Diesel,Manual,Second,12.8,2494.0,102.0,8,Toyota,Innova 2.5 G4 Diesel 8-seater,4675
BMW 3 Series 320d Sedan,Bangalore,2008,78000,Diesel,Automatic,Second,16.07,1995.0,181.0,5,BMW,3 Series 320d Sedan,7920
Maruti Swift ZXI,Hyderabad,2011,53080,Petrol,Manual,First,18.6,1197.0,85.8,5,Maruti,Swift ZXI,4840
Volkswagen Vento Petrol Highline,Pune,2011,66000,Petrol,Manual,Second,15.04,1598.0,103.6,5,Volkswagen,Vento Petrol Highline,4675
Maruti Ertiga VXI,Ahmedabad,2012,25000,Petrol,Manual,First,16.02,1373.0,93.7,7,Maruti,Ertiga VXI,5885
Hyundai Grand i10 AT Asta,Coimbatore,2016,36139,Petrol,Automatic,Second,18.9,1197.0,82.0,5,Hyundai,Grand i10 AT Asta,6930
Hyundai Creta 1.6 CRDi SX,Delhi,2017,44000,Diesel,Manual,First,19.67,1582.0,126.2,5,Hyundai,Creta 1.6 CRDi SX,13750
Audi A6 3.0 TDI quattro,Ahmedabad,2008,50000,Diesel,Automatic,Second,16.77,2967.0,241.38,5,Audi,A6 3.0 TDI quattro,8250
Mahindra XUV500 W8 1.99 mHawk,Delhi,2016,81177,Diesel,Manual,First,16.0,1997.0,140.0,7,Mahindra,XUV500 W8 1.99 mHawk,12375
Ford EcoSport 1.5 Ti VCT AT Titanium BE,Mumbai,2016,26000,Petrol,Automatic,First,16.05,1499.0,110.4,5,Ford,EcoSport 1.5 Ti VCT AT Titanium BE,8415
Hyundai Xcent 1.1 CRDi Base,Mumbai,2016,100000,Diesel,Manual,First,24.4,1120.0,71.0,5,Hyundai,Xcent 1.1 CRDi Base,4950
Volkswagen Vento 1.5 TDI Comfortline AT,Hyderabad,2014,75000,Diesel,Automatic,First,21.21,1498.0,103.2,5,Volkswagen,Vento 1.5 TDI Comfortline AT,8250
Mercedes-Benz S-Class 280 AT,Kochi,2004,119859,Petrol,Automatic,First,13.0,2987.0,210.0,5,Mercedes-Benz,S-Class 280 AT,7810
Hyundai i10 Magna,Mumbai,2010,55980,Petrol,Manual,First,20.36,1197.0,78.9,5,Hyundai,i10 Magna,2475
Audi A4 35 TDI Technology Edition,Hyderabad,2015,30000,Diesel,Automatic,First,17.11,1968.0,174.33,5,Audi,A4 35 TDI Technology Edition,29700
Hyundai i20 Sportz 1.4 CRDi,Pune,2012,49700,Diesel,Manual,Second,21.9,1396.0,88.76,5,Hyundai,i20 Sportz 1.4 CRDi,4598
Hyundai Verna 1.4 EX,Chennai,2013,79000,Diesel,Manual,First,23.5,1396.0,88.7,5,Hyundai,Verna 1.4 EX,7150
Honda City 1.5 V MT,Delhi,2010,65100,Petrol,Manual,First,17.0,1497.0,118.0,5,Honda,City 1.5 V MT,3465
Maruti Ertiga VDI,Pune,2016,54161,Diesel,Manual,First,25.47,1248.0,88.5,7,Maruti,Ertiga VDI,8404
Maruti Wagon R AMT VXI,Mumbai,2016,9000,Petrol,Automatic,First,20.51,998.0,67.0,5,Maruti,Wagon R AMT VXI,4675
Hyundai Verna 1.6 CRDi AT SX,Kochi,2016,42876,Diesel,Automatic,First,19.08,1582.0,126.2,5,Hyundai,Verna 1.6 CRDi AT SX,10241
Volkswagen Vento 1.6 Comfortline,Kochi,2018,20488,Petrol,Manual,Second,16.09,1598.0,103.5,5,Volkswagen,Vento 1.6 Comfortline,8404
Maruti Baleno Zeta 1.2,Delhi,2016,21000,Petrol,Manual,First,21.4,1197.0,83.1,5,Maruti,Baleno Zeta 1.2,6831
Land Rover Freelander 2 TD4 SE,Jaipur,2012,119203,Diesel,Automatic,First,0.0,2179.0,115.0,5,Land,Rover Freelander 2 TD4 SE,18150
Honda CR-V 2.0L 2WD AT,Kochi,2011,55987,Petrol,Automatic,First,13.7,1997.0,153.86,5,Honda,CR-V 2.0L 2WD AT,9042
Toyota Fortuner 2.8 2WD MT,Coimbatore,2017,72668,Diesel,Manual,First,14.24,2755.0,174.5,7,Toyota,Fortuner 2.8 2WD MT,31735
Honda City V AT,Mumbai,2015,32000,Petrol,Automatic,First,15.6,1497.0,116.3,5,Honda,City V AT,9350
Honda City i-VTEC S,Mumbai,2015,10400,Petrol,Manual,First,17.4,1497.0,117.3,5,Honda,City i-VTEC S,7161
Maruti Swift VDI,Mumbai,2013,35000,Diesel,Manual,First,22.9,1248.0,74.0,5,Maruti,Swift VDI,5115
Toyota Corolla Altis 2008-2013 1.8 VL AT,Kochi,2013,55101,Petrol,Automatic,First,14.53,1794.0,138.1,5,Toyota,Corolla Altis 2008-2013 1.8 VL AT,9240
Toyota Etios Cross 1.4L VD,Bangalore,2014,57464,Diesel,Manual,First,23.59,1364.0,67.06,5,Toyota,Etios Cross 1.4L VD,6325
Maruti Wagon R LX,Jaipur,2006,110000,Petrol,Manual,First,18.9,998.0,67.1,5,Maruti,Wagon R LX,1221
Mercedes-Benz E-Class 2015-2017 E 200 CGI,Mumbai,2014,72000,Petrol,Automatic,First,12.0,1991.0,184.0,5,Mercedes-Benz,E-Class 2015-2017 E 200 CGI,18975
Jaguar XF Aero Sport Edition,Delhi,2012,16000,Diesel,Automatic,First,16.36,2179.0,187.7,5,Jaguar,XF Aero Sport Edition,35200
Hyundai i20 Sportz Petrol,Kochi,2011,62020,Petrol,Manual,First,17.0,1197.0,80.0,5,Hyundai,i20 Sportz Petrol,3795
Land Rover Freelander 2 SE,Pune,2014,85000,Diesel,Automatic,Second,12.39,2179.0,147.51,5,Land,Rover Freelander 2 SE,25300
Hyundai Elite i20 Petrol Sportz,Kochi,2018,14223,Petrol,Manual,First,18.6,1197.0,81.86,5,Hyundai,Elite i20 Petrol Sportz,8052
Honda Amaze S i-Vtech,Jaipur,2014,41210,Petrol,Manual,First,18.0,1198.0,86.7,5,Honda,Amaze S i-Vtech,4840
Mercedes-Benz M-Class ML 350 4Matic,Bangalore,2015,20000,Diesel,Automatic,First,0.0,2987.0,165.0,5,Mercedes-Benz,M-Class ML 350 4Matic,52085
Maruti Alto 800 VXI,Coimbatore,2016,18043,Petrol,Manual,First,22.74,796.0,47.3,5,Maruti,Alto 800 VXI,4532
Toyota Innova Crysta 2.8 ZX AT,Chennai,2016,80000,Diesel,Automatic,First,11.36,2755.0,171.5,7,Toyota,Innova Crysta 2.8 ZX AT,21450
Hyundai Grand i10 AT Asta,Hyderabad,2016,21000,Petrol,Automatic,First,18.9,1197.0,82.0,5,Hyundai,Grand i10 AT Asta,6820
BMW X3 xDrive30d M Sport,Bangalore,2016,49000,Diesel,Automatic,First,16.55,2993.0,258.0,5,BMW,X3 xDrive30d M Sport,49500
Hyundai i20 Magna,Chennai,2010,95000,Petrol,Manual,Second,18.5,1197.0,80.0,5,Hyundai,i20 Magna,3080
Hyundai Grand i10 AT Asta,Pune,2015,32000,Petrol,Automatic,First,18.9,1197.0,82.0,5,Hyundai,Grand i10 AT Asta,5280
Ford Fiesta 1.5 TDCi Titanium,Hyderabad,2014,122800,Diesel,Manual,First,25.01,1498.0,89.75,5,Ford,Fiesta 1.5 TDCi Titanium,6215
Maruti Swift Dzire VDI,Ahmedabad,2015,69000,Diesel,Manual,First,26.59,1248.0,74.0,5,Maruti,Swift Dzire VDI,6490
Toyota Etios VXD,Pune,2015,65000,Diesel,Manual,Second,23.59,1364.0,67.04,5,Toyota,Etios VXD,5500
Hyundai Xcent 1.2 Kappa Base,Ahmedabad,2015,23000,Petrol,Manual,First,19.1,1197.0,82.0,5,Hyundai,Xcent 1.2 Kappa Base,5390
Honda Civic 2006-2010 1.8 S MT,Ahmedabad,2009,70000,Petrol,Manual,First,13.5,1799.0,130.0,5,Honda,Civic 2006-2010 1.8 S MT,4675
Hyundai Accent GLE,Delhi,2012,56000,Petrol,Manual,First,13.2,1495.0,94.0,5,Hyundai,Accent GLE,2695
Maruti Alto 800 LXI,Pune,2013,30000,Petrol,Manual,First,22.74,796.0,47.3,5,Maruti,Alto 800 LXI,2750
Ford Ecosport 1.5 DV5 MT Titanium Optional,Jaipur,2013,92250,Diesel,Manual,Second,22.7,1498.0,89.84,5,Ford,Ecosport 1.5 DV5 MT Titanium Optional,6325
Hyundai Xcent 1.2 VTVT E,Pune,2018,40000,Petrol,Manual,First,20.14,1197.0,81.86,5,Hyundai,Xcent 1.2 VTVT E,5500
Skoda Rapid 1.6 MPI AT Ambition Plus,Kochi,2014,96848,Petrol,Automatic,First,14.3,1598.0,103.6,5,Skoda,Rapid 1.6 MPI AT Ambition Plus,5082
Audi Q3 2012-2015 35 TDI Quattro Premium Plus,Delhi,2016,42000,Diesel,Automatic,First,15.73,1968.0,174.33,5,Audi,Q3 2012-2015 35 TDI Quattro Premium Plus,25850
Mahindra XUV500 W8 2WD,Kolkata,2013,55886,Diesel,Manual,First,16.0,2179.0,140.0,7,Mahindra,XUV500 W8 2WD,7975
Hyundai Verna VTVT 1.6 SX Option,Kochi,2019,12336,Petrol,Manual,First,17.0,1591.0,121.3,5,Hyundai,Verna VTVT 1.6 SX Option,13068
Hyundai Verna Xi (Petrol),Chennai,2009,60000,Petrol,Manual,Third,13.9,1599.0,103.2,5,Hyundai,Verna Xi (Petrol),2475
Nissan Micra Active XV,Pune,2018,24000,Petrol,Manual,First,19.69,1198.0,67.04,5,Nissan,Micra Active XV,4400
Honda Brio VX AT,Pune,2016,32198,Petrol,Automatic,First,16.5,1198.0,86.8,5,Honda,Brio VX AT,5610
Toyota Innova 2.5 GX (Diesel) 7 Seater,Hyderabad,2014,92247,Diesel,Manual,First,12.99,2494.0,100.6,7,Toyota,Innova 2.5 GX (Diesel) 7 Seater,13750
Volkswagen Vento 1.5 TDI Highline,Chennai,2011,121311,Diesel,Manual,First,20.64,1498.0,108.5,5,Volkswagen,Vento 1.5 TDI Highline,3190
Mahindra XUV500 W10 AWD,Coimbatore,2016,66296,Diesel,Manual,First,16.0,2179.0,140.0,7,Mahindra,XUV500 W10 AWD,17556
Hyundai Xcent 1.2 Kappa AT SX Option,Mumbai,2015,41000,Petrol,Automatic,First,16.9,1197.0,82.0,5,Hyundai,Xcent 1.2 Kappa AT SX Option,5995
Ford Endeavour 2.2 Trend MT 4X4,Kochi,2017,38681,Diesel,Manual,First,13.5,2198.0,157.7,7,Ford,Endeavour 2.2 Trend MT 4X4,26246
Chevrolet Spark 1.0 LT,Kochi,2008,43761,Petrol,Manual,First,18.0,995.0,62.0,5,Chevrolet,Spark 1.0 LT,1925
Maruti Ertiga SHVS VDI,Hyderabad,2017,17400,Diesel,Manual,First,24.52,1248.0,88.5,7,Maruti,Ertiga SHVS VDI,10725
Honda Amaze S i-Dtech,Bangalore,2013,61510,Diesel,Manual,First,25.8,1498.0,98.6,5,Honda,Amaze S i-Dtech,5225
Honda City i VTEC S,Delhi,2014,60000,Petrol,Manual,First,17.4,1497.0,117.3,5,Honda,City i VTEC S,6875
Mini Cooper Countryman D,Bangalore,2014,35165,Diesel,Automatic,Second,23.8,1998.0,112.0,5,Mini,Cooper Countryman D,24200
Toyota Corolla Altis 2008-2013 1.8 VL AT,Kochi,2016,41617,Petrol,Automatic,First,14.53,1794.0,138.1,5,Toyota,Corolla Altis 2008-2013 1.8 VL AT,15554
Skoda Superb Elegance 1.8 TSI AT,Delhi,2014,65000,Petrol,Automatic,First,13.7,1798.0,157.75,5,Skoda,Superb Elegance 1.8 TSI AT,13145
Maruti Wagon R LXI BS IV,Delhi,2011,68000,Petrol,Manual,First,18.9,998.0,67.1,5,Maruti,Wagon R LXI BS IV,2750
Hyundai i10 Era 1.1,Mumbai,2013,49000,Petrol,Manual,First,19.81,1086.0,68.05,5,Hyundai,i10 Era 1.1,3025
Tata Tiago 1.2 Revotron XT Option,Coimbatore,2019,16698,Petrol,Manual,First,23.84,1199.0,84.0,5,Tata,Tiago 1.2 Revotron XT Option,6435
Maruti Baleno Zeta 1.2,Ahmedabad,2016,30965,Petrol,Manual,First,21.4,1197.0,83.1,5,Maruti,Baleno Zeta 1.2,6875
Volkswagen Vento 1.6 Highline,Mumbai,2014,56058,Petrol,Manual,First,15.04,1598.0,103.2,5,Volkswagen,Vento 1.6 Highline,5445
Hyundai Grand i10 1.2 Kappa Sportz Option,Pune,2017,15356,Petrol,Manual,First,18.9,1197.0,81.86,5,Hyundai,Grand i10 1.2 Kappa Sportz Option,5225
Ford Figo Diesel EXI,Delhi,2013,54000,Diesel,Manual,First,20.0,1399.0,68.05,5,Ford,Figo Diesel EXI,2805
Honda Civic 2010-2013 1.8 V AT Sunroof,Pune,2011,47000,Petrol,Automatic,Second,13.9,1799.0,130.3,5,Honda,Civic 2010-2013 1.8 V AT Sunroof,4950
Maruti Alto 800 LXI,Kochi,2015,21652,Petrol,Manual,First,22.74,796.0,47.3,5,Maruti,Alto 800 LXI,3310
Land Rover Range Rover Evoque 2.0 TD4 HSE Dynamic,Hyderabad,2016,52000,Diesel,Automatic,First,15.68,1999.0,177.0,5,Land,Rover Range Rover Evoque 2.0 TD4 HSE Dynamic,46200
Audi A6 2.7 TDI,Kolkata,2010,35010,Diesel,Automatic,First,12.4,2698.0,179.5,5,Audi,A6 2.7 TDI,12650
Mercedes-Benz E-Class 280 CDI,Hyderabad,2006,76662,Diesel,Automatic,First,11.0,2987.0,198.5,5,Mercedes-Benz,E-Class 280 CDI,12089
Honda City 1.5 V AT Exclusive,Jaipur,2009,89000,Petrol,Automatic,First,17.0,1497.0,118.0,5,Honda,City 1.5 V AT Exclusive,4081
Honda CR-V 2.4 4WD AT,Jaipur,2006,80000,Petrol,Automatic,Third,10.1,2354.0,152.0,5,Honda,CR-V 2.4 4WD AT,2200
Maruti Ciaz 1.3 Alpha,Kochi,2018,39023,Diesel,Manual,First,28.09,1248.0,88.5,5,Maruti,Ciaz 1.3 Alpha,10428
Maruti Wagon R LXI,Jaipur,2004,62000,Petrol,Manual,Second,18.9,998.0,67.1,5,Maruti,Wagon R LXI,1375
Hyundai Creta 1.6 CRDi SX Option,Jaipur,2015,78046,Diesel,Manual,First,19.67,1582.0,126.2,5,Hyundai,Creta 1.6 CRDi SX Option,11990
Maruti Ciaz VDi Plus SHVS,Kolkata,2015,34400,Diesel,Manual,First,28.09,1248.0,88.5,5,Maruti,Ciaz VDi Plus SHVS,6050
Hyundai EON D Lite Plus,Coimbatore,2016,64624,Petrol,Manual,First,21.1,814.0,55.2,5,Hyundai,EON D Lite Plus,4081
Maruti Ertiga VXI,Mumbai,2014,69192,Petrol,Manual,First,16.02,1373.0,93.7,7,Maruti,Ertiga VXI,6875
Volkswagen Vento Diesel Highline,Chennai,2012,55000,Diesel,Manual,First,20.54,1598.0,103.6,5,Volkswagen,Vento Diesel Highline,5390
Honda City 1.5 GXI,Mumbai,2005,81000,Petrol,Manual,Second,12.8,1493.0,100.0,5,Honda,City 1.5 GXI,1210
Volkswagen Polo Petrol Trendline 1.2L,Kochi,2016,36733,Petrol,Manual,First,16.47,1198.0,73.9,5,Volkswagen,Polo Petrol Trendline 1.2L,5192
Mercedes-Benz GLA Class 200 CDI,Mumbai,2016,43022,Diesel,Automatic,First,17.9,2143.0,136.0,5,Mercedes-Benz,GLA Class 200 CDI,27335
Hyundai Santa Fe 4X2,Jaipur,2013,74000,Diesel,Manual,First,14.66,2199.0,194.3,7,Hyundai,Santa Fe 4X2,13475
Maruti Swift VDI,Kolkata,2014,47000,Diesel,Manual,First,22.9,1248.0,74.0,5,Maruti,Swift VDI,4290
Hyundai Elite i20 Sportz Plus,Kochi,2017,37460,Petrol,Manual,First,18.6,1197.0,81.86,5,Hyundai,Elite i20 Sportz Plus,6908
Mahindra Xylo E8 BS IV,Mumbai,2011,130000,Diesel,Manual,First,14.0,2498.0,112.0,8,Mahindra,Xylo E8 BS IV,3025
Hyundai Grand i10 Asta Option,Coimbatore,2017,31576,Petrol,Manual,First,18.9,1197.0,82.0,5,Hyundai,Grand i10 Asta Option,8635
Volkswagen Vento Petrol Highline,Mumbai,2011,66000,Petrol,Manual,First,15.04,1598.0,103.6,5,Volkswagen,Vento Petrol Highline,3245
Honda Accord 2.4 A/T,Mumbai,2008,79000,Petrol,Automatic,Second,11.7,2354.0,177.6,5,Honda,Accord 2.4 A/T,5335
Mercedes-Benz B Class B200 CDI,Bangalore,2016,36610,Diesel,Automatic,First,15.0,2143.0,107.3,5,Mercedes-Benz,B Class B200 CDI,21890
Hyundai Creta 1.6 SX Option Diesel,Bangalore,2016,93000,Diesel,Manual,First,20.5,1582.0,126.2,5,Hyundai,Creta 1.6 SX Option Diesel,11880
Audi A3 35 TDI Premium,Mumbai,2016,20003,Diesel,Automatic,First,20.38,1968.0,143.0,5,Audi,A3 35 TDI Premium,21175
Renault Duster 85PS Diesel RxL,Delhi,2013,66314,Diesel,Manual,First,19.87,1461.0,83.8,5,Renault,Duster 85PS Diesel RxL,6050
Ford Fiesta 1.4 ZXi TDCi ABS,Chennai,2009,76000,Diesel,Manual,First,17.8,1399.0,68.0,5,Ford,Fiesta 1.4 ZXi TDCi ABS,3025
Hyundai Creta 1.6 SX Plus Diesel,Bangalore,2015,29000,Diesel,Manual,First,19.67,1582.0,126.2,5,Hyundai,Creta 1.6 SX Plus Diesel,14300
Ford Figo Diesel ZXI,Mumbai,2011,30000,Diesel,Manual,First,20.0,1399.0,68.0,5,Ford,Figo Diesel ZXI,3520
Volkswagen Polo Petrol Highline 1.6L,Coimbatore,2013,56526,Petrol,Manual,First,15.26,1598.0,103.5,5,Volkswagen,Polo Petrol Highline 1.6L,6424
Volvo V40 D3 R Design,Hyderabad,2015,38000,Diesel,Automatic,Second,16.8,1969.0,150.0,5,Volvo,V40 D3 R Design,26400
Hyundai Verna SX CRDi AT,Chennai,2012,41000,Diesel,Automatic,First,19.08,1582.0,126.32,5,Hyundai,Verna SX CRDi AT,6875
BMW 7 Series 2007-2012 730Ld,Hyderabad,2009,53000,Diesel,Automatic,First,14.49,2993.0,258.0,5,BMW,7 Series 2007-2012 730Ld,39600
Mitsubishi Lancer GLXD,Chennai,2003,125000,Diesel,Manual,Third,14.8,1998.0,68.0,5,Mitsubishi,Lancer GLXD,3300
Maruti Ciaz VDi Plus,Chennai,2015,90000,Diesel,Manual,First,26.21,1248.0,88.5,5,Maruti,Ciaz VDi Plus,7150
Maruti Vitara Brezza VDi Option,Hyderabad,2018,11000,Diesel,Manual,First,24.3,1248.0,88.5,5,Maruti,Vitara Brezza VDi Option,10340
BMW 3 Series Luxury Line,Kochi,2018,21936,Diesel,Automatic,First,21.76,1995.0,190.0,5,BMW,3 Series Luxury Line,41712
Volkswagen Vento Petrol Highline AT,Pune,2013,41000,Petrol,Automatic,First,14.4,1598.0,103.6,5,Volkswagen,Vento Petrol Highline AT,5775
Hyundai i20 1.2 Asta,Chennai,2011,47000,Petrol,Manual,First,17.0,1197.0,80.0,5,Hyundai,i20 1.2 Asta,4950
BMW X5 3.0d,Chennai,2009,110000,Diesel,Automatic,First,11.0,2993.0,235.0,5,BMW,X5 3.0d,19800
Hyundai Xcent 1.2 Kappa S,Coimbatore,2015,45960,Petrol,Manual,First,19.1,1197.0,82.0,5,Hyundai,Xcent 1.2 Kappa S,6116
Mercedes-Benz E-Class 2009-2013 E250 CDI Blue Efficiency,Bangalore,2013,48000,Diesel,Automatic,First,14.21,2143.0,203.0,5,Mercedes-Benz,E-Class 2009-2013 E250 CDI Blue Efficiency,24200
Land Rover Freelander 2 SE,Hyderabad,2011,68000,Diesel,Automatic,First,12.39,2179.0,147.51,5,Land,Rover Freelander 2 SE,24200
Hyundai i10 Magna,Mumbai,2011,41000,Petrol,Manual,First,20.36,1197.0,78.9,5,Hyundai,i10 Magna,2915
Hyundai Verna 1.6 SX CRDi (O),Jaipur,2013,69573,Diesel,Manual,Second,22.32,1582.0,126.32,5,Hyundai,Verna 1.6 SX CRDi (O),6435
Volkswagen Jetta 2012-2014 2.0L TDI Highline,Chennai,2012,115000,Diesel,Manual,First,19.33,1968.0,138.1,5,Volkswagen,Jetta 2012-2014 2.0L TDI Highline,7645
Mahindra XUV500 W8 2WD,Kolkata,2012,47629,Diesel,Manual,First,15.1,2179.0,140.0,7,Mahindra,XUV500 W8 2WD,7150
Skoda Superb Style 1.8 TSI AT,Delhi,2013,80000,Petrol,Automatic,Second,14.67,1798.0,177.46,5,Skoda,Superb Style 1.8 TSI AT,7975
Maruti Swift VDI,Pune,2012,94868,Diesel,Manual,First,22.9,1248.0,74.0,5,Maruti,Swift VDI,4950
Mahindra Scorpio 2.6 LX,Mumbai,2010,76477,Diesel,Manual,First,10.5,2179.0,120.0,8,Mahindra,Scorpio 2.6 LX,4675
Mercedes-Benz GLA Class 200 Sport Edition,Chennai,2016,28000,Petrol,Automatic,First,13.7,1991.0,183.0,5,Mercedes-Benz,GLA Class 200 Sport Edition,28600
Mahindra Thar CRDe,Coimbatore,2017,28599,Diesel,Manual,First,16.55,2498.0,105.0,6,Mahindra,Thar CRDe,10626
Renault Duster 110PS Diesel RxZ,Bangalore,2013,45348,Diesel,Manual,Second,19.01,1461.0,108.45,5,Renault,Duster 110PS Diesel RxZ,7535
Audi Q5 2008-2012 2.0 TDI,Coimbatore,2013,80127,Diesel,Automatic,First,12.8,1968.0,167.6,5,Audi,Q5 2008-2012 2.0 TDI,26048
Land Rover Freelander 2 SE,Delhi,2013,68000,Diesel,Automatic,Second,12.39,2179.0,147.51,5,Land,Rover Freelander 2 SE,17325
Volkswagen Vento Diesel Comfortline,Pune,2012,75000,Diesel,Manual,Third,20.54,1598.0,103.6,5,Volkswagen,Vento Diesel Comfortline,3850
Hyundai Elantra CRDi SX,Coimbatore,2019,41871,Diesel,Manual,First,22.7,1582.0,126.2,5,Hyundai,Elantra CRDi SX,17127
Tata Sumo EX,Coimbatore,2015,84931,Diesel,Manual,First,15.3,2956.0,83.8,7,Tata,Sumo EX,5819
Datsun redi-GO T,Kolkata,2016,15000,Petrol,Manual,First,22.7,799.0,53.64,5,Datsun,redi-GO T,2475
BMW X5 xDrive 30d,Chennai,2009,110000,Diesel,Automatic,First,11.7,2993.0,245.0,5,BMW,X5 xDrive 30d,22000
Maruti Alto Vxi 1.1,Chennai,2002,103653,Petrol,Manual,Second,18.9,1061.0,47.0,5,Maruti,Alto Vxi 1.1,1342
Volkswagen Polo Petrol Comfortline 1.2L,Chennai,2012,64806,Petrol,Manual,First,16.47,1198.0,73.9,5,Volkswagen,Polo Petrol Comfortline 1.2L,4015
Datsun GO Plus A,Pune,2016,35000,Petrol,Manual,First,20.62,1198.0,67.0,7,Datsun,GO Plus A,3410
Hyundai Creta 1.6 VTVT S,Bangalore,2016,40000,Petrol,Manual,First,15.29,1591.0,121.3,5,Hyundai,Creta 1.6 VTVT S,12650
Maruti Alto K10 VXI,Kochi,2015,23876,Petrol,Manual,First,24.07,998.0,67.1,5,Maruti,Alto K10 VXI,3806
Hyundai Santa Fe 4X4,Coimbatore,2013,67901,Diesel,Manual,First,14.66,2199.0,194.3,7,Hyundai,Santa Fe 4X4,9218
Volkswagen Polo GT TDI,Pune,2014,68865,Diesel,Manual,First,15.11,1598.0,103.6,5,Volkswagen,Polo GT TDI,5280
Honda Amaze S i-Dtech,Pune,2014,71000,Diesel,Manual,Second,25.8,1498.0,98.6,5,Honda,Amaze S i-Dtech,4950
Maruti Swift VDI,Kolkata,2014,25000,Diesel,Manual,First,22.9,1248.0,74.0,5,Maruti,Swift VDI,4345
Mercedes-Benz E-Class 280 CDI,Mumbai,2005,131000,Diesel,Automatic,First,11.0,2987.0,198.5,5,Mercedes-Benz,E-Class 280 CDI,11000
Mahindra Scorpio SLE BSIV,Delhi,2011,65000,Diesel,Manual,Second,12.05,2179.0,120.0,8,Mahindra,Scorpio SLE BSIV,4400
Nissan Sunny 2011-2014 Diesel XL,Hyderabad,2012,117777,Diesel,Manual,First,21.64,1461.0,84.8,5,Nissan,Sunny 2011-2014 Diesel XL,5225
Maruti Swift Dzire VXi,Bangalore,2009,65000,Petrol,Manual,Second,17.5,1298.0,85.8,5,Maruti,Swift Dzire VXi,3410
Hyundai EON Sportz,Kochi,2017,46897,Petrol,Manual,First,21.1,814.0,55.2,5,Hyundai,EON Sportz,3971
Honda Brio S MT,Coimbatore,2015,36695,Petrol,Manual,First,19.4,1198.0,86.8,5,Honda,Brio S MT,4719
Nissan Micra XV Primo,Kolkata,2011,43000,Petrol,Manual,First,18.06,1198.0,75.0,5,Nissan,Micra XV Primo,2343
BMW 3 Series 320d,Hyderabad,2011,89000,Diesel,Automatic,First,22.69,1995.0,190.0,5,BMW,3 Series 320d,15345
Volkswagen Polo 1.2 MPI Highline,Mumbai,2014,7000,Petrol,Manual,First,16.47,1198.0,74.0,5,Volkswagen,Polo 1.2 MPI Highline,5885
Maruti Celerio LXI,Hyderabad,2014,58470,Petrol,Manual,First,23.1,998.0,67.04,5,Maruti,Celerio LXI,4290
Maruti Wagon R VXI 1.2,Kolkata,2014,37000,Petrol,Manual,First,21.5,1197.0,81.8,5,Maruti,Wagon R VXI 1.2,3080
Maruti Ciaz ZDi Plus,Mumbai,2016,29000,Diesel,Manual,First,26.21,1248.0,88.5,5,Maruti,Ciaz ZDi Plus,9625
Audi A4 2.0 TDI,Hyderabad,2013,52000,Diesel,Automatic,First,16.55,1968.0,147.51,5,Audi,A4 2.0 TDI,21450
Honda Brio S MT,Kolkata,2013,32807,Petrol,Manual,First,19.4,1198.0,86.8,5,Honda,Brio S MT,3025
Mahindra Scorpio VLX 2WD AT BSIV,Hyderabad,2013,86000,Diesel,Automatic,First,11.79,2179.0,120.0,8,Mahindra,Scorpio VLX 2WD AT BSIV,8800
Honda City i DTEC V,Delhi,2014,66500,Diesel,Manual,First,26.0,1498.0,98.6,5,Honda,City i DTEC V,6270
BMW X1 sDrive20d,Ahmedabad,2012,94000,Diesel,Automatic,First,17.05,1995.0,184.0,5,BMW,X1 sDrive20d,13750
Chevrolet Spark 1.0 LT,Chennai,2011,29000,Petrol,Manual,Second,18.0,995.0,62.0,5,Chevrolet,Spark 1.0 LT,1925
Ford Figo Diesel EXI,Chennai,2010,107389,Diesel,Manual,Second,20.0,1399.0,68.0,5,Ford,Figo Diesel EXI,2090
Maruti Swift VXI BSIV,Ahmedabad,2015,36100,Petrol,Manual,First,20.4,1197.0,81.8,5,Maruti,Swift VXI BSIV,4950
Mercedes-Benz New C-Class C 220 CDI Avantgarde,Mumbai,2015,16329,Diesel,Automatic,First,19.27,2143.0,170.0,5,Mercedes-Benz,New C-Class C 220 CDI Avantgarde,33330
Skoda Octavia Elegance 2.0 TDI AT,Hyderabad,2014,36000,Diesel,Automatic,First,19.3,1968.0,141.0,5,Skoda,Octavia Elegance 2.0 TDI AT,17600
BMW X3 xDrive20d xLine,Kochi,2017,41816,Diesel,Automatic,First,18.56,1995.0,190.0,5,BMW,X3 xDrive20d xLine,36058
Hyundai EON Era Plus,Jaipur,2015,54680,Petrol,Manual,First,21.1,814.0,55.2,5,Hyundai,EON Era Plus,2750
Audi A4 35 TDI Technology,Hyderabad,2017,14000,Diesel,Automatic,First,18.25,1968.0,187.74,5,Audi,A4 35 TDI Technology,47300
Ford Figo 2015-2019 1.2P Titanium MT,Kochi,2017,23977,Petrol,Manual,First,18.16,1196.0,86.8,5,Ford,Figo 2015-2019 1.2P Titanium MT,5918
Maruti Alto K10 2010-2014 VXI,Hyderabad,2013,30131,Petrol,Manual,First,20.92,998.0,67.1,5,Maruti,Alto K10 2010-2014 VXI,2915
Mercedes-Benz New C-Class C 220 CDI Style,Hyderabad,2015,39000,Diesel,Automatic,First,19.27,2143.0,167.62,5,Mercedes-Benz,New C-Class C 220 CDI Style,37400
Hyundai Xcent 1.1 CRDi S,Kochi,2017,32257,Diesel,Manual,First,24.4,1120.0,71.0,5,Hyundai,Xcent 1.1 CRDi S,7513
Honda Amaze S i-Dtech,Kochi,2016,46983,Diesel,Manual,First,25.8,1498.0,98.6,5,Honda,Amaze S i-Dtech,6346
Maruti Swift Vdi BSIII,Chennai,2008,107000,Diesel,Manual,Second,17.8,1248.0,75.0,5,Maruti,Swift Vdi BSIII,3410
Volkswagen Polo 1.2 MPI Comfortline,Mumbai,2017,19000,Petrol,Manual,First,16.2,1199.0,74.0,5,Volkswagen,Polo 1.2 MPI Comfortline,5445
Audi A4 2.0 TDI 177 Bhp Premium Plus,Bangalore,2013,88000,Diesel,Automatic,First,17.11,1968.0,174.33,5,Audi,A4 2.0 TDI 177 Bhp Premium Plus,17875
Mahindra XUV500 W8 2WD,Chennai,2011,128000,Diesel,Manual,Third,16.0,2179.0,140.0,7,Mahindra,XUV500 W8 2WD,7040
Ford Endeavour 2.5L 4X2,Bangalore,2011,71000,Diesel,Manual,Third,13.1,2499.0,141.0,7,Ford,Endeavour 2.5L 4X2,7645
Maruti Baleno Alpha,Chennai,2016,16000,Petrol,Manual,First,21.4,1197.0,83.1,5,Maruti,Baleno Alpha,7645
Hyundai Xcent 1.1 CRDi Base,Kolkata,2017,82000,Diesel,Manual,First,24.4,1120.0,71.0,5,Hyundai,Xcent 1.1 CRDi Base,3795
Honda Civic 2006-2010 1.8 S MT,Delhi,2008,80000,Petrol,Manual,First,13.5,1799.0,130.0,5,Honda,Civic 2006-2010 1.8 S MT,3025
Hyundai i20 Sportz Option 1.2,Delhi,2015,36000,Petrol,Manual,Second,18.6,1197.0,81.83,5,Hyundai,i20 Sportz Option 1.2,5445
Tata Nexon 1.2 Revotron XZ Plus,Coimbatore,2018,17477,Petrol,Manual,First,17.0,1198.0,108.5,5,Tata,Nexon 1.2 Revotron XZ Plus,10582
Hyundai i20 Sportz 1.2,Coimbatore,2016,16725,Petrol,Manual,First,18.6,1197.0,81.83,5,Hyundai,i20 Sportz 1.2,7469
Maruti Swift Dzire ZXI,Mumbai,2014,48241,Petrol,Manual,First,19.1,1197.0,85.8,5,Maruti,Swift Dzire ZXI,4950
Maruti Wagon R LXI,Kochi,2014,52431,Petrol,Manual,First,22.5,998.0,67.04,5,Maruti,Wagon R LXI,3310
Hyundai i20 Sportz 1.4 CRDi,Bangalore,2012,68000,Diesel,Manual,First,21.9,1396.0,88.76,5,Hyundai,i20 Sportz 1.4 CRDi,4840
Toyota Fortuner 4x2 AT,Hyderabad,2012,158000,Diesel,Automatic,First,12.55,2982.0,168.5,7,Toyota,Fortuner 4x2 AT,19239
Hyundai i10 Sportz,Coimbatore,2014,31446,Petrol,Manual,First,20.36,1197.0,78.9,5,Hyundai,i10 Sportz,5126
Hyundai Grand i10 Asta,Chennai,2015,25000,Petrol,Manual,First,18.9,1197.0,82.0,5,Hyundai,Grand i10 Asta,6050
Hyundai i20 Asta 1.2,Ahmedabad,2016,57000,Petrol,Manual,First,18.6,1197.0,81.83,5,Hyundai,i20 Asta 1.2,6600
Maruti Vitara Brezza ZDi Plus,Kochi,2018,57078,Diesel,Manual,First,24.3,1248.0,88.5,5,Maruti,Vitara Brezza ZDi Plus,11209
Honda Amaze S i-Dtech,Kochi,2016,47471,Diesel,Manual,First,25.8,1498.0,98.6,5,Honda,Amaze S i-Dtech,5775
Mercedes-Benz M-Class ML 250 CDI,Hyderabad,2014,50000,Diesel,Automatic,First,15.26,2143.0,203.2,5,Mercedes-Benz,M-Class ML 250 CDI,49500
Hyundai i20 Sportz Diesel,Ahmedabad,2010,62000,Diesel,Manual,First,23.0,1396.0,90.0,5,Hyundai,i20 Sportz Diesel,2970
Hyundai i10 Era,Coimbatore,2013,65807,Petrol,Manual,First,19.81,1086.0,68.05,5,Hyundai,i10 Era,3729
Maruti Swift Dzire VDI,Hyderabad,2014,81768,Diesel,Manual,First,26.59,1248.0,74.0,5,Maruti,Swift Dzire VDI,6259
Maruti Baleno Alpha Diesel,Hyderabad,2017,24000,Diesel,Manual,First,27.39,1248.0,74.0,5,Maruti,Baleno Alpha Diesel,9240
Chevrolet Beat Diesel,Hyderabad,2012,72921,Diesel,Manual,First,25.44,936.0,57.6,5,Chevrolet,Beat Diesel,2750
Honda Brio V MT,Pune,2012,59000,Petrol,Manual,First,19.4,1198.0,86.8,5,Honda,Brio V MT,3575
Ford Figo Diesel Titanium,Mumbai,2014,33000,Diesel,Manual,Second,20.0,1399.0,68.05,5,Ford,Figo Diesel Titanium,3575
Maruti Celerio VXI AT,Pune,2016,36789,Petrol,Automatic,First,23.1,998.0,67.04,5,Maruti,Celerio VXI AT,4675
Mercedes-Benz New C-Class C 220 CDI Elegance AT,Jaipur,2014,41000,Diesel,Automatic,First,14.84,2143.0,170.0,5,Mercedes-Benz,New C-Class C 220 CDI Elegance AT,20350
Honda Brio S MT,Jaipur,2015,46650,Petrol,Manual,First,19.4,1198.0,86.8,5,Honda,Brio S MT,4675
Hyundai EON Sportz,Coimbatore,2014,14799,Petrol,Manual,First,21.1,814.0,55.2,5,Hyundai,EON Sportz,4554
Hyundai i20 1.4 CRDi Sportz,Hyderabad,2015,68525,Diesel,Manual,First,23.0,1396.0,90.0,5,Hyundai,i20 1.4 CRDi Sportz,7700
Ford Endeavour 3.2 Titanium AT 4X4,Hyderabad,2018,15000,Diesel,Automatic,First,10.91,3198.0,197.0,7,Ford,Endeavour 3.2 Titanium AT 4X4,36300
Honda City i-VTEC VX,Ahmedabad,2017,29000,Petrol,Manual,First,17.4,1497.0,117.3,5,Honda,City i-VTEC VX,11000
Maruti SX4 ZDI,Kochi,2012,77407,Diesel,Manual,Second,21.5,1248.0,88.8,5,Maruti,SX4 ZDI,3883
Chevrolet Optra Magnum 1.6 LS Petrol,Jaipur,2007,118000,Petrol,Manual,First,12.9,1598.0,102.5,5,Chevrolet,Optra Magnum 1.6 LS Petrol,1485
Volkswagen Vento Diesel Highline,Delhi,2013,75000,Diesel,Manual,First,20.54,1598.0,103.6,5,Volkswagen,Vento Diesel Highline,4950
Honda City V MT,Pune,2012,69000,Petrol,Manual,First,16.8,1497.0,116.3,5,Honda,City V MT,5390
Hyundai Creta 1.6 CRDi SX Option,Kochi,2016,52553,Diesel,Manual,First,19.67,1582.0,126.2,5,Hyundai,Creta 1.6 CRDi SX Option,13486
Hyundai Xcent 1.1 CRDi SX,Mumbai,2014,58000,Diesel,Manual,Second,24.4,1120.0,71.0,5,Hyundai,Xcent 1.1 CRDi SX,4389
Mercedes-Benz GLC 220d 4MATIC Style,Mumbai,2017,24000,Diesel,Automatic,First,17.9,2143.0,170.0,5,Mercedes-Benz,GLC 220d 4MATIC Style,51645
Ford Figo Diesel EXI,Hyderabad,2015,65542,Diesel,Manual,First,20.0,1399.0,68.0,5,Ford,Figo Diesel EXI,4180
Volkswagen Jetta 2007-2011 2.0 TDI Trendline,Ahmedabad,2013,68008,Diesel,Manual,Second,15.0,1896.0,105.0,5,Volkswagen,Jetta 2007-2011 2.0 TDI Trendline,7425
Mahindra TUV 300 2015-2019 T8,Coimbatore,2017,22251,Diesel,Manual,First,18.49,1493.0,100.0,7,Mahindra,TUV 300 2015-2019 T8,9625
Ford Ecosport 1.5 Ti VCT MT Titanium,Chennai,2013,55000,Petrol,Manual,Second,15.8,1499.0,110.0,5,Ford,Ecosport 1.5 Ti VCT MT Titanium,5720
Hyundai Verna 1.6 SX VTVT (O),Kochi,2017,19387,Petrol,Manual,First,17.1,1591.0,121.3,5,Hyundai,Verna 1.6 SX VTVT (O),9262
Maruti Wagon R LXI CNG,Pune,2014,58000,CNG,Manual,First,19.000000000000004,998.0,58.16,5,Maruti,Wagon R LXI CNG,3300
Hyundai i20 Sportz 1.2,Mumbai,2016,24001,Petrol,Manual,First,18.6,1197.0,81.83,5,Hyundai,i20 Sportz 1.2,6325
Audi A4 New 2.0 TDI Multitronic,Kolkata,2008,17000,Diesel,Automatic,First,15.2,1968.0,140.8,5,Audi,A4 New 2.0 TDI Multitronic,10725
Nissan Micra Active XV S,Delhi,2015,28500,Petrol,Manual,First,19.49,1198.0,67.04,5,Nissan,Micra Active XV S,3850
Mercedes-Benz M-Class ML 250 CDI,Jaipur,2014,66000,Diesel,Automatic,First,15.26,2143.0,203.2,5,Mercedes-Benz,M-Class ML 250 CDI,33000
Land Rover Discovery Sport TD4 S,Delhi,2017,22000,Diesel,Automatic,First,12.83,2179.0,147.5,5,Land,Rover Discovery Sport TD4 S,38500
Hyundai Creta 1.6 SX Option Executive,Coimbatore,2018,44383,Petrol,Manual,First,15.8,1591.0,121.3,5,Hyundai,Creta 1.6 SX Option Executive,14575
Skoda Rapid 1.6 TDI Active,Mumbai,2013,45000,Diesel,Manual,First,20.5,1598.0,103.5,5,Skoda,Rapid 1.6 TDI Active,4015
Maruti Swift Dzire VDI,Jaipur,2015,58000,Diesel,Manual,First,23.4,1248.0,74.0,5,Maruti,Swift Dzire VDI,5775
Hyundai Creta 1.6 SX,Delhi,2016,69000,Petrol,Manual,First,15.8,1591.0,121.3,5,Hyundai,Creta 1.6 SX,10670
Hyundai Grand i10 CRDi Sportz,Coimbatore,2017,60993,Diesel,Manual,First,24.0,1120.0,70.0,5,Hyundai,Grand i10 CRDi Sportz,5731
Mahindra TUV 300 T8,Pune,2016,67000,Diesel,Manual,First,18.49,1493.0,100.0,7,Mahindra,TUV 300 T8,6930
Hyundai Grand i10 CRDi Sportz,Kochi,2014,51134,Diesel,Manual,First,24.0,1120.0,70.0,5,Hyundai,Grand i10 CRDi Sportz,5192
BMW X5 xDrive 30d,Chennai,2011,55000,Diesel,Automatic,Second,11.7,2993.0,245.0,5,BMW,X5 xDrive 30d,30800
Maruti Dzire AMT VDI,Coimbatore,2018,25082,Diesel,Automatic,First,28.4,1248.0,73.75,5,Maruti,Dzire AMT VDI,9207
Toyota Fortuner 4x4 MT,Delhi,2012,68350,Diesel,Manual,First,12.55,2982.0,168.5,7,Toyota,Fortuner 4x4 MT,15400
Audi A6 2011-2015 35 TDI Technology,Hyderabad,2015,50000,Diesel,Automatic,First,17.68,1968.0,174.33,5,Audi,A6 2011-2015 35 TDI Technology,39600
Honda Jazz 1.5 V i DTEC,Pune,2015,97000,Diesel,Manual,First,27.3,1498.0,98.6,5,Honda,Jazz 1.5 V i DTEC,7040
Mahindra Scorpio 2009-2014 VLX 2WD 7S BSIV,Jaipur,2014,72618,Diesel,Manual,First,12.05,2179.0,120.0,7,Mahindra,Scorpio 2009-2014 VLX 2WD 7S BSIV,8800
Chevrolet Cruze LTZ,Hyderabad,2012,62005,Diesel,Manual,First,18.3,1991.0,147.9,5,Chevrolet,Cruze LTZ,10780
Chevrolet Beat Diesel LT,Hyderabad,2012,61250,Diesel,Manual,First,25.44,936.0,57.6,5,Chevrolet,Beat Diesel LT,2970
Audi A4 35 TDI Premium Plus,Coimbatore,2014,28469,Diesel,Automatic,First,18.25,1968.0,187.74,5,Audi,A4 35 TDI Premium Plus,26807
Skoda Rapid 1.6 MPI AT Style,Kochi,2018,21488,Petrol,Automatic,First,14.3,1598.0,103.52,5,Skoda,Rapid 1.6 MPI AT Style,10692
Toyota Fortuner 3.0 Diesel,Pune,2009,138205,Diesel,Manual,Second,11.5,2982.0,171.0,7,Toyota,Fortuner 3.0 Diesel,11550
Maruti Swift VDI,Jaipur,2012,160000,Diesel,Manual,Second,22.9,1248.0,74.0,5,Maruti,Swift VDI,4290
Honda City 1.5 V MT Exclusive,Coimbatore,2012,67590,Petrol,Manual,First,17.0,1497.0,118.0,5,Honda,City 1.5 V MT Exclusive,6215
Mercedes-Benz M-Class ML 250 CDI,Mumbai,2012,52000,Diesel,Automatic,First,15.26,2143.0,203.2,5,Mercedes-Benz,M-Class ML 250 CDI,32945
Maruti Swift Ldi BSIII,Bangalore,2008,100000,Diesel,Manual,Second,17.8,1248.0,75.0,5,Maruti,Swift Ldi BSIII,3300
Ford Aspire Titanium Diesel,Kolkata,2017,60048,Diesel,Manual,First,26.1,1498.0,99.0,5,Ford,Aspire Titanium Diesel,6600
Hyundai i10 Sportz,Mumbai,2009,48000,Petrol,Manual,First,20.36,1197.0,78.9,5,Hyundai,i10 Sportz,2321
Toyota Etios Liva GD,Coimbatore,2013,62601,Diesel,Manual,First,23.59,1364.0,67.04,5,Toyota,Etios Liva GD,5137
Maruti Swift VXI BSIV,Bangalore,2006,80010,Petrol,Manual,Second,20.4,1197.0,81.8,5,Maruti,Swift VXI BSIV,3135
Mercedes-Benz New C-Class C 220 CDI Avantgarde,Coimbatore,2017,26493,Diesel,Automatic,First,19.27,2143.0,170.0,5,Mercedes-Benz,New C-Class C 220 CDI Avantgarde,37004
Maruti Alto 800 VXI,Jaipur,2014,45700,Petrol,Manual,Second,22.74,796.0,47.3,5,Maruti,Alto 800 VXI,2662
Skoda Superb 2.8 V6 AT,Kolkata,2005,13000,Petrol,Automatic,First,9.3,2771.0,193.1,5,Skoda,Superb 2.8 V6 AT,3575
Volkswagen Polo Petrol Comfortline 1.2L,Kolkata,2013,38000,Petrol,Manual,First,16.47,1198.0,73.9,5,Volkswagen,Polo Petrol Comfortline 1.2L,3080
Maruti Dzire AMT ZXI Plus,Coimbatore,2019,8018,Petrol,Automatic,First,22.0,1197.0,81.8,5,Maruti,Dzire AMT ZXI Plus,9130
Mahindra Scorpio VLX,Bangalore,2010,144400,Diesel,Manual,Third,12.05,2179.0,120.0,8,Mahindra,Scorpio VLX,5775
Maruti Swift Vdi BSIII,Jaipur,2010,152000,Diesel,Manual,First,17.8,1248.0,75.0,5,Maruti,Swift Vdi BSIII,3190
BMW 3 Series 320d Prestige,Pune,2013,71000,Diesel,Automatic,First,18.88,1995.0,184.0,5,BMW,3 Series 320d Prestige,16500
Toyota Innova 2.5 VX (Diesel) 8 Seater,Mumbai,2014,87143,Diesel,Manual,First,12.99,2494.0,100.0,8,Toyota,Innova 2.5 VX (Diesel) 8 Seater,13750
Honda Brio S Option MT,Mumbai,2012,25000,Petrol,Manual,First,18.4,1198.0,86.8,5,Honda,Brio S Option MT,3025
Mahindra Scorpio SLE BSIV,Kochi,2014,45239,Diesel,Manual,First,12.05,2179.0,120.0,8,Mahindra,Scorpio SLE BSIV,7799
BMW 5 Series 2003-2012 525d,Hyderabad,2011,101999,Diesel,Automatic,First,16.73,1995.0,218.0,5,BMW,5 Series 2003-2012 525d,21989
Toyota Corolla Altis D-4D GL,Mumbai,2014,74219,Diesel,Manual,First,21.43,1364.0,87.2,5,Toyota,Corolla Altis D-4D GL,11825
Honda City i VTEC CVT VX,Mumbai,2016,25000,Petrol,Automatic,First,18.0,1497.0,117.3,5,Honda,City i VTEC CVT VX,10395
Hyundai Verna CRDi 1.6 SX Option,Hyderabad,2008,109606,Diesel,Manual,First,22.0,1582.0,126.2,5,Hyundai,Verna CRDi 1.6 SX Option,3190
Maruti Swift Dzire VDI Optional,Kolkata,2015,36000,Diesel,Manual,First,26.59,1248.0,74.0,5,Maruti,Swift Dzire VDI Optional,5170
Maruti Ciaz ZXi,Coimbatore,2016,41810,Petrol,Manual,First,20.73,1373.0,91.1,5,Maruti,Ciaz ZXi,7821
Ford Ecosport 1.5 DV5 MT Titanium,Jaipur,2014,93321,Diesel,Manual,First,22.7,1498.0,89.84,5,Ford,Ecosport 1.5 DV5 MT Titanium,6875
Maruti Alto K10 2010-2014 VXI,Hyderabad,2011,81000,Petrol,Manual,First,20.92,998.0,67.1,5,Maruti,Alto K10 2010-2014 VXI,2420
Honda Amaze V CVT Petrol,Kochi,2019,25717,Petrol,Automatic,First,19.0,1199.0,88.76,5,Honda,Amaze V CVT Petrol,9746
Mahindra XUV500 W6 2WD,Delhi,2015,37000,Diesel,Manual,First,15.1,2179.0,140.0,7,Mahindra,XUV500 W6 2WD,10230
Mahindra TUV 300 2015-2019 T8,Coimbatore,2017,56380,Diesel,Manual,First,18.49,1493.0,100.0,7,Mahindra,TUV 300 2015-2019 T8,8327
Honda Jazz VX,Chennai,2017,8000,Petrol,Manual,First,18.2,1199.0,88.7,5,Honda,Jazz VX,8690
Maruti Swift VXI BSIII W/ ABS,Kochi,2018,14589,Petrol,Manual,First,16.1,1298.0,88.2,5,Maruti,Swift VXI BSIII W/ ABS,6215
Volkswagen Polo Petrol Highline 1.2L,Delhi,2013,65088,Petrol,Manual,First,16.47,1198.0,73.9,5,Volkswagen,Polo Petrol Highline 1.2L,3575
Hyundai Creta 1.6 SX Option Diesel,Coimbatore,2019,24864,Diesel,Manual,First,20.5,1582.0,126.2,5,Hyundai,Creta 1.6 SX Option Diesel,17897
Chevrolet Beat LS,Coimbatore,2011,64831,Petrol,Manual,First,18.6,1199.0,79.4,5,Chevrolet,Beat LS,3531
Honda Amaze VX i-DTEC,Kolkata,2013,38001,Diesel,Manual,First,25.8,1498.0,98.6,5,Honda,Amaze VX i-DTEC,4290
Mercedes-Benz E-Class 230 E AT,Mumbai,2008,77000,Petrol,Automatic,Second,10.0,2496.0,157.7,5,Mercedes-Benz,E-Class 230 E AT,7150
BMW 5 Series 530d M Sport,Hyderabad,2016,27000,Diesel,Automatic,First,18.59,2993.0,265.0,5,BMW,5 Series 530d M Sport,52800
Audi A3 35 TDI Premium Plus,Mumbai,2016,39000,Diesel,Automatic,First,20.38,1968.0,143.0,5,Audi,A3 35 TDI Premium Plus,20790
Maruti Swift Dzire VDI,Pune,2015,131000,Diesel,Manual,First,26.59,1248.0,74.0,5,Maruti,Swift Dzire VDI,3960
Maruti Swift Dzire VDI,Kolkata,2015,43000,Diesel,Manual,First,26.59,1248.0,74.0,5,Maruti,Swift Dzire VDI,6050
Toyota Innova 2.5 V Diesel 7-seater,Pune,2011,68000,Diesel,Manual,Second,12.8,2494.0,102.0,7,Toyota,Innova 2.5 V Diesel 7-seater,7700
BMW X3 xDrive20d,Bangalore,2016,45165,Diesel,Automatic,First,16.09,1995.0,184.0,5,BMW,X3 xDrive20d,45925
BMW 5 Series 2003-2012 525d,Hyderabad,2007,120000,Diesel,Automatic,First,16.73,1995.0,218.0,5,BMW,5 Series 2003-2012 525d,11550
Mahindra XUV500 W8 2WD,Coimbatore,2014,86091,Diesel,Manual,First,15.1,2179.0,140.0,7,Mahindra,XUV500 W8 2WD,11099
Honda City 1.5 S MT,Delhi,2009,71499,Petrol,Manual,First,17.0,1497.0,118.0,5,Honda,City 1.5 S MT,3300
Force One LX 4x4,Chennai,2014,50000,Diesel,Manual,First,17.0,2200.0,139.01,7,Force,One LX 4x4,13200
Volkswagen Polo 1.5 TDI Comfortline,Jaipur,2015,66000,Diesel,Manual,First,20.14,1498.0,88.0,5,Volkswagen,Polo 1.5 TDI Comfortline,5401
Honda Jazz S,Kolkata,2010,45000,Petrol,Manual,First,16.0,1198.0,90.0,5,Honda,Jazz S,2200
Toyota Etios Liva GD SP,Hyderabad,2015,69189,Diesel,Manual,First,23.59,1364.0,67.06,5,Toyota,Etios Liva GD SP,5830
Nissan Terrano XV Premium 110 PS,Mumbai,2014,40206,Diesel,Manual,First,19.01,1461.0,108.5,5,Nissan,Terrano XV Premium 110 PS,7942
BMW X3 xDrive 20d xLine,Kochi,2017,36723,Diesel,Automatic,First,18.56,1995.0,190.0,5,BMW,X3 xDrive 20d xLine,35827
Hyundai i20 1.2 Magna,Mumbai,2010,57500,Petrol,Manual,First,18.5,1197.0,80.0,5,Hyundai,i20 1.2 Magna,3025
Maruti Eeco 5 STR With AC Plus HTR CNG,Kochi,2018,43912,CNG,Manual,First,10.785714285714286,1196.0,73.0,5,Maruti,Eeco 5 STR With AC Plus HTR CNG,4763
Ford Fiesta EXi 1.4 TDCi Ltd,Hyderabad,2011,52000,Diesel,Manual,First,17.8,1399.0,68.0,5,Ford,Fiesta EXi 1.4 TDCi Ltd,4125
Honda City 1.5 V AT,Kochi,2014,60952,Petrol,Automatic,First,16.8,1497.0,118.0,5,Honda,City 1.5 V AT,6501
Maruti Swift VDI BSIV,Chennai,2013,87192,Diesel,Manual,First,25.2,1248.0,74.0,5,Maruti,Swift VDI BSIV,4785
Hyundai Grand i10 CRDi SportZ Edition,Delhi,2014,58000,Diesel,Manual,First,24.0,1120.0,70.0,5,Hyundai,Grand i10 CRDi SportZ Edition,3575
Volkswagen Ameo 1.2 MPI Highline 16 Alloy,Mumbai,2016,16650,Petrol,Manual,First,17.0,1198.0,74.0,5,Volkswagen,Ameo 1.2 MPI Highline 16 Alloy,6050
Honda City i VTEC CVT VX,Kochi,2018,34696,Petrol,Automatic,First,18.0,1497.0,117.3,5,Honda,City i VTEC CVT VX,13288
Maruti Baleno Alpha 1.3,Kochi,2018,42243,Diesel,Manual,First,27.39,1248.0,74.0,5,Maruti,Baleno Alpha 1.3,8228
Hyundai Grand i10 CRDi Sportz,Jaipur,2016,57824,Diesel,Manual,First,24.0,1120.0,70.0,5,Hyundai,Grand i10 CRDi Sportz,6050
Maruti Swift Dzire VDi,Jaipur,2011,110000,Diesel,Manual,First,19.3,1248.0,73.9,5,Maruti,Swift Dzire VDi,3850
Land Rover Freelander 2 TD4 HSE,Delhi,2013,72000,Diesel,Automatic,First,0.0,2179.0,115.0,5,Land,Rover Freelander 2 TD4 HSE,17050
Toyota Fortuner 3.0 Diesel,Hyderabad,2013,63455,Diesel,Manual,First,11.5,2982.0,171.0,7,Toyota,Fortuner 3.0 Diesel,20900
Honda Jazz VX Diesel,Hyderabad,2017,17151,Diesel,Manual,First,27.3,1498.0,98.6,5,Honda,Jazz VX Diesel,9240
Maruti Vitara Brezza LDi Option,Pune,2016,31001,Diesel,Manual,First,24.3,1248.0,88.5,5,Maruti,Vitara Brezza LDi Option,7975
Maruti Swift Dzire VDI,Kolkata,2014,42109,Diesel,Manual,First,23.4,1248.0,74.0,5,Maruti,Swift Dzire VDI,4675
Skoda Rapid 1.5 TDI AT Elegance,Delhi,2015,55000,Diesel,Automatic,Second,21.66,1498.0,103.52,5,Skoda,Rapid 1.5 TDI AT Elegance,6270
Land Rover Freelander 2 TD4 SE,Hyderabad,2013,46000,Diesel,Automatic,Second,0.0,2179.0,115.0,5,Land,Rover Freelander 2 TD4 SE,28600
Maruti Alto 800 LXI,Hyderabad,2013,30852,Petrol,Manual,First,22.74,796.0,47.3,5,Maruti,Alto 800 LXI,2739
Volkswagen Polo Petrol Highline 1.2L,Pune,2011,65000,Petrol,Manual,Second,16.47,1198.0,73.9,5,Volkswagen,Polo Petrol Highline 1.2L,3300
Honda City i DTEC SV,Delhi,2015,65000,Diesel,Manual,First,26.0,1498.0,98.6,5,Honda,City i DTEC SV,6545
Maruti Swift Dzire LDI,Delhi,2013,72000,Diesel,Manual,First,23.4,1248.0,74.0,5,Maruti,Swift Dzire LDI,2959
Audi A4 2.0 TDI 177 Bhp Technology Edition,Bangalore,2014,29000,Diesel,Automatic,First,17.11,1968.0,174.33,5,Audi,A4 2.0 TDI 177 Bhp Technology Edition,28600
Honda City i VTEC VX,Kolkata,2015,32000,Petrol,Manual,First,17.8,1497.0,117.3,5,Honda,City i VTEC VX,6050
Ford Figo Aspire 1.2 Ti-VCT Ambiente,Chennai,2016,29875,Petrol,Manual,First,18.16,1196.0,86.8,5,Ford,Figo Aspire 1.2 Ti-VCT Ambiente,5335
Maruti Vitara Brezza LDi,Kochi,2018,32539,Diesel,Manual,First,24.3,1248.0,88.5,5,Maruti,Vitara Brezza LDi,9229
Renault Duster 110PS Diesel RxL,Hyderabad,2015,83090,Diesel,Manual,First,19.01,1461.0,108.45,5,Renault,Duster 110PS Diesel RxL,8789
Hyundai i20 Active 1.4 SX,Hyderabad,2016,62679,Diesel,Manual,First,21.19,1396.0,88.73,5,Hyundai,i20 Active 1.4 SX,7645
Mahindra Logan Petrol 1.4 GLE,Mumbai,2010,93000,Petrol,Manual,First,15.7,1390.0,75.0,5,Mahindra,Logan Petrol 1.4 GLE,1650
Honda City ZX GXi,Mumbai,2006,44000,Petrol,Manual,First,17.7,1497.0,78.0,5,Honda,City ZX GXi,1705
Ford Figo Petrol EXI,Bangalore,2010,78400,Petrol,Manual,Second,15.6,1196.0,70.0,5,Ford,Figo Petrol EXI,3025
Renault Duster Petrol RxL,Mumbai,2014,71300,Petrol,Manual,First,13.06,1598.0,102.53,5,Renault,Duster Petrol RxL,4675
Hyundai i10 Sportz 1.2,Kolkata,2015,18000,Petrol,Manual,First,20.36,1197.0,78.9,5,Hyundai,i10 Sportz 1.2,3135
Audi Q5 2008-2012 2.0 TFSI Quattro,Ahmedabad,2009,99100,Petrol,Automatic,Second,9.74,1984.0,208.0,5,Audi,Q5 2008-2012 2.0 TFSI Quattro,11000
Maruti Versa DX2 BS II,Mumbai,2003,62000,Petrol,Manual,Second,11.3,1298.0,83.1,8,Maruti,Versa DX2 BS II,1375
Maruti Swift Dzire ZDI,Kolkata,2017,14000,Diesel,Manual,First,26.59,1248.0,74.0,5,Maruti,Swift Dzire ZDI,8250
Audi A4 2.0 TDI Premium Sport Limited Edition,Coimbatore,2015,44811,Diesel,Automatic,First,17.11,1968.0,174.33,5,Audi,A4 2.0 TDI Premium Sport Limited Edition,28391
Volkswagen Polo 1.2 MPI Comfortline,Ahmedabad,2014,44000,Petrol,Manual,First,16.47,1198.0,74.0,5,Volkswagen,Polo 1.2 MPI Comfortline,4730
Toyota Fortuner 3.0 Diesel,Chennai,2010,136000,Diesel,Manual,Second,11.5,2982.0,171.0,7,Toyota,Fortuner 3.0 Diesel,12100
Toyota Fortuner 3.0 Diesel,Jaipur,2010,144113,Diesel,Manual,Second,11.5,2982.0,171.0,7,Toyota,Fortuner 3.0 Diesel,12925
Honda Accord 2.4 MT,Coimbatore,2012,94989,Petrol,Manual,First,12.8,2354.0,177.6,5,Honda,Accord 2.4 MT,7238
Maruti Swift ZDi,Chennai,2012,58133,Diesel,Manual,First,22.9,1248.0,74.0,5,Maruti,Swift ZDi,5280
Skoda Fabia 1.2 MPI Classic,Pune,2008,61000,Petrol,Manual,Second,17.5,1198.0,70.0,5,Skoda,Fabia 1.2 MPI Classic,1815
Jeep Compass 2.0 Sport,Kolkata,2017,27000,Diesel,Manual,First,17.1,1956.0,170.0,5,Jeep,Compass 2.0 Sport,16500
Ford Fiesta 1.6 ZXi ABS,Hyderabad,2007,145277,Petrol,Manual,First,15.3,1596.0,101.0,5,Ford,Fiesta 1.6 ZXi ABS,1815
Maruti Celerio ZDi,Ahmedabad,2015,42000,Diesel,Manual,First,27.62,793.0,47.0,5,Maruti,Celerio ZDi,3960
Toyota Fortuner 3.0 Diesel,Delhi,2011,86000,Diesel,Manual,First,11.5,2982.0,171.0,7,Toyota,Fortuner 3.0 Diesel,12650
Maruti Celerio ZDi,Ahmedabad,2015,42150,Diesel,Manual,First,27.62,793.0,47.0,5,Maruti,Celerio ZDi,3960
Hyundai EON Era Plus,Pune,2015,30158,Petrol,Manual,First,21.1,814.0,55.2,5,Hyundai,EON Era Plus,3355
Ford Fiesta Diesel Trend,Bangalore,2011,47000,Diesel,Manual,Second,23.5,1498.0,90.0,5,Ford,Fiesta Diesel Trend,6600
Volkswagen Polo 1.2 MPI Comfortline,Ahmedabad,2013,39000,Petrol,Manual,First,16.47,1198.0,74.0,5,Volkswagen,Polo 1.2 MPI Comfortline,4125
Volkswagen Polo 1.2 MPI Comfortline,Coimbatore,2016,32125,Petrol,Manual,First,16.2,1199.0,74.0,5,Volkswagen,Polo 1.2 MPI Comfortline,6787
Maruti Vitara Brezza ZDi,Coimbatore,2017,58829,Diesel,Manual,First,24.3,1248.0,88.5,5,Maruti,Vitara Brezza ZDi,9955
Honda Brio S MT,Coimbatore,2013,67559,Petrol,Manual,First,19.4,1198.0,86.8,5,Honda,Brio S MT,4455
Maruti Swift Dzire VXi,Pune,2013,55000,Petrol,Manual,First,17.5,1298.0,85.8,5,Maruti,Swift Dzire VXi,4675
Maruti Celerio LXI MT,Kolkata,2018,30000,Petrol,Manual,First,23.1,998.0,67.04,5,Maruti,Celerio LXI MT,4125
Hyundai Creta 1.6 SX Plus Petrol Automatic,Mumbai,2016,28000,Petrol,Automatic,First,13.0,1591.0,121.3,5,Hyundai,Creta 1.6 SX Plus Petrol Automatic,13035
Ford Ecosport 1.5 DV5 MT Titanium,Kochi,2016,31826,Diesel,Manual,First,22.7,1498.0,89.84,5,Ford,Ecosport 1.5 DV5 MT Titanium,9064
Honda CR-V RVi MT,Jaipur,2008,100009,Petrol,Manual,Second,13.1,1997.0,141.1,5,Honda,CR-V RVi MT,7150
Mahindra XUV500 W8 2WD,Delhi,2014,74345,Diesel,Manual,First,15.1,2179.0,140.0,7,Mahindra,XUV500 W8 2WD,8800
Volkswagen Polo 1.2 MPI Highline,Kochi,2015,58134,Petrol,Manual,First,16.47,1198.0,74.0,5,Volkswagen,Polo 1.2 MPI Highline,5104
Hyundai i10 Magna AT,Kochi,2010,30566,Petrol,Automatic,First,19.2,1197.0,80.0,5,Hyundai,i10 Magna AT,3652
Hyundai i10 Magna 1.2,Chennai,2012,55231,Petrol,Manual,Second,20.36,1197.0,78.9,5,Hyundai,i10 Magna 1.2,3058
Chevrolet Cruze LTZ AT,Kochi,2016,67774,Diesel,Automatic,First,14.81,1998.0,163.7,5,Chevrolet,Cruze LTZ AT,9845
Mercedes-Benz E-Class E 200 CGI,Mumbai,2013,50319,Petrol,Automatic,First,12.0,1991.0,181.03,5,Mercedes-Benz,E-Class E 200 CGI,24145
Hyundai Sonata 2.4 GDI,Ahmedabad,2013,45000,Petrol,Manual,First,11.7,2359.0,134.0,5,Hyundai,Sonata 2.4 GDI,8690
Mercedes-Benz New C-Class C 200 Kompressor Elegance AT,Kolkata,2007,43627,Petrol,Automatic,First,11.74,1796.0,186.0,5,Mercedes-Benz,New C-Class C 200 Kompressor Elegance AT,31900
Volkswagen Polo Diesel Trendline 1.2L,Kolkata,2013,45000,Diesel,Manual,First,22.07,1199.0,73.9,5,Volkswagen,Polo Diesel Trendline 1.2L,3575
Honda City i VTEC SV,Mumbai,2014,10500,Petrol,Manual,First,17.4,1497.0,117.3,5,Honda,City i VTEC SV,6490
Maruti Vitara Brezza ZDi,Coimbatore,2017,21789,Diesel,Manual,First,24.3,1248.0,88.5,5,Maruti,Vitara Brezza ZDi,10868
Hyundai Elite i20 Asta Option,Coimbatore,2019,21134,Petrol,Manual,First,18.6,1197.0,81.86,5,Hyundai,Elite i20 Asta Option,9658
Tata New Safari Dicor EX 4X2,Kolkata,2011,90000,Diesel,Manual,Second,13.93,2179.0,138.1,7,Tata,New Safari Dicor EX 4X2,3025
Nissan Sunny 2011-2014 Diesel XL,Kochi,2014,51553,Diesel,Manual,First,21.64,1461.0,84.8,5,Nissan,Sunny 2011-2014 Diesel XL,6578
BMW 3 Series 330 Ci Convertible,Delhi,2011,31000,Petrol,Automatic,First,10.9,2497.0,215.0,5,BMW,3 Series 330 Ci Convertible,34100
Toyota Corolla 1.8 J,Delhi,2011,67422,Petrol,Manual,Second,14.53,1798.0,138.0,5,Toyota,Corolla 1.8 J,3905
Hyundai Verna 1.6 SX,Kochi,2015,60519,Diesel,Manual,First,22.32,1582.0,126.32,5,Hyundai,Verna 1.6 SX,6864
Maruti Swift Dzire VDi,Kolkata,2009,34000,Diesel,Manual,First,19.3,1248.0,73.9,5,Maruti,Swift Dzire VDi,2409
Maruti Dzire VDI,Hyderabad,2013,68434,Diesel,Manual,First,28.4,1248.0,73.75,5,Maruti,Dzire VDI,6050
Maruti Alto K10 VXI,Pune,2014,17000,Petrol,Manual,First,24.07,998.0,67.1,5,Maruti,Alto K10 VXI,2310
Mercedes-Benz New C-Class 220 CDI AT,Kolkata,2012,22000,Diesel,Automatic,First,14.84,2143.0,170.0,5,Mercedes-Benz,New C-Class 220 CDI AT,15400
Hyundai Verna CRDi 1.6 SX Option,Mumbai,2013,79225,Diesel,Manual,First,22.0,1582.0,126.2,5,Hyundai,Verna CRDi 1.6 SX Option,6050
Chevrolet Aveo 1.6 LT,Pune,2007,63000,Petrol,Manual,Third,14.2,1598.0,102.0,5,Chevrolet,Aveo 1.6 LT,1320
Maruti Swift VXI BSIV,Hyderabad,2014,61922,Petrol,Manual,First,20.4,1197.0,81.8,5,Maruti,Swift VXI BSIV,5830
Hyundai Verna 1.6 CRDi S,Chennai,2015,85000,Diesel,Manual,First,23.9,1582.0,126.2,5,Hyundai,Verna 1.6 CRDi S,6930
Mercedes-Benz GLC 220d Celebration Edition,Kochi,2017,26192,Diesel,Automatic,First,17.9,2143.0,168.0,5,Mercedes-Benz,GLC 220d Celebration Edition,44517
Toyota Fortuner 4x2 Manual,Delhi,2013,65000,Diesel,Manual,First,13.0,2982.0,168.5,7,Toyota,Fortuner 4x2 Manual,17710
Audi Q5 2008-2012 2.0 TDI,Delhi,2014,44999,Diesel,Automatic,First,12.8,1968.0,167.6,5,Audi,Q5 2008-2012 2.0 TDI,27500
BMW 3 Series 320d Dynamic,Mumbai,2008,81308,Diesel,Automatic,Second,13.2,1995.0,170.0,5,BMW,3 Series 320d Dynamic,8745
Maruti Alto 800 2016-2019 LXI,Delhi,2016,35000,Petrol,Manual,First,24.7,796.0,47.3,5,Maruti,Alto 800 2016-2019 LXI,2915
Maruti Alto K10 2010-2014 VXI,Coimbatore,2012,65349,Petrol,Manual,First,20.92,998.0,67.1,5,Maruti,Alto K10 2010-2014 VXI,3091
Audi A4 1.8 TFSI Technology Edition,Hyderabad,2012,80000,Petrol,Automatic,First,15.64,1798.0,167.62,5,Audi,A4 1.8 TFSI Technology Edition,19250
Maruti Swift VXi BSIV,Mumbai,2012,61000,Petrol,Manual,First,16.1,1197.0,85.0,5,Maruti,Swift VXi BSIV,3630
Maruti Wagon R VXI,Kochi,2019,31817,Petrol,Manual,First,22.5,998.0,67.04,5,Maruti,Wagon R VXI,5874
Skoda Rapid 1.5 TDI Ambition,Hyderabad,2016,41000,Diesel,Manual,First,21.14,1498.0,103.52,5,Skoda,Rapid 1.5 TDI Ambition,9350
Honda Jazz S,Kochi,2010,82606,Petrol,Manual,Second,16.0,1198.0,90.0,5,Honda,Jazz S,2959
Mahindra XUV500 W10 2WD,Ahmedabad,2015,52000,Diesel,Manual,First,16.0,2179.0,140.0,7,Mahindra,XUV500 W10 2WD,12650
Maruti Ritz VXi,Coimbatore,2011,50318,Petrol,Manual,First,18.5,1197.0,85.8,5,Maruti,Ritz VXi,4466
Mercedes-Benz GLE 250d,Hyderabad,2016,50000,Diesel,Automatic,First,17.9,2143.0,201.15,5,Mercedes-Benz,GLE 250d,53900
Skoda Rapid 1.6 TDI Ambition,Bangalore,2012,72000,Diesel,Manual,First,20.5,1598.0,103.5,5,Skoda,Rapid 1.6 TDI Ambition,5060
Hyundai Grand i10 CRDi Magna,Delhi,2015,63776,Diesel,Manual,First,24.0,1120.0,70.0,5,Hyundai,Grand i10 CRDi Magna,4356
Hyundai Elite i20 Petrol Asta,Mumbai,2015,28133,Petrol,Manual,First,18.6,1197.0,81.86,5,Hyundai,Elite i20 Petrol Asta,6160
Tata Zest Quadrajet 1.3 75PS XE,Kolkata,2017,45000,Diesel,Manual,First,22.95,1248.0,74.0,5,Tata,Zest Quadrajet 1.3 75PS XE,4125
Hyundai i20 Magna 1.4 CRDi,Jaipur,2015,55697,Diesel,Manual,First,22.54,1396.0,88.73,5,Hyundai,i20 Magna 1.4 CRDi,6050
Skoda Rapid 1.6 TDI Elegance,Delhi,2012,62000,Diesel,Manual,Second,20.5,1598.0,103.5,5,Skoda,Rapid 1.6 TDI Elegance,3300
Fiat Linea Emotion,Mumbai,2011,48000,Petrol,Manual,First,16.0,1368.0,90.0,5,Fiat,Linea Emotion,3300
Maruti Swift VXI BSIII W/ ABS,Pune,2010,90246,Petrol,Manual,First,16.1,1298.0,88.2,5,Maruti,Swift VXI BSIII W/ ABS,3245
Tata Indica V2 2001-2011 eLS,Hyderabad,2015,80500,Diesel,Manual,First,25.0,1396.0,69.0,5,Tata,Indica V2 2001-2011 eLS,2695
Mercedes-Benz New C-Class C 220 CDI Elegance AT,Pune,2012,119000,Diesel,Automatic,First,14.84,2143.0,170.0,5,Mercedes-Benz,New C-Class C 220 CDI Elegance AT,15389
Honda City V MT AVN,Chennai,2012,41000,Petrol,Manual,Second,16.8,1497.0,116.3,5,Honda,City V MT AVN,4950
Hyundai i20 Magna,Mumbai,2010,58000,Petrol,Manual,Second,18.5,1197.0,80.0,5,Hyundai,i20 Magna,2750
Toyota Fortuner 4x2 Manual,Chennai,2015,99000,Diesel,Manual,First,13.0,2982.0,168.5,7,Toyota,Fortuner 4x2 Manual,22550
Hyundai Grand i10 Magna,Delhi,2014,31200,Petrol,Manual,First,18.9,1197.0,82.0,5,Hyundai,Grand i10 Magna,4290
Volkswagen Jetta 2007-2011 2.0 TDI Comfortline,Chennai,2009,85000,Diesel,Manual,Second,15.0,1896.0,105.0,5,Volkswagen,Jetta 2007-2011 2.0 TDI Comfortline,3850
Ford EcoSport 1.5 Ti VCT AT Titanium,Hyderabad,2016,60924,Petrol,Automatic,First,15.63,1499.0,110.4,5,Ford,EcoSport 1.5 Ti VCT AT Titanium,9130
Hyundai EON Magna Plus,Chennai,2012,45000,Petrol,Manual,First,21.1,814.0,55.2,5,Hyundai,EON Magna Plus,2750
Nissan Micra XV CVT,Kolkata,2011,44000,Petrol,Automatic,First,19.15,1198.0,75.94,5,Nissan,Micra XV CVT,2915
Honda Jazz 1.2 V CVT i VTEC,Kochi,2016,30534,Petrol,Automatic,First,19.0,1199.0,88.7,5,Honda,Jazz 1.2 V CVT i VTEC,8162
Volkswagen Polo 1.2 MPI Trendline,Kochi,2016,46399,Petrol,Manual,First,16.47,1198.0,74.0,5,Volkswagen,Polo 1.2 MPI Trendline,5093
Hyundai Verna 1.6 SX,Delhi,2011,67000,Diesel,Manual,First,22.32,1582.0,126.32,5,Hyundai,Verna 1.6 SX,4180
Mercedes-Benz E-Class 2009-2013 E 220 CDI Avantgarde,Mumbai,2013,58000,Diesel,Automatic,First,10.0,2148.0,170.0,5,Mercedes-Benz,E-Class 2009-2013 E 220 CDI Avantgarde,17325
Tata Zest Revotron 1.2 XT,Coimbatore,2015,27000,Petrol,Manual,First,17.57,1193.0,88.7,5,Tata,Zest Revotron 1.2 XT,5796
Honda Brio S Option MT,Mumbai,2012,39566,Petrol,Manual,Second,18.4,1198.0,86.8,5,Honda,Brio S Option MT,3025
Honda Jazz VX Diesel,Chennai,2016,14980,Diesel,Manual,First,27.3,1498.0,98.6,5,Honda,Jazz VX Diesel,8140
Maruti Alto K10 VXI AGS,Jaipur,2017,18491,Petrol,Automatic,First,24.07,998.0,67.1,5,Maruti,Alto K10 VXI AGS,4290
Hyundai i20 Sportz 1.4 CRDi,Pune,2015,118211,Diesel,Manual,First,22.54,1396.0,88.73,5,Hyundai,i20 Sportz 1.4 CRDi,6490
Maruti SX4 S Cross DDiS 320 Zeta,Coimbatore,2016,63316,Diesel,Manual,First,22.7,1598.0,118.0,5,Maruti,SX4 S Cross DDiS 320 Zeta,10538
Mercedes-Benz E-Class 2009-2013 E250 CDI Elegance,Delhi,2014,42000,Diesel,Automatic,First,14.21,2143.0,203.0,5,Mercedes-Benz,E-Class 2009-2013 E250 CDI Elegance,27445
Chevrolet Enjoy Petrol LS 7 Seater,Kochi,2015,25648,Petrol,Manual,First,13.7,1399.0,98.82,7,Chevrolet,Enjoy Petrol LS 7 Seater,4719
Mercedes-Benz E-Class 2009-2013 E250 CDI Blue Efficiency,Delhi,2011,67612,Diesel,Automatic,Second,14.21,2143.0,203.0,5,Mercedes-Benz,E-Class 2009-2013 E250 CDI Blue Efficiency,12650
Mahindra XUV500 W4,Mumbai,2016,33000,Diesel,Manual,First,16.0,2179.0,140.0,7,Mahindra,XUV500 W4,10615
Hyundai i10 Sportz,Mumbai,2015,20000,Petrol,Manual,First,20.36,1197.0,78.9,5,Hyundai,i10 Sportz,4125
Hyundai Getz 1.3 GLS,Pune,2007,143000,Petrol,Manual,Second,14.2,1341.0,82.9,5,Hyundai,Getz 1.3 GLS,1210
Audi Q7 3.0 TDI quattro,Coimbatore,2014,118218,Diesel,Automatic,First,12.07,2967.0,241.4,7,Audi,Q7 3.0 TDI quattro,34551
Mahindra Scorpio SLE BSIV,Pune,2012,99000,Diesel,Manual,Third,12.05,2179.0,120.0,8,Mahindra,Scorpio SLE BSIV,6600
Honda Jazz 1.2 SV i VTEC,Pune,2016,22700,Petrol,Manual,First,18.7,1199.0,88.7,5,Honda,Jazz 1.2 SV i VTEC,6105
Tata Safari Storme 2012-2015 EX,Jaipur,2017,28000,Diesel,Manual,First,14.0,2179.0,138.1,7,Tata,Safari Storme 2012-2015 EX,12001
Mahindra XUV500 W6 2WD,Kolkata,2014,62000,Diesel,Manual,First,15.1,2179.0,140.0,7,Mahindra,XUV500 W6 2WD,7975
Volkswagen Polo Diesel Comfortline 1.2L,Hyderabad,2012,107023,Diesel,Manual,First,22.07,1199.0,73.9,5,Volkswagen,Polo Diesel Comfortline 1.2L,4290
Maruti Swift Dzire ZDi,Delhi,2012,71082,Diesel,Manual,First,19.3,1248.0,73.9,5,Maruti,Swift Dzire ZDi,4345
Audi Q3 2.0 TDI,Mumbai,2013,60000,Diesel,Automatic,First,15.73,1968.0,174.33,5,Audi,Q3 2.0 TDI,24200
Maruti Celerio ZXI,Delhi,2014,21701,Petrol,Manual,First,23.1,998.0,67.04,5,Maruti,Celerio ZXI,3718
Honda City V MT Exclusive,Mumbai,2011,56000,Petrol,Manual,First,16.8,1497.0,116.3,5,Honda,City V MT Exclusive,3795
Hyundai i20 1.2 Spotz,Delhi,2016,32450,Petrol,Manual,First,18.6,1197.0,81.83,5,Hyundai,i20 1.2 Spotz,6325
Renault KWID RXT,Jaipur,2016,12500,Petrol,Manual,First,25.17,799.0,53.3,5,Renault,KWID RXT,3025
Mercedes-Benz CLA 200 CDI Sport,Kochi,2019,20483,Diesel,Automatic,First,17.9,2143.0,136.0,5,Mercedes-Benz,CLA 200 CDI Sport,33330
Ford Ecosport 1.5 DV5 MT Titanium,Hyderabad,2014,45800,Diesel,Manual,First,22.7,1498.0,89.84,5,Ford,Ecosport 1.5 DV5 MT Titanium,8250
Hyundai i20 Asta 1.2,Coimbatore,2015,35441,Petrol,Manual,First,18.6,1197.0,81.83,5,Hyundai,i20 Asta 1.2,7557
Toyota Innova 2.5 ZX Diesel 7 Seater,Bangalore,2015,86398,Diesel,Manual,First,12.99,2494.0,100.6,7,Toyota,Innova 2.5 ZX Diesel 7 Seater,16720
Nissan Sunny 2011-2014 Diesel XL,Chennai,2012,150000,Diesel,Manual,First,21.64,1461.0,84.8,5,Nissan,Sunny 2011-2014 Diesel XL,3850
Maruti Swift VDI BSIV,Hyderabad,2014,89000,Diesel,Manual,First,25.2,1248.0,74.0,5,Maruti,Swift VDI BSIV,6435
Maruti A-Star Vxi,Hyderabad,2010,68375,Petrol,Manual,First,19.0,998.0,66.1,5,Maruti,A-Star Vxi,2750
Maruti Swift ZXI,Pune,2013,52000,Petrol,Manual,First,18.6,1197.0,85.8,5,Maruti,Swift ZXI,4345
Mercedes-Benz CLA 200 CDI Sport,Jaipur,2017,39000,Diesel,Automatic,First,17.9,2143.0,136.0,5,Mercedes-Benz,CLA 200 CDI Sport,29700
Maruti Ertiga ZXI,Bangalore,2014,68000,Petrol,Manual,Second,16.02,1373.0,93.7,7,Maruti,Ertiga ZXI,7425
Maruti Wagon R LXI,Jaipur,2007,71000,Petrol,Manual,Second,18.9,998.0,67.1,5,Maruti,Wagon R LXI,1650
Volkswagen Polo Diesel Trendline 1.2L,Hyderabad,2012,72003,Diesel,Manual,First,22.07,1199.0,73.9,5,Volkswagen,Polo Diesel Trendline 1.2L,4290
Ford Ecosport 1.5 DV5 MT Titanium Optional,Hyderabad,2014,135670,Diesel,Manual,First,22.7,1498.0,89.84,5,Ford,Ecosport 1.5 DV5 MT Titanium Optional,7205
Honda City i DTEC VX,Kochi,2017,65850,Diesel,Manual,First,25.1,1498.0,98.6,5,Honda,City i DTEC VX,10384
Toyota Corolla Altis 1.8 GL,Coimbatore,2015,53920,Petrol,Manual,First,14.28,1798.0,138.03,5,Toyota,Corolla Altis 1.8 GL,11847
Mahindra XUV500 W8 2WD,Ahmedabad,2014,58000,Diesel,Manual,First,15.1,2179.0,140.0,7,Mahindra,XUV500 W8 2WD,8250
BMW 5 Series 530d M Sport,Chennai,2010,58000,Diesel,Automatic,First,18.59,2993.0,265.0,5,BMW,5 Series 530d M Sport,12925
Hyundai EON D Lite Plus,Kochi,2016,29832,Petrol,Manual,First,21.1,814.0,55.2,5,Hyundai,EON D Lite Plus,3619
Maruti Swift Dzire VDI,Chennai,2016,71156,Diesel,Manual,First,26.59,1248.0,74.0,5,Maruti,Swift Dzire VDI,7150
Maruti Celerio CNG VXI MT,Delhi,2015,64687,CNG,Manual,First,22.70714285714286,998.0,58.33,5,Maruti,Celerio CNG VXI MT,4180
Audi A4 2.0 TDI,Hyderabad,2011,54000,Diesel,Automatic,First,16.55,1968.0,147.51,5,Audi,A4 2.0 TDI,19800
Skoda Superb Elegance 1.8 TSI AT,Bangalore,2009,75000,Petrol,Automatic,Second,13.7,1798.0,157.75,5,Skoda,Superb Elegance 1.8 TSI AT,5445
Tata Zest Revotron 1.2T XM,Kochi,2015,39208,Petrol,Manual,First,17.57,1193.0,88.7,5,Tata,Zest Revotron 1.2T XM,4971
Force One LX ABS 7 Seating,Kolkata,2014,41000,Diesel,Manual,First,17.0,2149.0,139.07,7,Force,One LX ABS 7 Seating,8800
Honda City i-VTEC VX,Coimbatore,2013,38622,Petrol,Manual,First,17.4,1497.0,117.3,5,Honda,City i-VTEC VX,6886
Nissan Sunny 2011-2014 XV,Chennai,2016,18000,Petrol,Manual,First,16.95,1498.0,97.7,5,Nissan,Sunny 2011-2014 XV,8250
Volkswagen Vento Petrol Highline AT,Mumbai,2011,45000,Petrol,Automatic,First,14.4,1598.0,103.6,5,Volkswagen,Vento Petrol Highline AT,3685
Hyundai Verna 1.6 SX VTVT AT,Mumbai,2014,48656,Petrol,Automatic,First,15.74,1591.0,121.3,5,Hyundai,Verna 1.6 SX VTVT AT,6050
Hyundai Verna CRDi 1.6 AT SX Plus,Bangalore,2012,79000,Diesel,Automatic,First,22.0,1582.0,126.2,5,Hyundai,Verna CRDi 1.6 AT SX Plus,5775
Audi A4 2.0 TDI Multitronic,Bangalore,2012,88000,Diesel,Automatic,First,16.55,1968.0,140.0,5,Audi,A4 2.0 TDI Multitronic,17875
Maruti SX4 Vxi BSIV,Delhi,2009,92000,Petrol,Manual,First,15.5,1586.0,103.3,5,Maruti,SX4 Vxi BSIV,2970
Ford Endeavour 2.2 Titanium AT 4X2,Chennai,2019,9000,Diesel,Automatic,First,12.62,2198.0,158.0,7,Ford,Endeavour 2.2 Titanium AT 4X2,36190
Maruti Swift LXI BSIV,Coimbatore,2008,50121,Petrol,Manual,First,20.4,1197.0,83.11,5,Maruti,Swift LXI BSIV,3751
Hyundai Grand i10 CRDi Magna,Hyderabad,2014,79000,Diesel,Manual,First,24.0,1120.0,70.0,5,Hyundai,Grand i10 CRDi Magna,4565
Volkswagen Polo 1.5 TDI Highline,Hyderabad,2014,46000,Diesel,Manual,Second,20.14,1498.0,88.8,5,Volkswagen,Polo 1.5 TDI Highline,6490
Mercedes-Benz E-Class 230,Pune,2012,100000,Petrol,Automatic,First,10.0,2496.0,157.7,5,Mercedes-Benz,E-Class 230,12650
Hyundai i20 Asta 1.2,Kolkata,2015,41000,Petrol,Manual,First,18.6,1197.0,81.83,5,Hyundai,i20 Asta 1.2,5225
Maruti Alto K10 VXI AGS,Chennai,2015,25000,Petrol,Automatic,First,24.07,998.0,67.1,5,Maruti,Alto K10 VXI AGS,3850
Maruti Ertiga VDI,Pune,2014,71899,Diesel,Manual,First,20.77,1248.0,88.76,7,Maruti,Ertiga VDI,7975
Maruti Celerio VXI AT,Mumbai,2016,7100,Petrol,Automatic,First,23.1,998.0,67.04,5,Maruti,Celerio VXI AT,4785
Renault KWID Climber 1.0 AMT,Coimbatore,2018,38171,Petrol,Automatic,Second,22.5,999.0,67.0,5,Renault,KWID Climber 1.0 AMT,5489
Mahindra Scorpio SLE BSIV,Bangalore,2013,70359,Diesel,Manual,First,12.05,2179.0,120.0,8,Mahindra,Scorpio SLE BSIV,8415
Volkswagen Polo Diesel Highline 1.2L,Chennai,2017,26969,Diesel,Manual,First,22.07,1199.0,73.9,5,Volkswagen,Polo Diesel Highline 1.2L,7590
Ford Figo Diesel ZXI,Chennai,2011,56500,Diesel,Manual,First,20.0,1399.0,68.0,5,Ford,Figo Diesel ZXI,3190
Nissan Terrano XL Plus 85 PS,Kolkata,2014,40000,Diesel,Manual,First,20.45,1461.0,83.8,5,Nissan,Terrano XL Plus 85 PS,6325
Force One LX 4x4,Kolkata,2014,41000,Diesel,Manual,First,17.0,2200.0,139.01,7,Force,One LX 4x4,8800
Renault KWID 1.0 RXT Optional AMT,Kochi,2017,53105,Petrol,Automatic,First,22.5,999.0,67.0,5,Renault,KWID 1.0 RXT Optional AMT,4851
Skoda Rapid 1.5 TDI Elegance,Mumbai,2013,23000,Diesel,Manual,First,21.14,1498.0,103.52,5,Skoda,Rapid 1.5 TDI Elegance,5445
Mahindra XUV500 AT W10 FWD,Hyderabad,2016,80999,Diesel,Automatic,First,16.0,2179.0,140.0,7,Mahindra,XUV500 AT W10 FWD,15840
Ford Figo Diesel Titanium,Chennai,2012,82000,Diesel,Manual,First,20.0,1399.0,68.05,5,Ford,Figo Diesel Titanium,3245
Mahindra Bolero ZLX,Coimbatore,2017,68557,Diesel,Manual,First,15.96,2523.0,62.1,7,Mahindra,Bolero ZLX,8954
Volkswagen Vento 1.5 TDI Highline,Hyderabad,2016,34000,Diesel,Manual,First,20.64,1498.0,108.5,5,Volkswagen,Vento 1.5 TDI Highline,9295
Toyota Innova 2.5 VX (Diesel) 8 Seater BS IV,Pune,2015,77000,Diesel,Manual,First,12.99,2494.0,100.0,8,Toyota,Innova 2.5 VX (Diesel) 8 Seater BS IV,13750
Mahindra XUV500 W8 2WD,Mumbai,2012,48000,Diesel,Manual,First,15.1,2179.0,140.0,7,Mahindra,XUV500 W8 2WD,7150
Ford Ecosport 1.5 Ti VCT MT Titanium,Coimbatore,2015,28232,Petrol,Manual,Second,15.8,1499.0,110.0,5,Ford,Ecosport 1.5 Ti VCT MT Titanium,8492
Volkswagen Jetta 2012-2014 2.0L TDI Highline AT,Chennai,2011,110000,Diesel,Automatic,First,16.96,1968.0,138.1,5,Volkswagen,Jetta 2012-2014 2.0L TDI Highline AT,8800
Tata New Safari DICOR 2.2 VX 4x4,Chennai,2009,120000,Diesel,Manual,Second,13.93,2179.0,138.0,7,Tata,New Safari DICOR 2.2 VX 4x4,3300
BMW 3 Series 330d Convertible,Mumbai,2013,49000,Diesel,Automatic,First,8.2,2993.0,245.0,4,BMW,3 Series 330d Convertible,31900
Volkswagen Polo 1.2 MPI Highline,Kolkata,2014,22000,Petrol,Manual,First,16.47,1198.0,74.0,5,Volkswagen,Polo 1.2 MPI Highline,4521
Hyundai i20 Magna Optional 1.2,Coimbatore,2015,14925,Petrol,Manual,First,18.5,1197.0,82.9,5,Hyundai,i20 Magna Optional 1.2,5907
Maruti Ertiga ZDI,Mumbai,2013,75000,Diesel,Manual,First,20.77,1248.0,88.8,7,Maruti,Ertiga ZDI,7205
Honda City i VTEC V,Chennai,2015,23000,Petrol,Manual,First,17.4,1497.0,117.3,5,Honda,City i VTEC V,7700
Honda City 1.5 S MT,Mumbai,2014,57000,Petrol,Manual,First,17.0,1497.0,118.0,5,Honda,City 1.5 S MT,6028
Volkswagen Jetta 2013-2015 2.0L TDI Highline AT,Kochi,2013,76718,Diesel,Automatic,First,16.96,1968.0,138.03,5,Volkswagen,Jetta 2013-2015 2.0L TDI Highline AT,7161
Honda Amaze VX i-DTEC,Pune,2016,138000,Diesel,Manual,First,25.8,1498.0,98.6,5,Honda,Amaze VX i-DTEC,5665
Mahindra XUV500 W8 2WD,Hyderabad,2013,140000,Diesel,Manual,Second,15.1,2179.0,140.0,7,Mahindra,XUV500 W8 2WD,9900
Toyota Corolla Altis VL,Mumbai,2008,110000,Petrol,Automatic,Second,14.53,1798.0,138.1,5,Toyota,Corolla Altis VL,3025
BMW 3 Series 320d,Bangalore,2012,73000,Diesel,Automatic,First,22.69,1995.0,190.0,5,BMW,3 Series 320d,13750
Ford EcoSport 1.5 Diesel Trend,Kochi,2017,63423,Diesel,Manual,First,23.0,1498.0,98.96,5,Ford,EcoSport 1.5 Diesel Trend,8459
Hyundai i20 Asta Optional with Sunroof 1.2,Kochi,2013,62132,Petrol,Manual,First,18.5,1197.0,82.85,5,Hyundai,i20 Asta Optional with Sunroof 1.2,5027
Honda City 1.5 S AT,Mumbai,2013,51000,Petrol,Automatic,First,16.8,1497.0,118.0,5,Honda,City 1.5 S AT,4950
Maruti Ritz VDI (ABS) BS IV,Hyderabad,2015,75000,Diesel,Manual,First,23.2,1248.0,73.94,5,Maruti,Ritz VDI (ABS) BS IV,5390
Hyundai i10 Era 1.1,Kolkata,2008,55410,Petrol,Manual,First,19.81,1086.0,68.05,5,Hyundai,i10 Era 1.1,1815
Chevrolet Sail 1.2 LS,Mumbai,2015,41000,Petrol,Manual,First,18.2,1199.0,82.4,5,Chevrolet,Sail 1.2 LS,3575
Hyundai Verna 1.6 SX CRDi (O),Chennai,2012,45000,Diesel,Manual,First,22.32,1582.0,126.32,5,Hyundai,Verna 1.6 SX CRDi (O),6875
Hyundai Creta 1.6 SX Option,Kochi,2018,53322,Petrol,Manual,First,15.8,1591.0,121.3,5,Hyundai,Creta 1.6 SX Option,13343
Chevrolet Sail 1.2 LS,Jaipur,2013,48000,Petrol,Manual,First,18.2,1199.0,82.4,5,Chevrolet,Sail 1.2 LS,3575
Audi Q5 2.0 TDI,Hyderabad,2013,72000,Diesel,Automatic,First,14.16,1968.0,174.3,5,Audi,Q5 2.0 TDI,31900
Honda City 1.5 V MT Exclusive,Kochi,2013,50266,Petrol,Manual,First,17.0,1497.0,118.0,5,Honda,City 1.5 V MT Exclusive,6083
Ford EcoSport 1.5 Petrol Titanium,Hyderabad,2017,21800,Petrol,Manual,First,17.0,1497.0,121.36,5,Ford,EcoSport 1.5 Petrol Titanium,9625
Audi Q7 3.0 TDI Quattro Premium Plus,Bangalore,2014,45000,Diesel,Automatic,Second,12.07,2967.0,241.4,7,Audi,Q7 3.0 TDI Quattro Premium Plus,41690
Hyundai i10 Magna 1.2,Delhi,2010,62000,Petrol,Manual,First,20.36,1197.0,78.9,5,Hyundai,i10 Magna 1.2,2640
Hyundai i20 1.2 Asta,Chennai,2014,41681,Petrol,Manual,First,17.0,1197.0,80.0,5,Hyundai,i20 1.2 Asta,5005
Maruti Swift Dzire 1.2 Vxi BSIV,Delhi,2011,69313,Petrol,Manual,Second,17.5,1197.0,85.8,5,Maruti,Swift Dzire 1.2 Vxi BSIV,2915
Tata Indica V2 eLX,Pune,2017,49000,Diesel,Manual,Second,25.0,1396.0,69.0,5,Tata,Indica V2 eLX,1760
BMW 5 Series 2010-2013 530d,Coimbatore,2012,40471,Diesel,Automatic,Second,16.2,2993.0,235.0,5,BMW,5 Series 2010-2013 530d,28292
Maruti Swift VDI,Ahmedabad,2013,60000,Diesel,Manual,First,22.9,1248.0,74.0,5,Maruti,Swift VDI,4565
Hyundai Verna XXi ABS (Petrol),Bangalore,2008,38000,Petrol,Manual,Second,13.9,1599.0,103.2,5,Hyundai,Verna XXi ABS (Petrol),2860
BMW 3 Series 320d Highline,Mumbai,2008,66000,Diesel,Automatic,Second,16.07,1995.0,181.0,5,BMW,3 Series 320d Highline,7975
Toyota Innova 2.5 G4 Diesel 8-seater,Kochi,2017,33901,Diesel,Manual,First,12.8,2494.0,102.0,8,Toyota,Innova 2.5 G4 Diesel 8-seater,15718
Mercedes-Benz New C-Class C 250 CDI Elegance,Hyderabad,2011,57000,Diesel,Automatic,Second,14.94,2143.0,204.0,5,Mercedes-Benz,New C-Class C 250 CDI Elegance,18975
Maruti Ritz ZDi,Hyderabad,2014,60000,Diesel,Manual,First,23.2,1248.0,73.94,5,Maruti,Ritz ZDi,4785
Maruti Vitara Brezza ZDi Plus Dual Tone,Pune,2016,85000,Diesel,Manual,First,24.3,1248.0,88.5,5,Maruti,Vitara Brezza ZDi Plus Dual Tone,9790
Hyundai Xcent 1.2 Kappa S,Kolkata,2016,146000,Petrol,Manual,Second,19.1,1197.0,82.0,5,Hyundai,Xcent 1.2 Kappa S,3850
Honda City i DTEC V,Kolkata,2014,56002,Diesel,Manual,First,26.0,1498.0,98.6,5,Honda,City i DTEC V,6710
Renault KWID RXT,Mumbai,2016,8554,Petrol,Manual,First,25.17,799.0,53.3,5,Renault,KWID RXT,3520
Toyota Etios Cross 1.4L VD,Jaipur,2014,62322,Diesel,Manual,First,23.59,1364.0,67.06,5,Toyota,Etios Cross 1.4L VD,5390
Maruti Alto K10 VXI,Kochi,2015,37929,Petrol,Manual,First,24.07,998.0,67.1,5,Maruti,Alto K10 VXI,4059
Tata Tiago 1.2 Revotron XM Option,Chennai,2016,5400,Petrol,Manual,First,23.84,1199.0,84.0,5,Tata,Tiago 1.2 Revotron XM Option,4378
Hyundai i20 1.4 CRDi Magna,Kolkata,2013,60000,Diesel,Manual,First,21.9,1396.0,90.0,5,Hyundai,i20 1.4 CRDi Magna,3245
Audi A4 2.0 TDI,Kochi,2014,55730,Diesel,Automatic,First,16.55,1968.0,147.51,5,Audi,A4 2.0 TDI,16731
Maruti Swift VDI,Hyderabad,2015,62000,Diesel,Manual,First,28.4,1248.0,74.0,5,Maruti,Swift VDI,6930
Volkswagen Ameo 1.2 MPI Highline,Kochi,2017,14576,Petrol,Manual,First,17.0,1198.0,73.75,5,Volkswagen,Ameo 1.2 MPI Highline,7359
Honda BRV i-VTEC V CVT,Mumbai,2017,17000,Petrol,Automatic,First,16.0,1497.0,117.3,7,Honda,BRV i-VTEC V CVT,10450
Hyundai i20 Asta,Mumbai,2009,28000,Petrol,Manual,First,17.0,1197.0,80.0,5,Hyundai,i20 Asta,2915
Hyundai Santa Fe 4X4,Ahmedabad,2012,58200,Diesel,Manual,First,14.66,2199.0,194.3,7,Hyundai,Santa Fe 4X4,8250
Honda City 1.5 GXI,Bangalore,2002,53000,Petrol,Manual,Second,0.0,1493.0,100.0,0,Honda,City 1.5 GXI,2035
Maruti Celerio ZXI Optional AMT,Kochi,2018,12278,Petrol,Automatic,First,23.1,998.0,67.04,5,Maruti,Celerio ZXI Optional AMT,6193
Hyundai Creta 1.6 SX,Coimbatore,2018,17665,Petrol,Manual,First,15.8,1591.0,121.3,5,Hyundai,Creta 1.6 SX,12958
Volkswagen Vento Petrol Highline,Mumbai,2011,55893,Petrol,Manual,First,15.04,1598.0,103.6,5,Volkswagen,Vento Petrol Highline,3685
Maruti Celerio VXI,Kochi,2015,60586,Petrol,Manual,First,23.1,998.0,67.04,5,Maruti,Celerio VXI,4521
Mercedes-Benz CLA 200 D Sport Edition,Ahmedabad,2015,13500,Diesel,Automatic,First,17.9,2143.0,136.0,5,Mercedes-Benz,CLA 200 D Sport Edition,28061
Maruti Alto 800 LXI,Jaipur,2017,30000,Petrol,Manual,First,22.74,796.0,47.3,5,Maruti,Alto 800 LXI,3410
Ford Endeavour 3.2 Titanium AT 4X4,Delhi,2018,12000,Diesel,Automatic,First,10.91,3198.0,197.0,7,Ford,Endeavour 3.2 Titanium AT 4X4,36850
Tata Zest Revotron 1.2T XE,Kolkata,2017,65000,Petrol,Manual,First,17.57,1193.0,88.7,5,Tata,Zest Revotron 1.2T XE,5280
Volkswagen Vento 1.6 Comfortline,Kolkata,2014,38000,Petrol,Manual,First,16.09,1598.0,103.5,5,Volkswagen,Vento 1.6 Comfortline,3839
Maruti Ertiga ZXI,Mumbai,2012,25000,Petrol,Manual,Second,17.5,1373.0,91.1,7,Maruti,Ertiga ZXI,5665
Mercedes-Benz M-Class ML 350 CDI Corporate,Mumbai,2011,100000,Diesel,Automatic,First,14.0,2987.0,224.0,5,Mercedes-Benz,M-Class ML 350 CDI Corporate,15851
Volkswagen Polo 1.2 MPI Highline,Mumbai,2014,13710,Petrol,Manual,First,16.2,1199.0,74.0,5,Volkswagen,Polo 1.2 MPI Highline,5225
Toyota Fortuner 4x2 AT,Jaipur,2015,100000,Diesel,Automatic,First,12.55,2982.0,168.5,7,Toyota,Fortuner 4x2 AT,20900
Maruti Celerio VXI,Hyderabad,2017,17000,Petrol,Manual,First,23.1,998.0,67.04,5,Maruti,Celerio VXI,5390
BMW 3 Series 320d Corporate Edition,Chennai,2008,89000,Diesel,Automatic,Second,16.07,1995.0,181.0,4,BMW,3 Series 320d Corporate Edition,6930
Honda City ZX VTEC,Jaipur,2006,100173,Petrol,Manual,Second,16.9,1497.0,100.0,5,Honda,City ZX VTEC,2640
Mitsubishi Cedia Sports,Pune,2009,97000,Petrol,Manual,First,13.17,1999.0,114.0,5,Mitsubishi,Cedia Sports,3300
Renault Pulse Petrol RxL,Delhi,2016,40190,Petrol,Manual,First,18.06,1198.0,74.93,5,Renault,Pulse Petrol RxL,4675
Volkswagen Polo 1.5 TDI Highline,Hyderabad,2016,29647,Diesel,Manual,First,20.14,1498.0,88.0,5,Volkswagen,Polo 1.5 TDI Highline,6930
Maruti Baleno RS Petrol,Kochi,2018,43639,Petrol,Manual,First,21.1,998.0,100.0,5,Maruti,Baleno RS Petrol,8965
Hyundai i10 Magna,Kochi,2012,37333,Petrol,Manual,First,20.36,1197.0,78.9,5,Hyundai,i10 Magna,3542
Hyundai i20 1.2 Spotz,Kochi,2018,48407,Petrol,Manual,First,18.6,1197.0,81.83,5,Hyundai,i20 1.2 Spotz,8415
Hyundai i10 Sportz 1.2,Pune,2010,72400,Petrol,Manual,Second,20.36,1197.0,78.9,5,Hyundai,i10 Sportz 1.2,2530
Mini Cooper S Carbon Edition,Delhi,2012,18000,Petrol,Automatic,First,13.6,1598.0,181.0,4,Mini,Cooper S Carbon Edition,24200
Honda Brio V MT,Pune,2012,65167,Petrol,Manual,First,19.4,1198.0,86.8,5,Honda,Brio V MT,3608
Maruti Ciaz ZXi Option,Kochi,2016,25418,Petrol,Manual,First,20.73,1373.0,91.2,5,Maruti,Ciaz ZXi Option,7799
Maruti Swift Dzire ZDi,Coimbatore,2013,38995,Diesel,Manual,First,19.3,1248.0,73.9,5,Maruti,Swift Dzire ZDi,7106
Volkswagen Polo Diesel Comfortline 1.2L,Chennai,2012,60000,Diesel,Manual,First,22.07,1199.0,73.9,5,Volkswagen,Polo Diesel Comfortline 1.2L,4400
BMW X1 sDrive20d,Delhi,2011,72000,Diesel,Automatic,First,17.05,1995.0,184.0,5,BMW,X1 sDrive20d,12100
Audi Q7 3.0 TDI Quattro Premium Plus,Coimbatore,2016,31075,Diesel,Automatic,Second,12.07,2967.0,241.4,7,Audi,Q7 3.0 TDI Quattro Premium Plus,54769
Ford Figo 1.5D Trend MT,Kolkata,2015,4311,Diesel,Manual,First,25.83,1498.0,99.0,5,Ford,Figo 1.5D Trend MT,5280
BMW 3 Series Luxury Line,Bangalore,2017,21000,Diesel,Automatic,First,21.76,1995.0,190.0,5,BMW,3 Series Luxury Line,38500
Mercedes-Benz M-Class ML 350 CDI Corporate,Bangalore,2011,54000,Diesel,Automatic,First,14.0,2987.0,224.0,5,Mercedes-Benz,M-Class ML 350 CDI Corporate,24189
Maruti Wagon R LX BSIII,Mumbai,2007,50000,Petrol,Manual,Second,17.3,1061.0,64.0,5,Maruti,Wagon R LX BSIII,1210
Maruti Baleno Zeta 1.2,Delhi,2018,13000,Petrol,Manual,First,21.4,1197.0,83.1,5,Maruti,Baleno Zeta 1.2,7260
Maruti Dzire VXI,Pune,2013,74000,Petrol,Manual,First,22.0,1197.0,81.8,5,Maruti,Dzire VXI,4950
Chevrolet Aveo U-VA 1.2 LT,Pune,2009,75000,Petrol,Manual,Second,14.7,1150.0,76.0,5,Chevrolet,Aveo U-VA 1.2 LT,1100
Volkswagen Polo 1.5 TDI Highline,Chennai,2017,25000,Diesel,Manual,First,20.14,1498.0,88.0,5,Volkswagen,Polo 1.5 TDI Highline,7590
Land Rover Freelander 2 TD4 SE,Hyderabad,2012,139000,Diesel,Automatic,First,0.0,2179.0,115.0,5,Land,Rover Freelander 2 TD4 SE,18425
Audi Q5 30 TDI quattro Premium,Mumbai,2015,52000,Diesel,Automatic,First,14.16,1968.0,174.3,5,Audi,Q5 30 TDI quattro Premium,28039
Audi A6 35 TDI Matrix,Chennai,2015,20000,Diesel,Automatic,First,18.53,1968.0,187.74,5,Audi,A6 35 TDI Matrix,39050
Hyundai Grand i10 1.2 CRDi Sportz,Kochi,2018,32663,Diesel,Manual,First,24.0,1186.0,73.97,5,Hyundai,Grand i10 1.2 CRDi Sportz,6908
Mahindra Scorpio SLE BSIV,Delhi,2012,76777,Diesel,Manual,Second,12.05,2179.0,120.0,8,Mahindra,Scorpio SLE BSIV,5368
Tata Bolt Quadrajet XE,Hyderabad,2016,100303,Diesel,Manual,First,22.95,1248.0,74.0,5,Tata,Bolt Quadrajet XE,4070
Hyundai EON Era Plus,Kochi,2015,43993,Petrol,Manual,First,21.1,814.0,55.2,5,Hyundai,EON Era Plus,3795
Mahindra Scorpio S8 8 Seater,Kochi,2016,72118,Diesel,Manual,First,15.4,2179.0,120.0,8,Mahindra,Scorpio S8 8 Seater,11253
Honda Accord 2001-2003 2.0 AT,Bangalore,2010,83000,Petrol,Automatic,Second,11.1,2354.0,142.0,5,Honda,Accord 2001-2003 2.0 AT,7150
Volkswagen Polo 1.2 MPI Highline,Mumbai,2016,7523,Petrol,Manual,First,16.2,1199.0,74.0,5,Volkswagen,Polo 1.2 MPI Highline,6765
Maruti Eeco 7 Seater Standard,Mumbai,2014,34670,Petrol,Manual,First,15.1,1196.0,73.0,7,Maruti,Eeco 7 Seater Standard,3190
Hyundai Grand i10 CRDi Sportz,Ahmedabad,2016,30000,Diesel,Manual,First,24.0,1120.0,70.0,5,Hyundai,Grand i10 CRDi Sportz,6050
Ford Endeavour 3.2 Titanium AT 4X4,Chennai,2017,17000,Diesel,Automatic,First,10.91,3198.0,197.0,7,Ford,Endeavour 3.2 Titanium AT 4X4,34100
Hyundai Grand i10 1.2 CRDi Sportz,Delhi,2015,59261,Diesel,Manual,First,24.0,1186.0,73.97,5,Hyundai,Grand i10 1.2 CRDi Sportz,4675
Maruti Swift VDI,Kochi,2016,65210,Diesel,Manual,First,22.9,1248.0,74.0,5,Maruti,Swift VDI,6028
Hyundai i20 1.2 Asta Option,Bangalore,2016,19000,Petrol,Manual,First,18.6,1197.0,81.83,5,Hyundai,i20 1.2 Asta Option,7975
Maruti Swift Dzire VXi,Hyderabad,2012,50000,Petrol,Manual,First,17.5,1298.0,85.8,5,Maruti,Swift Dzire VXi,3300
BMW 3 Series 320d Luxury Line,Hyderabad,2015,47000,Diesel,Automatic,First,22.69,1995.0,190.0,5,BMW,3 Series 320d Luxury Line,32450
Honda City ZX GXi,Mumbai,2007,75000,Petrol,Manual,Second,17.7,1497.0,78.0,5,Honda,City ZX GXi,1639
Hyundai i10 Sportz 1.2 AT,Pune,2013,54534,Petrol,Automatic,First,16.95,1197.0,78.9,5,Hyundai,i10 Sportz 1.2 AT,4015
Ford Ecosport Signature Edition Diesel,Ahmedabad,2018,13000,Diesel,Manual,First,23.0,1498.0,98.96,5,Ford,Ecosport Signature Edition Diesel,11990
Maruti Celerio ZXI MT,Bangalore,2015,48808,Petrol,Manual,First,23.1,998.0,67.04,5,Maruti,Celerio ZXI MT,4730
Maruti Ertiga VDI,Pune,2012,63001,Diesel,Manual,Second,20.77,1248.0,88.76,7,Maruti,Ertiga VDI,6721
Toyota Innova 2.5 V Diesel 8-seater,Hyderabad,2015,64771,Diesel,Manual,First,12.8,2494.0,102.0,8,Toyota,Innova 2.5 V Diesel 8-seater,17050
Honda City i VTEC SV,Mumbai,2016,34634,Petrol,Manual,First,17.8,1497.0,117.3,5,Honda,City i VTEC SV,7590
Maruti Swift Dzire VXI,Bangalore,2012,69242,Petrol,Manual,First,19.1,1197.0,85.8,5,Maruti,Swift Dzire VXI,5159
Maruti Ritz LXi,Kochi,2011,33292,Petrol,Manual,First,18.5,1197.0,85.8,5,Maruti,Ritz LXi,3509
Hyundai i20 Sportz AT 1.4,Pune,2012,55000,Petrol,Automatic,Second,15.0,1396.0,98.6,5,Hyundai,i20 Sportz AT 1.4,4125
Honda City 1.5 E MT,Chennai,2011,80000,Petrol,Manual,Second,17.0,1497.0,118.0,5,Honda,City 1.5 E MT,4235
Honda Amaze VX i-VTEC,Coimbatore,2019,16573,Petrol,Manual,First,17.8,1198.0,86.7,5,Honda,Amaze VX i-VTEC,10241
Honda Civic 2006-2010 1.8 S AT,Pune,2008,152633,Petrol,Automatic,First,12.9,1799.0,130.0,5,Honda,Civic 2006-2010 1.8 S AT,3300
Hyundai i20 Magna 1.2,Bangalore,2015,53000,Petrol,Manual,First,18.6,1197.0,81.83,5,Hyundai,i20 Magna 1.2,6050
Hyundai Creta 1.6 CRDi SX,Hyderabad,2017,50129,Diesel,Manual,First,19.67,1582.0,126.2,5,Hyundai,Creta 1.6 CRDi SX,14630
Audi Q3 2012-2015 2.0 TDI Quattro Premium Plus,Hyderabad,2013,63716,Diesel,Automatic,First,15.73,1968.0,174.33,5,Audi,Q3 2012-2015 2.0 TDI Quattro Premium Plus,25300
Maruti Alto 800 2016-2019 LXI,Mumbai,2018,11000,Petrol,Manual,First,24.7,796.0,47.3,5,Maruti,Alto 800 2016-2019 LXI,3685
BMW X1 sDrive 20d Exclusive,Chennai,2012,115000,Diesel,Automatic,Third,15.06,1995.0,177.0,5,BMW,X1 sDrive 20d Exclusive,11000
Hyundai i10 Magna,Delhi,2013,63265,Petrol,Manual,First,20.36,1197.0,78.9,5,Hyundai,i10 Magna,3245
Volkswagen Ameo 1.5 TDI Highline,Pune,2016,20000,Diesel,Manual,First,21.66,1498.0,108.62,5,Volkswagen,Ameo 1.5 TDI Highline,7425
Volkswagen Polo Petrol Highline 1.2L,Pune,2010,79000,Petrol,Manual,Third,16.47,1198.0,73.9,5,Volkswagen,Polo Petrol Highline 1.2L,2684
Maruti Ciaz VXi Plus,Mumbai,2015,41000,Petrol,Manual,First,20.73,1373.0,91.1,5,Maruti,Ciaz VXi Plus,6435
Volkswagen Polo GT TSI,Kochi,2015,26323,Petrol,Automatic,First,17.21,1197.0,103.5,5,Volkswagen,Polo GT TSI,8140
Hyundai Xcent 1.1 CRDi Base,Pune,2016,76000,Diesel,Manual,First,24.4,1120.0,71.0,5,Hyundai,Xcent 1.1 CRDi Base,4180
Honda Civic 2006-2010 1.8 S MT,Hyderabad,2008,69972,Petrol,Manual,First,13.5,1799.0,130.0,5,Honda,Civic 2006-2010 1.8 S MT,4180
Honda City ZX GXi,Kolkata,2008,69000,Petrol,Manual,First,17.7,1497.0,78.0,5,Honda,City ZX GXi,2970
Mahindra Bolero ZLX,Jaipur,2016,65000,Diesel,Manual,First,15.96,2523.0,62.1,7,Mahindra,Bolero ZLX,7931
Honda City i VTEC V,Hyderabad,2016,29512,Petrol,Manual,First,17.4,1497.0,117.3,5,Honda,City i VTEC V,8690
Hyundai Xcent 1.2 CRDi S,Kolkata,2017,51000,Diesel,Manual,First,25.4,1186.0,73.97,5,Hyundai,Xcent 1.2 CRDi S,4620
Renault Duster 110PS Diesel RxL,Mumbai,2014,58003,Diesel,Manual,First,19.01,1461.0,108.45,5,Renault,Duster 110PS Diesel RxL,6325
Maruti A-Star AT VXI,Hyderabad,2013,56500,Petrol,Automatic,First,16.98,998.0,66.1,5,Maruti,A-Star AT VXI,3795
Audi A4 2.0 TDI 177 Bhp Premium Plus,Bangalore,2014,29063,Diesel,Automatic,First,17.11,1968.0,174.33,5,Audi,A4 2.0 TDI 177 Bhp Premium Plus,28325
Mahindra XUV500 W8 2WD,Coimbatore,2018,46811,Diesel,Manual,First,16.0,2179.0,140.0,7,Mahindra,XUV500 W8 2WD,18249
Renault Pulse Petrol RxZ,Coimbatore,2014,31897,Petrol,Manual,First,18.06,1198.0,74.96,5,Renault,Pulse Petrol RxZ,5159
BMW 3 Series 320d,Mumbai,2009,52100,Diesel,Automatic,Second,13.2,1995.0,170.0,5,BMW,3 Series 320d,8250
Toyota Innova Crysta 2.4 GX MT,Hyderabad,2016,73000,Diesel,Manual,First,13.68,2393.0,147.8,7,Toyota,Innova Crysta 2.4 GX MT,18150
Honda City 1.5 S MT,Kolkata,2009,31423,Petrol,Manual,First,17.0,1497.0,118.0,5,Honda,City 1.5 S MT,2189
Maruti Swift VDI,Chennai,2014,75180,Diesel,Manual,First,22.9,1248.0,74.0,5,Maruti,Swift VDI,5775
Renault Duster 110PS Diesel RxZ Plus,Mumbai,2013,75000,Diesel,Manual,Second,19.64,1461.0,108.45,5,Renault,Duster 110PS Diesel RxZ Plus,5940
Volkswagen Polo 1.2 MPI Comfortline,Mumbai,2014,15000,Petrol,Manual,First,16.47,1198.0,74.0,5,Volkswagen,Polo 1.2 MPI Comfortline,4290
Hyundai i20 Active 1.2 S,Mumbai,2015,12000,Petrol,Manual,First,17.19,1197.0,81.86,5,Hyundai,i20 Active 1.2 S,6380
BMW 5 Series 2013-2017 520d Luxury Line,Pune,2014,32000,Diesel,Automatic,First,18.12,1995.0,190.0,5,BMW,5 Series 2013-2017 520d Luxury Line,33550
Maruti Swift Dzire LDI,Hyderabad,2017,44504,Diesel,Manual,First,23.4,1248.0,74.0,5,Maruti,Swift Dzire LDI,6160
Mercedes-Benz M-Class ML 350 4Matic,Ahmedabad,2012,66000,Diesel,Automatic,First,0.0,2987.0,165.0,5,Mercedes-Benz,M-Class ML 350 4Matic,25300
Maruti Swift LDI,Jaipur,2015,39437,Diesel,Manual,First,28.4,1248.0,74.0,5,Maruti,Swift LDI,5665
Hyundai Verna 1.6 CRDI AT SX Option,Coimbatore,2017,36931,Diesel,Automatic,First,19.08,1582.0,126.2,5,Hyundai,Verna 1.6 CRDI AT SX Option,10428
Maruti Swift Dzire LXi,Hyderabad,2009,71346,Petrol,Manual,First,17.5,1298.0,85.8,5,Maruti,Swift Dzire LXi,4180
Hyundai i20 Asta Option 1.2,Delhi,2015,45000,Petrol,Manual,Second,18.6,1197.0,81.83,5,Hyundai,i20 Asta Option 1.2,6050
Hyundai i20 1.2 Sportz,Hyderabad,2010,85155,Petrol,Manual,First,17.0,1197.0,80.0,5,Hyundai,i20 1.2 Sportz,3905
Maruti Ciaz ZXi,Mumbai,2015,48823,Petrol,Manual,First,20.73,1373.0,91.1,5,Maruti,Ciaz ZXi,6985
Land Rover Range Rover 2.2L Prestige,Delhi,2015,37000,Diesel,Automatic,First,12.7,2179.0,187.7,5,Land,Rover Range Rover 2.2L Prestige,39600
Tata Indigo LX BSII,Hyderabad,2005,92000,Diesel,Manual,Second,16.1,1405.0,70.0,5,Tata,Indigo LX BSII,1210
Tata Zest Revotron 1.2T XM,Mumbai,2014,36000,Petrol,Manual,First,17.57,1193.0,88.7,5,Tata,Zest Revotron 1.2T XM,4070
Mahindra XUV500 W10 1.99 mHawk,Delhi,2016,24569,Diesel,Manual,First,16.0,1997.0,140.0,7,Mahindra,XUV500 W10 1.99 mHawk,14850
Honda Accord 2.4 AT,Mumbai,2008,95000,Petrol,Automatic,Third,11.7,2354.0,177.6,5,Honda,Accord 2.4 AT,3135
Hyundai Elantra CRDi S,Ahmedabad,2015,65000,Diesel,Manual,First,22.7,1582.0,126.2,5,Hyundai,Elantra CRDi S,8525
Tata Indica V2 eLS,Chennai,2017,100400,Diesel,Manual,First,25.0,1396.0,69.0,5,Tata,Indica V2 eLS,3135
Honda Amaze S i-Dtech,Jaipur,2014,76414,Diesel,Manual,First,25.8,1498.0,98.6,5,Honda,Amaze S i-Dtech,5445
Mahindra XUV500 W8 2WD,Kochi,2012,82103,Diesel,Manual,First,15.1,2179.0,140.0,7,Mahindra,XUV500 W8 2WD,6820
BMW X3 xDrive 20d Expedition,Pune,2013,98000,Diesel,Automatic,First,18.56,1995.0,190.0,5,BMW,X3 xDrive 20d Expedition,19250
Hyundai Grand i10 1.2 Kappa Magna,Pune,2010,45252,Petrol,Manual,First,18.9,1197.0,81.86,5,Hyundai,Grand i10 1.2 Kappa Magna,2475
Maruti Baleno Zeta 1.2,Delhi,2017,10300,Petrol,Manual,First,21.4,1197.0,83.1,5,Maruti,Baleno Zeta 1.2,7425
Hyundai Verna 1.6 CRDi AT SX,Kochi,2016,42024,Diesel,Automatic,First,19.08,1582.0,126.2,5,Hyundai,Verna 1.6 CRDi AT SX,10703
Maruti Ertiga VDI,Kochi,2018,51236,Diesel,Manual,First,25.47,1248.0,88.5,7,Maruti,Ertiga VDI,9339
Mini Cooper S Carbon Edition,Mumbai,2013,52000,Petrol,Automatic,First,13.6,1598.0,181.0,4,Mini,Cooper S Carbon Edition,27500
Maruti Ritz ZDi,Coimbatore,2015,42894,Diesel,Manual,First,23.2,1248.0,73.94,5,Maruti,Ritz ZDi,6149
Skoda Laura L n K 1.9 PD AT,Mumbai,2011,68000,Diesel,Automatic,First,15.6,1896.0,106.0,5,Skoda,Laura L n K 1.9 PD AT,5280
Ford Ecosport 1.5 DV5 MT Titanium Optional,Delhi,2014,69000,Diesel,Manual,First,22.7,1498.0,89.84,5,Ford,Ecosport 1.5 DV5 MT Titanium Optional,5995
Hyundai i20 2015-2017 Sportz 1.2,Pune,2017,10000,Petrol,Manual,First,18.6,1197.0,81.83,5,Hyundai,i20 2015-2017 Sportz 1.2,7150
Honda Brio E MT,Chennai,2015,16000,Petrol,Manual,First,19.4,1198.0,86.8,5,Honda,Brio E MT,4785
Honda Amaze S i-Dtech,Kolkata,2013,46992,Diesel,Manual,First,25.8,1498.0,98.6,5,Honda,Amaze S i-Dtech,4125
Audi Q7 3.0 TDI Quattro Premium Plus,Delhi,2014,58000,Diesel,Automatic,First,12.07,2967.0,241.4,7,Audi,Q7 3.0 TDI Quattro Premium Plus,35200
Hyundai Grand i10 CRDi Magna,Jaipur,2015,50000,Diesel,Manual,Second,24.0,1120.0,70.0,5,Hyundai,Grand i10 CRDi Magna,4400
Nissan Micra Diesel XV,Kolkata,2011,39010,Diesel,Manual,First,23.08,1461.0,63.1,5,Nissan,Micra Diesel XV,2860
Hyundai Grand i10 Sportz,Jaipur,2016,26946,Petrol,Manual,First,18.9,1197.0,82.0,5,Hyundai,Grand i10 Sportz,4895
Hyundai EON Era,Pune,2015,28700,Petrol,Manual,First,21.1,814.0,55.2,5,Hyundai,EON Era,2860
Mercedes-Benz New C-Class C250 Avantgarde,Chennai,2011,60000,Petrol,Automatic,First,11.74,1796.0,186.0,5,Mercedes-Benz,New C-Class C250 Avantgarde,17600
Land Rover Range Rover 2.2L Pure,Delhi,2014,38999,Diesel,Automatic,First,12.7,2179.0,187.7,5,Land,Rover Range Rover 2.2L Pure,35750
Mahindra Ssangyong Rexton RX7,Mumbai,2016,39000,Diesel,Automatic,First,11.18,2696.0,184.0,7,Mahindra,Ssangyong Rexton RX7,15235
Maruti Ciaz 1.4 Delta,Coimbatore,2018,7784,Petrol,Manual,First,20.73,1373.0,91.1,5,Maruti,Ciaz 1.4 Delta,9636
Maruti Dzire AMT VXI,Chennai,2017,42000,Petrol,Automatic,First,22.0,1197.0,81.8,5,Maruti,Dzire AMT VXI,6050
Renault Duster 110PS Diesel RxZ,Kolkata,2013,57000,Diesel,Manual,First,19.01,1461.0,108.45,5,Renault,Duster 110PS Diesel RxZ,5489
Hyundai Verna 1.6 SX,Chennai,2013,85350,Diesel,Manual,Second,22.32,1582.0,126.32,5,Hyundai,Verna 1.6 SX,6270
Toyota Corolla Altis 1.8 VL CVT,Coimbatore,2016,82725,Petrol,Automatic,First,14.28,1798.0,138.03,5,Toyota,Corolla Altis 1.8 VL CVT,13189
BMW 3 Series Sport,Mumbai,2016,19000,Diesel,Automatic,Second,21.76,1995.0,190.0,5,BMW,3 Series Sport,32989
Ford EcoSport 1.5 Ti VCT MT Signature,Chennai,2018,13900,Petrol,Manual,First,18.88,1499.0,110.4,5,Ford,EcoSport 1.5 Ti VCT MT Signature,10450
Maruti Swift VDI BSIV,Hyderabad,2014,108000,Diesel,Manual,First,25.2,1248.0,74.0,5,Maruti,Swift VDI BSIV,6050
Hyundai Santa Fe 4x4 AT,Bangalore,2016,36000,Diesel,Automatic,First,11.72,2199.0,194.3,7,Hyundai,Santa Fe 4x4 AT,25300
Tata Indica V2 DLS,Hyderabad,2013,62188,Diesel,Manual,First,17.2,1396.0,53.5,5,Tata,Indica V2 DLS,3245
Hyundai Grand i10 CRDi Sportz,Kochi,2015,58397,Diesel,Manual,First,24.0,1120.0,70.0,5,Hyundai,Grand i10 CRDi Sportz,5390
Maruti Wagon R VXI AMT,Delhi,2016,30000,Petrol,Automatic,First,22.5,998.0,67.0,5,Maruti,Wagon R VXI AMT,4675
Mahindra XUV500 W10 2WD,Kochi,2018,29907,Diesel,Manual,First,16.0,2179.0,140.0,7,Mahindra,XUV500 W10 2WD,17996
Audi A4 2.0 TDI,Kolkata,2009,46000,Diesel,Automatic,First,16.55,1968.0,147.51,5,Audi,A4 2.0 TDI,10945
Volkswagen Vento Diesel Highline,Bangalore,2012,65000,Diesel,Manual,First,20.54,1598.0,103.6,5,Volkswagen,Vento Diesel Highline,6050
Maruti Vitara Brezza ZDi Plus Dual Tone,Delhi,2016,22000,Diesel,Manual,First,24.3,1248.0,88.5,5,Maruti,Vitara Brezza ZDi Plus Dual Tone,9075
Hyundai i10 Era,Kochi,2016,34952,Petrol,Manual,First,19.81,1086.0,68.05,5,Hyundai,i10 Era,4411
Honda WR-V Edge Edition i-VTEC S,Kochi,2019,13913,Petrol,Manual,First,17.5,1199.0,88.7,5,Honda,WR-V Edge Edition i-VTEC S,9020
Honda City i DTEC VX,Chennai,2014,71000,Diesel,Manual,Second,25.1,1498.0,98.6,5,Honda,City i DTEC VX,6820
Toyota Fortuner 4x2 4 Speed AT,Chennai,2012,97000,Diesel,Automatic,First,11.5,2982.0,169.0,7,Toyota,Fortuner 4x2 4 Speed AT,18425
Mahindra XUV500 AT W10 FWD,Delhi,2017,21000,Diesel,Automatic,First,16.0,2179.0,140.0,7,Mahindra,XUV500 AT W10 FWD,18150
Ford Figo Diesel ZXI,Kolkata,2012,110438,Diesel,Manual,First,20.0,1399.0,68.05,5,Ford,Figo Diesel ZXI,3850
Honda Jazz 1.2 V CVT i VTEC,Coimbatore,2017,66507,Petrol,Automatic,Second,19.0,1199.0,88.7,5,Honda,Jazz 1.2 V CVT i VTEC,5973
Ford Endeavour 3.2 Titanium AT 4X4,Coimbatore,2017,54650,Diesel,Automatic,First,10.91,3198.0,197.0,7,Ford,Endeavour 3.2 Titanium AT 4X4,33385
Nissan Sunny XL CVT,Hyderabad,2014,32000,Petrol,Automatic,First,17.97,1498.0,99.6,5,Nissan,Sunny XL CVT,8789
Skoda Octavia Ambiente 1.9 TDI MT,Coimbatore,2011,75378,Diesel,Manual,First,18.7,1896.0,66.0,5,Skoda,Octavia Ambiente 1.9 TDI MT,3949
Chevrolet Beat Diesel LT,Chennai,2012,82697,Diesel,Manual,First,25.44,936.0,57.6,5,Chevrolet,Beat Diesel LT,2090
Toyota Camry W2 (AT),Chennai,2009,135000,Petrol,Automatic,First,12.1,2362.0,164.7,5,Toyota,Camry W2 (AT),5170
Renault Duster 110PS Diesel RxZ,Chennai,2012,149000,Diesel,Manual,First,19.01,1461.0,108.45,5,Renault,Duster 110PS Diesel RxZ,7975
Mercedes-Benz GLA Class 200 d Style,Kochi,2016,26212,Diesel,Automatic,First,17.9,2143.0,136.0,5,Mercedes-Benz,GLA Class 200 d Style,26906
Tata Zest Revotron 1.2T XMS,Pune,2014,23500,Petrol,Manual,Second,17.57,1193.0,88.7,5,Tata,Zest Revotron 1.2T XMS,4290
Hyundai i20 1.2 Magna,Coimbatore,2013,56127,Petrol,Manual,First,18.5,1197.0,80.0,5,Hyundai,i20 1.2 Magna,5665
Maruti Wagon R VXI AMT1.2,Mumbai,2015,26000,Petrol,Automatic,First,21.5,1197.0,81.8,5,Maruti,Wagon R VXI AMT1.2,4015
Hyundai Xcent 1.2 CRDi S,Kolkata,2016,26000,Diesel,Manual,First,25.4,1186.0,73.97,5,Hyundai,Xcent 1.2 CRDi S,5500
Honda City 1.5 S MT,Kolkata,2009,42000,Petrol,Manual,First,17.0,1497.0,118.0,5,Honda,City 1.5 S MT,2530
Hyundai Verna Xi (Petrol),Kochi,2009,137148,Petrol,Manual,Second,13.9,1599.0,103.2,5,Hyundai,Verna Xi (Petrol),2035
Ford Figo Petrol ZXI,Kolkata,2010,114703,Petrol,Manual,First,15.6,1196.0,70.0,5,Ford,Figo Petrol ZXI,1980
Honda Amaze S i-Dtech,Kochi,2014,97439,Diesel,Manual,First,25.8,1498.0,98.6,5,Honda,Amaze S i-Dtech,4851
Maruti Wagon R LX BSII,Chennai,2006,40000,Petrol,Manual,First,18.9,998.0,67.1,5,Maruti,Wagon R LX BSII,2200
Maruti Swift VDI BSIV,Hyderabad,2014,81609,Diesel,Manual,First,17.8,1248.0,74.0,5,Maruti,Swift VDI BSIV,6105
Mercedes-Benz E-Class Facelift,Bangalore,2014,28000,Diesel,Automatic,First,13.0,2987.0,258.0,5,Mercedes-Benz,E-Class Facelift,34925
Audi A6 2011-2015 35 TDI Technology,Bangalore,2015,37500,Diesel,Automatic,First,17.68,1968.0,174.33,5,Audi,A6 2011-2015 35 TDI Technology,35200
Maruti Swift Dzire LDi,Ahmedabad,2010,83000,Diesel,Manual,First,19.3,1248.0,73.9,5,Maruti,Swift Dzire LDi,3025
Toyota Corolla H2,Coimbatore,2005,79012,Petrol,Manual,First,13.4,1794.0,125.0,5,Toyota,Corolla H2,2904
Mahindra Scorpio S10 7 Seater,Kochi,2018,27395,Diesel,Manual,First,15.4,2179.0,120.0,7,Mahindra,Scorpio S10 7 Seater,15609
Maruti Wagon R VXI,Jaipur,2017,35362,Petrol,Manual,First,22.5,998.0,67.04,5,Maruti,Wagon R VXI,4235
Toyota Fortuner 4x2 Manual,Delhi,2014,117000,Diesel,Manual,First,13.0,2982.0,168.5,7,Toyota,Fortuner 4x2 Manual,17050
Maruti Zen Estilo 1.1 LX BSIII,Mumbai,2010,23000,Petrol,Manual,First,18.2,1061.0,64.0,5,Maruti,Zen Estilo 1.1 LX BSIII,2090
Hyundai i20 Magna,Chennai,2009,69000,Petrol,Manual,Second,18.5,1197.0,80.0,5,Hyundai,i20 Magna,2640
BMW 3 Series 320d,Bangalore,2010,58000,Diesel,Automatic,First,22.69,1995.0,190.0,5,BMW,3 Series 320d,12650
Mahindra XUV500 W6 2WD,Jaipur,2014,88511,Diesel,Manual,First,16.0,2179.0,140.0,7,Mahindra,XUV500 W6 2WD,9075
Volkswagen Vento IPL II Petrol Trendline,Pune,2011,66000,Petrol,Manual,First,15.8,1598.0,105.0,5,Volkswagen,Vento IPL II Petrol Trendline,3025
Skoda Fabia 1.2 MPI Classic,Delhi,2009,65000,Petrol,Manual,Second,17.5,1198.0,70.0,5,Skoda,Fabia 1.2 MPI Classic,1540
Ford Figo Diesel EXI,Chennai,2011,76000,Diesel,Manual,First,20.0,1399.0,68.0,5,Ford,Figo Diesel EXI,2640
Volkswagen Vento IPL II Petrol Highline AT,Pune,2013,23627,Petrol,Automatic,First,14.8,1598.0,105.0,5,Volkswagen,Vento IPL II Petrol Highline AT,5225
Land Rover Range Rover HSE Dynamic,Kochi,2018,52827,Diesel,Automatic,First,12.7,2179.0,187.7,5,Land,Rover Range Rover HSE Dynamic,49236
Honda City i DTEC SV,Kochi,2015,64465,Diesel,Manual,First,26.0,1498.0,98.6,5,Honda,City i DTEC SV,6842
Renault KWID Climber 1.0 AMT,Chennai,2018,14000,Petrol,Automatic,First,22.5,999.0,67.0,5,Renault,KWID Climber 1.0 AMT,4950
Hyundai Grand i10 Asta Option,Mumbai,2015,26000,Petrol,Manual,First,18.9,1197.0,82.0,5,Hyundai,Grand i10 Asta Option,4675
Chevrolet Cruze LTZ AT,Hyderabad,2011,78203,Diesel,Automatic,First,18.1,1991.0,147.9,4,Chevrolet,Cruze LTZ AT,6050
Hyundai i20 1.4 Asta,Mumbai,2017,27000,Diesel,Manual,First,22.54,1396.0,88.73,5,Hyundai,i20 1.4 Asta,7645
Maruti Alto K10 VXI AGS,Coimbatore,2018,31919,Petrol,Automatic,First,24.07,998.0,67.1,5,Maruti,Alto K10 VXI AGS,5016
Hyundai Creta 1.6 SX Option Diesel,Coimbatore,2016,47392,Diesel,Manual,First,20.5,1582.0,126.2,5,Hyundai,Creta 1.6 SX Option Diesel,15202
Honda Amaze VX i-Vtech,Mumbai,2016,17362,Petrol,Manual,First,18.0,1198.0,86.7,5,Honda,Amaze VX i-Vtech,6215
Hyundai i20 Active 1.4 SX Dual Tone,Kochi,2016,49716,Diesel,Manual,First,21.19,1396.0,88.73,5,Hyundai,i20 Active 1.4 SX Dual Tone,6820
Maruti Celerio VXI,Delhi,2014,48000,Petrol,Manual,First,23.1,998.0,67.04,5,Maruti,Celerio VXI,3575
Audi A4 2.0 TDI,Kolkata,2009,46000,Diesel,Automatic,First,16.55,1968.0,147.51,5,Audi,A4 2.0 TDI,9350
Hyundai Verna 1.4 CRDi,Bangalore,2016,79000,Diesel,Manual,First,24.8,1396.0,88.7,5,Hyundai,Verna 1.4 CRDi,7975
Renault Fluence Diesel E4,Pune,2013,57000,Diesel,Manual,First,21.8,1461.0,78.0,5,Renault,Fluence Diesel E4,5071
Volkswagen Polo 1.2 MPI Highline,Delhi,2016,29754,Petrol,Manual,First,16.2,1199.0,74.0,5,Volkswagen,Polo 1.2 MPI Highline,5830
Tata Indigo LX,Ahmedabad,2012,50123,Diesel,Manual,First,17.0,1405.0,70.0,5,Tata,Indigo LX,2090
Hyundai i10 Sportz,Kochi,2012,57184,Petrol,Manual,First,20.36,1197.0,78.9,5,Hyundai,i10 Sportz,3399
BMW 7 Series 730Ld Sedan,Mumbai,2007,75000,Diesel,Automatic,Second,16.46,2993.0,258.0,5,BMW,7 Series 730Ld Sedan,10450
Hyundai Creta 1.6 CRDi AT SX Plus,Mumbai,2015,26000,Diesel,Automatic,First,17.01,1582.0,126.2,5,Hyundai,Creta 1.6 CRDi AT SX Plus,13915
Hyundai Grand i10 Magna,Delhi,2016,22129,Petrol,Manual,First,18.9,1197.0,82.0,5,Hyundai,Grand i10 Magna,4675
Maruti Ritz VDi,Hyderabad,2011,127887,Diesel,Manual,First,21.1,1248.0,73.9,5,Maruti,Ritz VDi,3245
Mahindra Scorpio 2.6 SLX CRDe,Hyderabad,2006,92000,Diesel,Manual,First,10.5,2179.0,120.0,8,Mahindra,Scorpio 2.6 SLX CRDe,3795
Hyundai i10 Era,Hyderabad,2011,60634,Petrol,Manual,First,19.81,1086.0,68.05,5,Hyundai,i10 Era,3630
Tata Safari Storme 2012-2015 VX,Hyderabad,2014,90000,Diesel,Manual,First,14.0,2179.0,138.1,7,Tata,Safari Storme 2012-2015 VX,8800
Honda Civic 2006-2010 1.8 V MT,Kolkata,2009,59000,Petrol,Manual,First,13.5,1799.0,130.0,5,Honda,Civic 2006-2010 1.8 V MT,2981
Maruti Zen Estilo LXI BSIII,Hyderabad,2012,59293,Petrol,Manual,First,18.2,998.0,67.1,5,Maruti,Zen Estilo LXI BSIII,2970
Maruti Swift Dzire VDI,Mumbai,2012,80753,Diesel,Manual,Second,23.4,1248.0,74.0,5,Maruti,Swift Dzire VDI,4950
Toyota Fortuner 4x2 Manual,Delhi,2015,40000,Diesel,Manual,Second,13.0,2982.0,168.5,7,Toyota,Fortuner 4x2 Manual,20625
Maruti Swift VDI,Pune,2014,103000,Diesel,Manual,Second,28.4,1248.0,74.0,5,Maruti,Swift VDI,5775
Maruti Wagon R Duo LX BSIII,Hyderabad,2012,72389,LPG,Manual,First,18.714285714285715,998.0,58.2,5,Maruti,Wagon R Duo LX BSIII,3520
Maruti Dzire LDI,Pune,2017,48000,Diesel,Manual,First,28.4,1248.0,73.75,5,Maruti,Dzire LDI,6600
Hyundai Grand i10 Asta,Kolkata,2014,41000,Petrol,Manual,First,18.9,1197.0,82.0,5,Hyundai,Grand i10 Asta,3454
Renault KWID RXL,Jaipur,2016,26000,Petrol,Manual,First,25.17,799.0,53.3,5,Renault,KWID RXL,2805
Tata Indigo CS eGLX BS IV,Jaipur,2012,30000,Petrol,Manual,Second,15.64,1193.0,64.08,5,Tata,Indigo CS eGLX BS IV,2530
Ford Figo Diesel Titanium,Hyderabad,2014,74624,Diesel,Manual,First,20.0,1399.0,68.05,5,Ford,Figo Diesel Titanium,6215
Porsche Cayenne 2009-2014 Diesel,Kochi,2015,47877,Diesel,Automatic,First,15.15,2967.0,240.0,5,Porsche,Cayenne 2009-2014 Diesel,53042
Maruti Alto K10 VXI,Jaipur,2016,35000,Petrol,Manual,First,24.07,998.0,67.1,5,Maruti,Alto K10 VXI,3300
Volkswagen Vento 1.5 TDI Highline,Ahmedabad,2015,52123,Diesel,Manual,First,20.34,1498.0,103.2,5,Volkswagen,Vento 1.5 TDI Highline,8250
Mahindra Scorpio 2.6 SLX CRDe,Bangalore,2005,90000,Diesel,Manual,First,10.5,2179.0,120.0,8,Mahindra,Scorpio 2.6 SLX CRDe,2860
Honda City 1.5 V MT,Chennai,2009,122000,Petrol,Manual,Second,17.0,1497.0,118.0,5,Honda,City 1.5 V MT,3850
Mini Cooper 3 DOOR S,Kochi,2016,21110,Petrol,Automatic,First,17.44,1998.0,189.08,4,Mini,Cooper 3 DOOR S,31845
Mitsubishi Pajero Sport 4X4 AT,Pune,2015,78000,Diesel,Automatic,First,13.5,2477.0,175.56,6,Mitsubishi,Pajero Sport 4X4 AT,16500
Maruti Swift Dzire VDi,Jaipur,2012,72000,Diesel,Manual,First,19.3,1248.0,73.9,5,Maruti,Swift Dzire VDi,4675
Maruti Ertiga VDI,Pune,2013,43486,Diesel,Manual,First,20.77,1248.0,88.76,7,Maruti,Ertiga VDI,7260
Mercedes-Benz New C-Class C 200 Kompressor Elegance MT,Chennai,2010,34000,Petrol,Manual,First,11.7,1796.0,178.0,5,Mercedes-Benz,New C-Class C 200 Kompressor Elegance MT,11000
Mercedes-Benz New C-Class C 220 CDI BE Avantgare,Bangalore,2016,37944,Diesel,Automatic,First,14.84,2143.0,167.62,5,Mercedes-Benz,New C-Class C 220 CDI BE Avantgare,38500
Ford Ecosport 1.5 DV5 MT Titanium Optional,Mumbai,2017,30000,Diesel,Manual,First,22.7,1498.0,89.84,5,Ford,Ecosport 1.5 DV5 MT Titanium Optional,9625
Toyota Etios Liva 1.2 G,Coimbatore,2015,64005,Petrol,Manual,First,17.71,1197.0,78.9,5,Toyota,Etios Liva 1.2 G,5027
Hyundai i10 Magna 1.2,Delhi,2012,62000,Petrol,Manual,First,20.36,1197.0,78.9,5,Hyundai,i10 Magna 1.2,2750
Land Rover Freelander 2 SE,Kochi,2014,59885,Diesel,Automatic,First,12.39,2179.0,147.51,5,Land,Rover Freelander 2 SE,22121
Toyota Innova 2.5 V Diesel 8-seater,Hyderabad,2011,144471,Diesel,Manual,First,12.8,2494.0,102.0,8,Toyota,Innova 2.5 V Diesel 8-seater,8580
Hyundai i20 1.2 Magna,Coimbatore,2011,63991,Petrol,Manual,First,18.5,1197.0,80.0,5,Hyundai,i20 1.2 Magna,3971
Nissan Micra XV CVT,Mumbai,2015,34895,Petrol,Automatic,First,19.15,1198.0,75.94,5,Nissan,Micra XV CVT,5060
Honda City 1.5 V AT,Kolkata,2015,45000,Petrol,Automatic,First,16.8,1497.0,118.0,5,Honda,City 1.5 V AT,5775
Honda Amaze E i-Dtech,Delhi,2013,45000,Diesel,Manual,Second,25.8,1498.0,98.6,5,Honda,Amaze E i-Dtech,3630
Toyota Fortuner 3.0 Diesel,Bangalore,2013,100000,Diesel,Manual,Second,11.5,2982.0,171.0,7,Toyota,Fortuner 3.0 Diesel,19525
Land Rover Discovery Sport SD4 HSE Luxury,Delhi,2016,70000,Diesel,Automatic,First,12.97,2179.0,187.7,5,Land,Rover Discovery Sport SD4 HSE Luxury,38500
Hyundai Creta 1.6 CRDi SX,Coimbatore,2016,37023,Diesel,Manual,First,19.67,1582.0,126.2,5,Hyundai,Creta 1.6 CRDi SX,14729
Chevrolet Beat Diesel LT,Chennai,2012,81000,Diesel,Manual,First,25.44,936.0,56.3,5,Chevrolet,Beat Diesel LT,2750
Toyota Innova Crysta 2.8 GX AT,Kochi,2017,20789,Diesel,Automatic,First,11.36,2755.0,171.5,7,Toyota,Innova Crysta 2.8 GX AT,20196
Maruti Swift Dzire VDI,Jaipur,2015,68310,Diesel,Manual,First,23.4,1248.0,74.0,5,Maruti,Swift Dzire VDI,6545
Hyundai Creta 1.6 CRDi SX Option,Mumbai,2015,47250,Diesel,Manual,Second,19.67,1582.0,126.2,5,Hyundai,Creta 1.6 CRDi SX Option,12100
Honda Amaze VX i-DTEC,Hyderabad,2017,128000,Diesel,Manual,First,25.8,1498.0,98.6,5,Honda,Amaze VX i-DTEC,6930
Hyundai Creta 1.6 SX Plus Dual Tone Petrol,Kochi,2017,17702,Petrol,Manual,First,15.29,1591.0,121.3,5,Hyundai,Creta 1.6 SX Plus Dual Tone Petrol,13134
Volkswagen Vento Sport 1.2 TSI AT,Mumbai,2014,34987,Petrol,Automatic,First,18.19,1197.0,103.5,5,Volkswagen,Vento Sport 1.2 TSI AT,6545
Honda City i DTec VX,Ahmedabad,2017,37000,Diesel,Manual,First,26.0,1498.0,98.6,5,Honda,City i DTec VX,12100
Hyundai Creta 1.6 SX Plus Dual Tone Petrol,Coimbatore,2017,38271,Petrol,Manual,First,15.29,1591.0,121.3,5,Hyundai,Creta 1.6 SX Plus Dual Tone Petrol,13783
Ford Figo Diesel Titanium,Bangalore,2012,32510,Diesel,Manual,Second,20.0,1399.0,68.0,5,Ford,Figo Diesel Titanium,4125
BMW 5 Series 2013-2017 530d M Sport,Pune,2014,88000,Diesel,Automatic,First,14.69,2993.0,258.0,5,BMW,5 Series 2013-2017 530d M Sport,29700
Mitsubishi Pajero 2.8 SFX 7Str,Pune,2012,116000,Diesel,Manual,First,10.5,2835.0,107.2,6,Mitsubishi,Pajero 2.8 SFX 7Str,10945
Renault Duster 85PS Diesel RxL Option,Jaipur,2013,156000,Diesel,Manual,First,19.87,1461.0,83.8,5,Renault,Duster 85PS Diesel RxL Option,4620
Maruti Ritz VXI,Delhi,2010,75319,Petrol,Manual,Second,21.1,1197.0,85.8,5,Maruti,Ritz VXI,2200
Hyundai Grand i10 Sportz,Kolkata,2013,28000,Petrol,Manual,First,18.9,1197.0,82.0,5,Hyundai,Grand i10 Sportz,3575
Mercedes-Benz GLA Class 200 CDI SPORT,Bangalore,2017,16500,Diesel,Automatic,First,17.9,2143.0,136.0,5,Mercedes-Benz,GLA Class 200 CDI SPORT,37400
BMW 5 Series 520d Luxury Line,Coimbatore,2016,75637,Diesel,Automatic,First,22.48,1995.0,190.0,5,BMW,5 Series 520d Luxury Line,33407
Hyundai Creta 1.6 SX Plus Petrol Automatic,Kochi,2018,32854,Petrol,Automatic,First,13.0,1591.0,121.3,5,Hyundai,Creta 1.6 SX Plus Petrol Automatic,13860
Renault KWID RXT Optional,Kochi,2019,6568,Petrol,Manual,First,25.17,799.0,53.3,5,Renault,KWID RXT Optional,5599
Audi A4 3.0 TDI Quattro,Bangalore,2014,30000,Diesel,Automatic,First,14.94,2967.0,241.4,5,Audi,A4 3.0 TDI Quattro,26950
Maruti Ciaz VDI SHVS,Kochi,2018,17804,Diesel,Manual,Second,28.09,1248.0,88.5,5,Maruti,Ciaz VDI SHVS,8767
Honda Jazz S,Delhi,2011,69768,Petrol,Manual,First,16.0,1198.0,90.0,5,Honda,Jazz S,3190
BMW 3 Series 320d Luxury Line,Kochi,2016,62404,Diesel,Automatic,First,22.69,1995.0,190.0,5,BMW,3 Series 320d Luxury Line,23462
Hyundai Verna SX CRDi AT,Bangalore,2012,97000,Diesel,Automatic,Second,19.08,1582.0,126.32,5,Hyundai,Verna SX CRDi AT,7150
Hyundai Creta 1.4 CRDi S Plus,Coimbatore,2016,55687,Diesel,Manual,First,21.38,1396.0,88.7,5,Hyundai,Creta 1.4 CRDi S Plus,13365
Volkswagen Vento 2013-2015 1.6 Comfortline,Kolkata,2014,17000,Petrol,Manual,First,15.04,1598.0,103.2,5,Volkswagen,Vento 2013-2015 1.6 Comfortline,4675
BMW 3 Series Luxury Line,Coimbatore,2017,34232,Diesel,Automatic,First,21.76,1995.0,190.0,5,BMW,3 Series Luxury Line,39424
Honda CR-V Petrol 2WD,Chennai,2004,135000,Petrol,Automatic,Third,14.4,1997.0,152.0,5,Honda,CR-V Petrol 2WD,3300
Renault Duster 110PS Diesel RxZ AWD,Chennai,2012,80000,Diesel,Manual,First,19.72,1461.0,108.45,5,Renault,Duster 110PS Diesel RxZ AWD,7425
Hyundai i20 Asta 1.2,Bangalore,2014,31045,Petrol,Manual,Second,18.6,1197.0,81.83,5,Hyundai,i20 Asta 1.2,6215
Volkswagen Jetta 2013-2015 2.0L TDI Highline AT,Pune,2013,58000,Diesel,Automatic,Second,16.96,1968.0,138.03,5,Volkswagen,Jetta 2013-2015 2.0L TDI Highline AT,8250
Hyundai Creta 1.6 SX Plus Diesel,Kochi,2018,35480,Diesel,Manual,First,19.67,1582.0,126.2,5,Hyundai,Creta 1.6 SX Plus Diesel,14674
Maruti Ciaz VDI SHVS,Hyderabad,2016,62287,Diesel,Manual,First,28.09,1248.0,88.5,5,Maruti,Ciaz VDI SHVS,8690
Hyundai i20 Asta 1.4 CRDi,Coimbatore,2015,46162,Diesel,Manual,First,22.54,1396.0,88.73,5,Hyundai,i20 Asta 1.4 CRDi,7678
Hyundai Verna 1.6 SX VTVT,Mumbai,2014,9200,Petrol,Manual,First,17.01,1591.0,121.3,5,Hyundai,Verna 1.6 SX VTVT,6325
Volkswagen Polo Diesel Trendline 1.2L,Kolkata,2012,55339,Diesel,Manual,First,22.07,1199.0,73.9,5,Volkswagen,Polo Diesel Trendline 1.2L,2915
Volkswagen Polo Diesel Trendline 1.2L,Kolkata,2011,55476,Diesel,Manual,First,22.07,1199.0,73.9,5,Volkswagen,Polo Diesel Trendline 1.2L,2739
Maruti SX4 Vxi BSIII,Pune,2007,68553,Petrol,Manual,Second,15.0,1586.0,104.68,5,Maruti,SX4 Vxi BSIII,1650
Honda Mobilio RS Option i DTEC,Kochi,2016,67376,Diesel,Manual,First,24.5,1498.0,98.6,7,Honda,Mobilio RS Option i DTEC,7150
Renault Duster 110PS Diesel RxZ Plus,Hyderabad,2013,42000,Diesel,Manual,First,19.64,1461.0,108.45,5,Renault,Duster 110PS Diesel RxZ Plus,8800
Toyota Fortuner 2.8 2WD AT,Coimbatore,2019,28069,Diesel,Automatic,First,12.9,2755.0,174.5,7,Toyota,Fortuner 2.8 2WD AT,33935
Volvo XC60 D4 SUMMUM,Kochi,2014,93144,Diesel,Automatic,First,14.7,1984.0,181.0,5,Volvo,XC60 D4 SUMMUM,18865
Maruti Celerio VXI AT,Hyderabad,2014,24300,Petrol,Automatic,First,23.1,998.0,67.04,5,Maruti,Celerio VXI AT,5005
Maruti Ciaz ZDi Plus,Hyderabad,2015,47883,Diesel,Manual,Second,26.21,1248.0,88.5,5,Maruti,Ciaz ZDi Plus,8140
Audi Q5 2008-2012 2.0 TDI,Kochi,2013,12467,Diesel,Automatic,First,12.8,1968.0,167.6,5,Audi,Q5 2008-2012 2.0 TDI,28204
BMW X1 sDrive 20d Sportline,Kolkata,2013,56683,Diesel,Automatic,Second,17.05,1995.0,184.0,5,BMW,X1 sDrive 20d Sportline,14850
Ford Figo Petrol ZXI,Bangalore,2013,38000,Petrol,Manual,First,15.6,1196.0,70.0,5,Ford,Figo Petrol ZXI,3905
Hyundai Elantra CRDi SX,Ahmedabad,2018,35000,Diesel,Manual,First,22.7,1582.0,126.2,5,Hyundai,Elantra CRDi SX,16500
Hyundai Verna 1.6 i ABS,Pune,2007,80000,Petrol,Manual,Second,13.9,1599.0,103.2,5,Hyundai,Verna 1.6 i ABS,2145
Honda Civic 2006-2010 1.8 S MT,Pune,2006,125000,Petrol,Manual,Second,13.5,1799.0,130.0,5,Honda,Civic 2006-2010 1.8 S MT,2530
Toyota Fortuner 4x4 MT,Chennai,2013,123000,Diesel,Manual,Second,12.55,2982.0,168.5,7,Toyota,Fortuner 4x4 MT,16500
Hyundai i10 Sportz,Chennai,2012,70000,Petrol,Manual,First,20.36,1197.0,78.9,5,Hyundai,i10 Sportz,3465
Nissan Sunny 2011-2014 Diesel XL,Hyderabad,2012,87982,Diesel,Manual,First,21.64,1461.0,84.8,5,Nissan,Sunny 2011-2014 Diesel XL,5500
BMW 5 Series 2013-2017 520d Luxury Line,Jaipur,2013,40714,Diesel,Automatic,Second,18.12,1995.0,190.0,5,BMW,5 Series 2013-2017 520d Luxury Line,27225
Chevrolet Optra Magnum 2.0 LT,Pune,2008,83000,Diesel,Manual,Second,16.52,1991.0,123.7,5,Chevrolet,Optra Magnum 2.0 LT,2860
Hyundai i10 Asta,Ahmedabad,2011,86000,Petrol,Manual,First,20.36,1197.0,78.9,5,Hyundai,i10 Asta,4125
Skoda Laura Ambiente,Ahmedabad,2009,60002,Diesel,Manual,Second,17.5,1896.0,106.0,5,Skoda,Laura Ambiente,5335
Mercedes-Benz E-Class 2009-2013 E 220 CDI Avantgarde,Jaipur,2013,60000,Diesel,Automatic,First,10.0,2148.0,170.0,5,Mercedes-Benz,E-Class 2009-2013 E 220 CDI Avantgarde,29700
Honda Amaze SX i-DTEC,Kolkata,2014,84677,Diesel,Manual,First,25.8,1498.0,98.6,5,Honda,Amaze SX i-DTEC,3300
BMW X1 xDrive 20d xLine,Delhi,2017,23000,Diesel,Automatic,First,20.68,1995.0,190.0,5,BMW,X1 xDrive 20d xLine,31625
Toyota Innova 2.5 G (Diesel) 8 Seater,Hyderabad,2016,81424,Diesel,Manual,First,12.99,2494.0,100.6,8,Toyota,Innova 2.5 G (Diesel) 8 Seater,15939
Nissan Sunny XV D,Chennai,2012,70000,Diesel,Manual,Second,22.71,1461.0,84.8,5,Nissan,Sunny XV D,4400
Maruti Swift Dzire LDI,Delhi,2015,40000,Diesel,Manual,Second,26.59,1248.0,74.0,5,Maruti,Swift Dzire LDI,4950
Volkswagen Jetta 2013-2015 2.0L TDI Highline AT,Pune,2015,65320,Diesel,Automatic,Second,16.96,1968.0,138.03,5,Volkswagen,Jetta 2013-2015 2.0L TDI Highline AT,12650
Honda Accord 2.4 Inspire M/T,Pune,2009,79000,Petrol,Manual,Third,9.8,2354.0,180.0,5,Honda,Accord 2.4 Inspire M/T,3410
Honda City i VTEC V,Mumbai,2018,5000,Petrol,Manual,First,17.8,1497.0,117.3,5,Honda,City i VTEC V,11121
Hyundai Verna 1.6 SX VTVT,Coimbatore,2019,6028,Petrol,Manual,First,17.01,1591.0,121.3,5,Hyundai,Verna 1.6 SX VTVT,12693
Maruti Wagon R LX BSII,Delhi,2006,86000,Petrol,Manual,Second,18.9,998.0,67.1,5,Maruti,Wagon R LX BSII,1100
Maruti Swift Dzire Tour LDI,Kolkata,2013,160000,Diesel,Manual,Second,23.4,1248.0,74.0,5,Maruti,Swift Dzire Tour LDI,2750
Audi Q5 2008-2012 2.0 TFSI Quattro,Kochi,2011,59967,Petrol,Automatic,First,9.74,1984.0,208.0,5,Audi,Q5 2008-2012 2.0 TFSI Quattro,19800
Toyota Etios Cross 1.4 GD,Coimbatore,2018,43127,Diesel,Manual,First,23.59,1364.0,67.04,5,Toyota,Etios Cross 1.4 GD,7535
Hyundai i10 Era 1.1 iTech SE,Kochi,2012,65727,Petrol,Manual,First,19.81,1086.0,68.05,5,Hyundai,i10 Era 1.1 iTech SE,3267
Hyundai Verna 1.6 VTVT,Pune,2013,70000,Petrol,Manual,First,17.01,1591.0,121.3,5,Hyundai,Verna 1.6 VTVT,5225
Volkswagen Polo 1.5 TDI Highline,Coimbatore,2018,39861,Diesel,Manual,First,20.14,1498.0,88.8,5,Volkswagen,Polo 1.5 TDI Highline,8118
BMW 5 Series 520d Sport Line,Delhi,2017,16485,Diesel,Automatic,First,22.48,1995.0,187.74,5,BMW,5 Series 520d Sport Line,47025
Hyundai i20 1.4 Asta Optional With Sunroof,Bangalore,2010,77332,Diesel,Manual,Second,23.0,1396.0,90.0,5,Hyundai,i20 1.4 Asta Optional With Sunroof,4015
Hyundai Grand i10 Asta Option AT,Kochi,2017,17489,Petrol,Automatic,First,18.9,1197.0,82.0,5,Hyundai,Grand i10 Asta Option AT,6589
Toyota Fortuner 4x2 4 Speed AT,Pune,2012,125000,Diesel,Automatic,First,11.5,2982.0,169.0,7,Toyota,Fortuner 4x2 4 Speed AT,14850
Maruti Baleno Zeta Automatic,Chennai,2016,35129,Petrol,Automatic,First,21.4,1197.0,83.1,5,Maruti,Baleno Zeta Automatic,7700
Hyundai Creta 1.6 SX Plus Petrol Automatic,Hyderabad,2016,22982,Petrol,Automatic,First,13.0,1591.0,121.3,5,Hyundai,Creta 1.6 SX Plus Petrol Automatic,12045
Hyundai i10 Sportz,Pune,2013,54500,Petrol,Manual,Third,20.36,1197.0,78.9,5,Hyundai,i10 Sportz,3245
Tata Tigor XE Diesel,Ahmedabad,2017,16235,Diesel,Manual,First,24.7,1047.0,69.0,5,Tata,Tigor XE Diesel,6050
Skoda Superb Style 1.8 TSI AT,Kochi,2017,73641,Petrol,Automatic,First,14.67,1798.0,177.46,5,Skoda,Superb Style 1.8 TSI AT,18787
Maruti Swift Dzire VDI,Hyderabad,2015,59572,Diesel,Manual,First,26.59,1248.0,74.0,5,Maruti,Swift Dzire VDI,7535
Honda CR-V 2.0 AT,Jaipur,2014,112827,Petrol,Automatic,First,13.1,1997.0,141.1,5,Honda,CR-V 2.0 AT,11550
Toyota Innova 2.5 G (Diesel) 8 Seater BS IV,Hyderabad,2010,118000,Diesel,Manual,First,12.8,2494.0,102.0,8,Toyota,Innova 2.5 G (Diesel) 8 Seater BS IV,9625
Honda City 1.5 V MT,Kolkata,2010,60000,Petrol,Manual,First,17.0,1497.0,118.0,5,Honda,City 1.5 V MT,2970
Hyundai Verna VTVT 1.6 AT SX Plus,Mumbai,2012,75059,Petrol,Automatic,First,17.0,1591.0,121.3,5,Hyundai,Verna VTVT 1.6 AT SX Plus,4675
Skoda Superb Elegance 1.8 TSI AT,Delhi,2011,78000,Petrol,Automatic,Second,13.7,1798.0,157.75,5,Skoda,Superb Elegance 1.8 TSI AT,4950
Nissan Sunny 2011-2014 Diesel XV,Kolkata,2012,47000,Diesel,Manual,First,21.64,1461.0,84.8,5,Nissan,Sunny 2011-2014 Diesel XV,4400
Honda City 1.5 V MT Exclusive,Delhi,2012,42000,Petrol,Manual,First,17.0,1497.0,118.0,5,Honda,City 1.5 V MT Exclusive,5225
Hyundai Elite i20 Diesel Asta Option,Kolkata,2018,6820,Diesel,Manual,First,22.54,1396.0,88.76,5,Hyundai,Elite i20 Diesel Asta Option,8415
Chevrolet Optra 1.6 LT Royale,Kochi,2013,55176,Petrol,Manual,Second,17.4,1599.0,104.0,5,Chevrolet,Optra 1.6 LT Royale,3817
Honda Amaze S i-Vtech,Kochi,2016,39854,Petrol,Manual,First,18.0,1198.0,86.7,5,Honda,Amaze S i-Vtech,6204
Volkswagen Polo Petrol Comfortline 1.2L,Kolkata,2013,24000,Petrol,Manual,First,16.47,1198.0,73.9,5,Volkswagen,Polo Petrol Comfortline 1.2L,3245
Maruti Swift VDI,Jaipur,2016,55000,Diesel,Manual,First,22.9,1248.0,74.0,5,Maruti,Swift VDI,6215
Ford Endeavour 3.0L 4X4 AT,Kochi,2012,45840,Diesel,Automatic,First,11.4,2953.0,153.86,7,Ford,Endeavour 3.0L 4X4 AT,9251
Volkswagen Polo 1.5 TDI Highline,Coimbatore,2014,52951,Diesel,Manual,First,20.14,1498.0,88.0,5,Volkswagen,Polo 1.5 TDI Highline,6215
Hyundai Verna 1.6 SX VTVT (O),Kolkata,2013,49000,Petrol,Manual,First,17.1,1591.0,121.3,5,Hyundai,Verna 1.6 SX VTVT (O),4950
Maruti Ciaz ZDi Plus SHVS,Ahmedabad,2015,52000,Diesel,Manual,First,28.09,1248.0,88.5,5,Maruti,Ciaz ZDi Plus SHVS,7590
Nissan Sunny 2011-2014 Diesel XL,Jaipur,2013,120005,Diesel,Manual,First,21.64,1461.0,84.8,5,Nissan,Sunny 2011-2014 Diesel XL,4400
Skoda Rapid 1.6 MPI Ambition With Alloy Wheel,Mumbai,2015,33000,Petrol,Manual,First,15.0,1598.0,103.52,5,Skoda,Rapid 1.6 MPI Ambition With Alloy Wheel,6160
Maruti Eeco 7 Seater Standard,Delhi,2016,126000,Petrol,Manual,First,15.1,1196.0,73.0,7,Maruti,Eeco 7 Seater Standard,2420
Skoda Rapid Ultima 1.6 MPI Ambition Plus,Bangalore,2013,66700,Petrol,Manual,First,15.0,1598.0,103.5,5,Skoda,Rapid Ultima 1.6 MPI Ambition Plus,4400
Toyota Fortuner 4x4 MT,Jaipur,2014,122000,Diesel,Manual,Second,12.55,2982.0,168.5,7,Toyota,Fortuner 4x4 MT,17600
Hyundai Creta 1.6 CRDi SX,Mumbai,2016,29000,Diesel,Manual,First,19.67,1582.0,126.2,5,Hyundai,Creta 1.6 CRDi SX,13860
Hyundai i20 Magna Optional 1.2,Kochi,2014,42315,Petrol,Manual,First,18.5,1197.0,82.9,5,Hyundai,i20 Magna Optional 1.2,5269
Maruti Wagon R LXI CNG,Mumbai,2015,22001,CNG,Manual,First,19.000000000000004,998.0,58.16,5,Maruti,Wagon R LXI CNG,4015
Honda City i DTEC V,Kochi,2016,84580,Diesel,Manual,First,26.0,1498.0,98.6,5,Honda,City i DTEC V,7513
Maruti Swift Dzire LXI,Delhi,2015,24296,Petrol,Manual,First,20.85,1197.0,83.14,5,Maruti,Swift Dzire LXI,5115
Honda City 1.5 V MT Sunroof,Kolkata,2014,40000,Petrol,Manual,First,16.8,1497.0,116.3,5,Honda,City 1.5 V MT Sunroof,7139
Hyundai Verna CRDi,Chennai,2009,64514,Diesel,Manual,First,16.8,1493.0,110.0,5,Hyundai,Verna CRDi,3190
Hyundai Verna 1.6 SX VTVT,Delhi,2016,35000,Petrol,Manual,First,17.01,1591.0,121.3,5,Hyundai,Verna 1.6 SX VTVT,8140
Renault KWID RXT,Bangalore,2016,41000,Petrol,Manual,Second,25.17,799.0,53.3,5,Renault,KWID RXT,3575
Maruti Wagon R LXI,Ahmedabad,2008,60123,Petrol,Manual,Second,18.9,998.0,67.1,5,Maruti,Wagon R LXI,2145
Hyundai Grand i10 Sportz,Jaipur,2015,53000,Petrol,Manual,Second,18.9,1197.0,82.0,5,Hyundai,Grand i10 Sportz,4400
Hyundai i20 1.2 Asta,Delhi,2017,9000,Petrol,Manual,First,18.6,1197.0,81.83,5,Hyundai,i20 1.2 Asta,7535
Honda Amaze S i-Vtech,Coimbatore,2015,53497,Petrol,Manual,First,18.0,1198.0,86.7,5,Honda,Amaze S i-Vtech,5995
Ford Fiesta 1.4 Duratorq ZXI,Hyderabad,2007,68000,Diesel,Manual,First,17.8,1399.0,68.0,5,Ford,Fiesta 1.4 Duratorq ZXI,2189
Hyundai Verna SX CRDi AT,Hyderabad,2014,65000,Diesel,Automatic,First,19.08,1582.0,126.32,5,Hyundai,Verna SX CRDi AT,9889
Toyota Etios VD SP,Kolkata,2014,45155,Diesel,Manual,First,23.59,1364.0,67.04,5,Toyota,Etios VD SP,7150
Honda Jazz 1.2 V CVT i VTEC,Coimbatore,2018,20026,Petrol,Automatic,First,19.0,1199.0,88.7,5,Honda,Jazz 1.2 V CVT i VTEC,10197
Hyundai Verna 1.6 CRDi SX,Ahmedabad,2015,60000,Diesel,Manual,First,23.9,1582.0,126.2,5,Hyundai,Verna 1.6 CRDi SX,7689
Mercedes-Benz CLA 200 D Sport Edition,Coimbatore,2019,15976,Diesel,Automatic,First,17.9,2143.0,136.0,5,Mercedes-Benz,CLA 200 D Sport Edition,40436
Skoda Octavia Elegance 1.8 TSI AT,Kochi,2017,30523,Petrol,Automatic,First,14.7,1798.0,177.5,5,Skoda,Octavia Elegance 1.8 TSI AT,18787
Chevrolet Beat Diesel LS,Kolkata,2013,26300,Diesel,Manual,First,25.44,936.0,57.6,5,Chevrolet,Beat Diesel LS,3080
Volkswagen Polo Diesel Trendline 1.2L,Kolkata,2011,66000,Diesel,Manual,First,22.07,1199.0,73.9,5,Volkswagen,Polo Diesel Trendline 1.2L,2739
Maruti SX4 S Cross DDiS 200 Zeta,Jaipur,2016,70000,Diesel,Manual,First,23.65,1248.0,88.5,5,Maruti,SX4 S Cross DDiS 200 Zeta,9735
Honda City V MT,Ahmedabad,2011,46000,Petrol,Manual,First,16.8,1497.0,116.3,5,Honda,City V MT,4565
Volkswagen Vento 1.5 TDI Highline,Hyderabad,2017,28000,Diesel,Manual,First,20.64,1498.0,108.5,5,Volkswagen,Vento 1.5 TDI Highline,11000
Hyundai Grand i10 1.2 Kappa Magna,Delhi,2017,46000,Petrol,Manual,First,18.9,1197.0,81.86,5,Hyundai,Grand i10 1.2 Kappa Magna,5225
Renault KWID AMT RXL,Jaipur,2017,33000,Petrol,Automatic,First,24.04,999.0,67.0,5,Renault,KWID AMT RXL,3520
Maruti Alto 800 LXI,Kochi,2017,27718,Petrol,Manual,First,22.74,796.0,47.3,5,Maruti,Alto 800 LXI,3608
Ford Ecosport 1.5 Ti VCT MT Titanium,Bangalore,2013,58000,Petrol,Manual,First,15.8,1499.0,110.0,5,Ford,Ecosport 1.5 Ti VCT MT Titanium,8250
Maruti Baleno Zeta,Coimbatore,2018,33150,Petrol,Manual,First,21.4,1197.0,83.1,5,Maruti,Baleno Zeta,8129
Maruti Ritz VDi,Pune,2013,77000,Diesel,Manual,First,23.2,1248.0,73.94,5,Maruti,Ritz VDi,4015
Mercedes-Benz E-Class 280 CDI,Chennai,2007,70000,Diesel,Automatic,First,11.0,2987.0,198.5,5,Mercedes-Benz,E-Class 280 CDI,12100
Maruti Ritz VDi,Kolkata,2012,97000,Diesel,Manual,First,23.2,1248.0,73.94,5,Maruti,Ritz VDi,3300
Chevrolet Beat Diesel LT,Chennai,2012,75300,Diesel,Manual,Second,25.44,936.0,57.6,5,Chevrolet,Beat Diesel LT,2475
Maruti SX4 Vxi BSIV,Kochi,2010,69918,Petrol,Manual,First,15.5,1586.0,103.3,5,Maruti,SX4 Vxi BSIV,3113
Mitsubishi Pajero Sport Anniversary Edition,Kolkata,2014,39163,Diesel,Manual,First,13.5,2477.0,178.0,7,Mitsubishi,Pajero Sport Anniversary Edition,16170
Mercedes-Benz S Class 2005 2013 S 300 L,Pune,2013,80000,Petrol,Automatic,First,13.0,2987.0,210.0,5,Mercedes-Benz,S Class 2005 2013 S 300 L,27500
Chevrolet Beat Diesel LS,Bangalore,2015,66000,Diesel,Manual,First,25.44,936.0,56.3,5,Chevrolet,Beat Diesel LS,2585
Ford Figo 2015-2019 1.5D Titanium MT,Coimbatore,2017,36154,Diesel,Manual,Second,25.83,1498.0,99.0,5,Ford,Figo 2015-2019 1.5D Titanium MT,7051
Honda City i-VTEC VX,Ahmedabad,2012,34000,Petrol,Manual,First,17.4,1497.0,117.3,5,Honda,City i-VTEC VX,6325
Mercedes-Benz GLA Class 200 CDI SPORT,Chennai,2016,60000,Diesel,Automatic,Second,17.9,2143.0,136.0,5,Mercedes-Benz,GLA Class 200 CDI SPORT,19305
Hyundai Creta 1.4 CRDi S Plus,Jaipur,2015,32000,Diesel,Manual,First,21.38,1396.0,88.7,5,Hyundai,Creta 1.4 CRDi S Plus,11275
Ford Fiesta Classic 1.4 Duratorq CLXI,Kochi,2012,79985,Diesel,Manual,First,17.8,1399.0,67.0,5,Ford,Fiesta Classic 1.4 Duratorq CLXI,3476
Audi A4 2.0 TDI,Bangalore,2014,37600,Diesel,Automatic,Second,16.55,1968.0,147.51,5,Audi,A4 2.0 TDI,24750
Hyundai i10 Magna 1.1,Kochi,2015,31965,Petrol,Manual,First,19.81,1086.0,68.05,5,Hyundai,i10 Magna 1.1,3905
BMW 3 Series 320i Sedan,Kochi,2010,70749,Petrol,Automatic,First,12.05,1995.0,154.0,5,BMW,3 Series 320i Sedan,10846
BMW 7 Series 730Ld,Chennai,2013,38000,Diesel,Automatic,First,16.46,2993.0,258.0,5,BMW,7 Series 730Ld,49500
Hyundai Verna 1.6 SX VTVT,Kochi,2017,41534,Petrol,Manual,First,17.01,1591.0,121.3,5,Hyundai,Verna 1.6 SX VTVT,8789
Volkswagen Ameo 1.5 TDI Comfortline AT,Jaipur,2017,54455,Diesel,Automatic,First,22.0,1498.0,108.495,5,Volkswagen,Ameo 1.5 TDI Comfortline AT,7150
Chevrolet Cruze LTZ,Coimbatore,2018,52073,Diesel,Manual,Second,18.3,1991.0,147.9,5,Chevrolet,Cruze LTZ,10857
Hyundai i20 1.4 Sportz,Kochi,2018,40175,Diesel,Manual,Second,22.54,1396.0,88.73,5,Hyundai,i20 1.4 Sportz,6996
Honda BRV i-VTEC V CVT,Mumbai,2017,16503,Petrol,Automatic,First,16.0,1497.0,117.3,7,Honda,BRV i-VTEC V CVT,10450
Hyundai Xcent 1.2 Kappa SX,Kochi,2017,15029,Petrol,Manual,First,19.1,1197.0,82.0,5,Hyundai,Xcent 1.2 Kappa SX,6655
Maruti Alto 800 CNG LXI,Mumbai,2013,26200,CNG,Manual,First,21.75714285714286,796.0,47.3,5,Maruti,Alto 800 CNG LXI,2365
Hyundai Grand i10 CRDi Sportz,Hyderabad,2015,76362,Diesel,Manual,First,24.0,1120.0,70.0,5,Hyundai,Grand i10 CRDi Sportz,6050
Toyota Innova 2.5 VX (Diesel) 7 Seater,Coimbatore,2015,67585,Diesel,Manual,First,12.99,2494.0,100.6,7,Toyota,Innova 2.5 VX (Diesel) 7 Seater,13189
Hyundai i10 Sportz 1.2 AT,Mumbai,2010,57000,Petrol,Automatic,Second,16.95,1197.0,78.9,5,Hyundai,i10 Sportz 1.2 AT,2750
Honda City i-VTEC CVT V,Kochi,2019,22321,Petrol,Automatic,First,18.0,1497.0,117.3,5,Honda,City i-VTEC CVT V,12826
Maruti Wagon R LXI BS IV,Kolkata,2015,36428,Petrol,Manual,First,20.51,998.0,67.04,5,Maruti,Wagon R LXI BS IV,3410
Ford Figo Diesel Titanium,Hyderabad,2012,73500,Diesel,Manual,Second,20.0,1399.0,68.0,5,Ford,Figo Diesel Titanium,2860
Honda Amaze S i-Vtech,Kochi,2015,47234,Petrol,Manual,First,18.0,1198.0,86.7,5,Honda,Amaze S i-Vtech,5599
Hyundai Accent GLE,Hyderabad,2008,62364,Petrol,Manual,First,13.2,1495.0,94.0,5,Hyundai,Accent GLE,2530
Hyundai Verna 1.6 SX CRDi (O),Pune,2012,89000,Diesel,Manual,First,22.32,1582.0,126.32,5,Hyundai,Verna 1.6 SX CRDi (O),6600
Maruti Swift ZDi,Ahmedabad,2013,58653,Diesel,Manual,First,25.2,1248.0,74.0,5,Maruti,Swift ZDi,4840
Mercedes-Benz B Class B180,Delhi,2013,30000,Petrol,Automatic,Second,14.8,1595.0,120.7,5,Mercedes-Benz,B Class B180,12100
Chevrolet Cruze LTZ,Coimbatore,2014,64042,Diesel,Manual,First,17.3,1998.0,163.7,5,Chevrolet,Cruze LTZ,6270
Skoda Laura Ambiente 2.0 TDI CR AT,Chennai,2013,120000,Diesel,Automatic,First,20.0,1968.0,138.1,5,Skoda,Laura Ambiente 2.0 TDI CR AT,7645
Mahindra Scorpio VLX 2WD BSIV,Hyderabad,2014,90000,Diesel,Manual,First,12.05,2179.0,120.0,8,Mahindra,Scorpio VLX 2WD BSIV,8690
BMW X1 xDrive 20d xLine,Kochi,2018,30733,Diesel,Automatic,First,20.68,1995.0,190.0,5,BMW,X1 xDrive 20d xLine,32230
Skoda Superb Elegance 1.8 TSI AT,Pune,2010,71473,Petrol,Automatic,Second,13.7,1798.0,157.75,5,Skoda,Superb Elegance 1.8 TSI AT,5885
Honda Brio VX AT,Mumbai,2014,39000,Petrol,Automatic,Second,16.5,1198.0,86.8,5,Honda,Brio VX AT,3839
Hyundai i10 Magna 1.2,Hyderabad,2009,84045,Petrol,Manual,First,20.36,1197.0,78.9,5,Hyundai,i10 Magna 1.2,3135
Honda City i VTEC SV,Mumbai,2014,57004,Petrol,Manual,First,17.4,1497.0,117.3,5,Honda,City i VTEC SV,5885
Ford Figo Petrol ZXI,Coimbatore,2012,75464,Petrol,Manual,First,15.6,1196.0,70.0,5,Ford,Figo Petrol ZXI,3982
Toyota Innova 2.5 G4 Diesel 7-seater,Hyderabad,2006,142000,Diesel,Manual,First,12.8,2494.0,102.0,7,Toyota,Innova 2.5 G4 Diesel 7-seater,6875
Mahindra Verito 1.5 D6 BSIV,Kochi,2012,118683,Diesel,Manual,Second,21.0,1461.0,64.1,5,Mahindra,Verito 1.5 D6 BSIV,3509
Mahindra KUV 100 G80 K8 Dual Tone,Delhi,2018,42000,Petrol,Manual,First,18.15,1198.0,82.0,6,Mahindra,KUV 100 G80 K8 Dual Tone,6050
Hyundai i20 Sportz Option 1.2,Kochi,2019,12800,Petrol,Manual,First,18.6,1197.0,81.83,5,Hyundai,i20 Sportz Option 1.2,8437
Tata New Safari EX 4x2,Jaipur,2011,80000,Petrol,Manual,First,12.0,2092.0,127.0,7,Tata,New Safari EX 4x2,6050
Maruti Swift Dzire VDi,Hyderabad,2014,76126,Diesel,Manual,First,19.3,1248.0,73.9,5,Maruti,Swift Dzire VDi,7260
BMW X5 xDrive 30d M Sport,Chennai,2017,21000,Diesel,Automatic,Second,15.97,2993.0,258.0,5,BMW,X5 xDrive 30d M Sport,60500
Audi A6 2011-2015 2.0 TDI Premium Plus,Pune,2013,85000,Diesel,Automatic,First,17.68,1968.0,174.33,5,Audi,A6 2011-2015 2.0 TDI Premium Plus,23100
Maruti Baleno Delta 1.2,Jaipur,2017,27000,Petrol,Manual,First,21.4,1197.0,83.1,5,Maruti,Baleno Delta 1.2,4950
Hyundai Santa Fe 4WD AT,Coimbatore,2016,45794,Diesel,Automatic,First,13.01,2199.0,194.3,7,Hyundai,Santa Fe 4WD AT,22737
Chevrolet Cruze LTZ AT,Hyderabad,2013,57352,Diesel,Automatic,First,14.39,1998.0,163.7,5,Chevrolet,Cruze LTZ AT,7150
Mercedes-Benz E-Class 2015-2017 E250 Edition E,Coimbatore,2018,41467,Diesel,Automatic,First,15.0,2143.0,204.0,5,Mercedes-Benz,E-Class 2015-2017 E250 Edition E,41778
Hyundai Santro Xing GLS,Mumbai,2009,42000,Petrol,Manual,First,17.92,1086.0,62.1,5,Hyundai,Santro Xing GLS,1595
Maruti Wagon R LXI CNG,Delhi,2014,62549,CNG,Manual,First,19.000000000000004,998.0,58.16,5,Maruti,Wagon R LXI CNG,3245
Maruti Ciaz VDi Plus SHVS,Hyderabad,2015,67048,Diesel,Manual,First,28.09,1248.0,88.5,5,Maruti,Ciaz VDi Plus SHVS,8690
Honda City i-VTEC V,Kochi,2018,11732,Petrol,Manual,First,17.4,1497.0,117.3,5,Honda,City i-VTEC V,11077
Nissan Terrano XL Plus ICC WT20 SE,Mumbai,2016,37000,Diesel,Manual,First,20.45,1461.0,83.8,5,Nissan,Terrano XL Plus ICC WT20 SE,7150
BMW 3 Series 320d Prestige,Hyderabad,2015,30000,Diesel,Automatic,First,18.88,1995.0,184.0,5,BMW,3 Series 320d Prestige,24200
Honda City i DTEC V,Hyderabad,2016,53000,Diesel,Manual,First,26.0,1498.0,98.6,5,Honda,City i DTEC V,10725
Nissan Terrano XL Plus 85 PS,Jaipur,2014,60000,Diesel,Manual,First,20.45,1461.0,83.8,5,Nissan,Terrano XL Plus 85 PS,6600
Hyundai Grand i10 CRDi Sportz,Delhi,2014,65000,Diesel,Manual,First,24.0,1120.0,70.0,5,Hyundai,Grand i10 CRDi Sportz,4389
Toyota Fortuner 4x2 AT,Delhi,2015,92000,Diesel,Automatic,First,12.55,2982.0,168.5,7,Toyota,Fortuner 4x2 AT,21725
Toyota Innova Crysta 2.4 VX MT,Kolkata,2017,31000,Diesel,Manual,First,13.68,2393.0,147.8,7,Toyota,Innova Crysta 2.4 VX MT,18645
Maruti Baleno Zeta 1.2,Chennai,2017,43917,Petrol,Manual,First,21.4,1197.0,83.1,5,Maruti,Baleno Zeta 1.2,7480
Hyundai i10 Sportz 1.1L,Pune,2013,84000,Petrol,Manual,First,19.81,1086.0,68.05,5,Hyundai,i10 Sportz 1.1L,3245
Audi Q7 3.0 TDI Quattro Premium Plus,Coimbatore,2015,55662,Diesel,Automatic,First,12.07,2967.0,241.4,7,Audi,Q7 3.0 TDI Quattro Premium Plus,47113
Volvo S60 D4 Momentum,Hyderabad,2014,51000,Diesel,Automatic,First,27.03,1969.0,190.0,5,Volvo,S60 D4 Momentum,23650
Honda City i VTEC V,Jaipur,2015,24398,Petrol,Manual,First,17.8,1497.0,117.3,5,Honda,City i VTEC V,8690
Maruti Alto K10 2010-2014 VXI,Hyderabad,2011,78000,Petrol,Manual,Second,20.92,998.0,67.1,5,Maruti,Alto K10 2010-2014 VXI,2530
Honda Brio 1.2 S Option MT,Delhi,2012,40315,Petrol,Manual,First,18.5,1198.0,86.8,5,Honda,Brio 1.2 S Option MT,3025
Mahindra Scorpio VLX 2WD AIRBAG BSIV,Jaipur,2011,83000,Diesel,Manual,First,12.05,2179.0,120.0,8,Mahindra,Scorpio VLX 2WD AIRBAG BSIV,7381
Renault Duster 110PS Diesel RxL AMT,Kochi,2017,58151,Diesel,Automatic,First,19.6,1461.0,108.45,5,Renault,Duster 110PS Diesel RxL AMT,10560
Hyundai Creta 1.6 CRDi SX,Kochi,2017,30519,Diesel,Manual,First,19.67,1582.0,126.2,5,Hyundai,Creta 1.6 CRDi SX,14091
Tata Tiago 1.2 Revotron XZ,Coimbatore,2019,20712,Petrol,Manual,First,23.84,1199.0,84.0,5,Tata,Tiago 1.2 Revotron XZ,7634
Mahindra XUV500 W6 2WD,Mumbai,2015,48000,Diesel,Manual,First,16.0,2179.0,140.0,7,Mahindra,XUV500 W6 2WD,10395
Volkswagen Vento 1.5 TDI Highline,Hyderabad,2015,85000,Diesel,Manual,First,20.34,1498.0,103.2,5,Volkswagen,Vento 1.5 TDI Highline,6600
Mercedes-Benz B Class B180,Delhi,2013,32000,Petrol,Automatic,First,14.8,1595.0,120.7,5,Mercedes-Benz,B Class B180,12100
Maruti SX4 Vxi BSIV,Delhi,2011,52000,Petrol,Manual,First,15.5,1586.0,103.3,5,Maruti,SX4 Vxi BSIV,2860
Hyundai Getz GLE,Hyderabad,2007,58307,Petrol,Manual,First,15.3,1341.0,83.0,5,Hyundai,Getz GLE,2145
Audi A4 2.0 TDI 177 Bhp Premium Plus,Chennai,2014,40000,Diesel,Automatic,First,17.11,1968.0,174.33,5,Audi,A4 2.0 TDI 177 Bhp Premium Plus,24200
Hyundai i20 Asta Option 1.2,Kolkata,2015,36000,Petrol,Manual,First,18.6,1197.0,81.83,5,Hyundai,i20 Asta Option 1.2,5390
Nissan Terrano XL D Option,Kochi,2015,58817,Diesel,Manual,First,19.87,1461.0,83.14,5,Nissan,Terrano XL D Option,6875
Volkswagen Vento Konekt Diesel Highline,Chennai,2013,55000,Diesel,Manual,Second,20.54,1598.0,103.6,5,Volkswagen,Vento Konekt Diesel Highline,6710
Hyundai i10 Sportz,Mumbai,2011,39000,Petrol,Manual,First,20.36,1197.0,78.9,5,Hyundai,i10 Sportz,2860
Maruti Swift Dzire VXi,Pune,2010,49900,Petrol,Manual,Second,17.5,1298.0,85.8,5,Maruti,Swift Dzire VXi,3630
Tata Indica Vista Quadrajet VX,Hyderabad,2013,99500,Diesel,Manual,Second,22.3,1248.0,74.0,5,Tata,Indica Vista Quadrajet VX,3355
Hyundai i20 Asta 1.4 CRDi,Kolkata,2012,33249,Diesel,Manual,First,21.27,1396.0,88.76,5,Hyundai,i20 Asta 1.4 CRDi,3575
Hyundai Xcent 1.2 Kappa S Option,Delhi,2014,52000,Petrol,Manual,First,19.1,1197.0,81.86,5,Hyundai,Xcent 1.2 Kappa S Option,4125
Toyota Innova 2.5 VX (Diesel) 7 Seater,Mumbai,2015,45000,Diesel,Manual,First,12.99,2494.0,100.6,7,Toyota,Innova 2.5 VX (Diesel) 7 Seater,14575
Tata Tiago 1.2 Revotron XZ,Hyderabad,2017,22000,Petrol,Manual,First,23.84,1199.0,84.0,5,Tata,Tiago 1.2 Revotron XZ,5280
Renault KWID RXL,Kochi,2019,7858,Petrol,Manual,First,25.17,799.0,53.3,5,Renault,KWID RXL,4180
Toyota Innova 2.5 V Diesel 7-seater,Pune,2011,112000,Diesel,Manual,First,12.8,2494.0,102.0,7,Toyota,Innova 2.5 V Diesel 7-seater,9350
Mercedes-Benz E-Class 2015-2017 E250 CDI Avantgarde,Coimbatore,2016,41082,Diesel,Automatic,First,13.0,2143.0,204.0,5,Mercedes-Benz,E-Class 2015-2017 E250 CDI Avantgarde,42636
Honda City 1.5 S AT,Ahmedabad,2009,72000,Petrol,Automatic,First,16.8,1497.0,116.4,5,Honda,City 1.5 S AT,3520
Hyundai i10 Sportz 1.2,Hyderabad,2011,84912,Petrol,Manual,First,20.36,1197.0,78.9,5,Hyundai,i10 Sportz 1.2,3850
Hyundai Creta 1.6 CRDi SX Option,Pune,2015,70000,Diesel,Manual,First,19.67,1582.0,126.2,5,Hyundai,Creta 1.6 CRDi SX Option,13475
Honda Amaze VX Petrol,Mumbai,2014,21000,Petrol,Manual,First,19.5,1199.0,86.76,5,Honda,Amaze VX Petrol,5225
Volkswagen Polo 1.2 MPI Trendline,Delhi,2016,27000,Petrol,Manual,First,18.78,999.0,74.0,5,Volkswagen,Polo 1.2 MPI Trendline,4950
Hyundai i10 Magna 1.2,Kolkata,2012,29000,Petrol,Manual,First,20.36,1197.0,78.9,5,Hyundai,i10 Magna 1.2,2585
Renault Pulse RxL,Hyderabad,2014,48425,Diesel,Manual,First,23.08,1461.0,63.12,5,Renault,Pulse RxL,3740
Volkswagen Vento 1.5 TDI Highline AT,Pune,2016,19000,Diesel,Automatic,First,21.5,1498.0,108.5,5,Volkswagen,Vento 1.5 TDI Highline AT,11000
Toyota Corolla Altis G,Delhi,2013,64000,Petrol,Manual,Second,14.53,1798.0,138.1,5,Toyota,Corolla Altis G,5720
Mercedes-Benz GL-Class 350 CDI Blue Efficiency,Chennai,2013,100000,Diesel,Automatic,Second,11.3,2987.0,254.8,7,Mercedes-Benz,GL-Class 350 CDI Blue Efficiency,41800
Renault Duster 85PS Diesel RxL Optional,Kochi,2013,69140,Diesel,Manual,First,20.46,1461.0,83.8,5,Renault,Duster 85PS Diesel RxL Optional,5621
Skoda Rapid 1.6 MPI Ambition,Coimbatore,2019,21214,Petrol,Manual,First,15.41,1598.0,103.52,5,Skoda,Rapid 1.6 MPI Ambition,10626
Hyundai i10 Sportz 1.2,Kolkata,2015,28000,Petrol,Manual,First,20.36,1197.0,78.9,5,Hyundai,i10 Sportz 1.2,3740
Mahindra KUV 100 mFALCON G80 K8,Kochi,2017,29085,Petrol,Manual,First,18.15,1198.0,82.0,6,Mahindra,KUV 100 mFALCON G80 K8,6424
Maruti Celerio VXI AMT,Kolkata,2016,30000,Petrol,Automatic,First,23.1,998.0,67.04,5,Maruti,Celerio VXI AMT,4180
Maruti A-Star AT VXI,Mumbai,2012,32910,Petrol,Automatic,First,16.98,998.0,66.1,5,Maruti,A-Star AT VXI,2750
Honda City i DTEC VX,Kolkata,2015,30000,Diesel,Manual,First,25.1,1498.0,98.6,5,Honda,City i DTEC VX,7645
Skoda Superb 1.8 TSI,Pune,2010,35102,Petrol,Automatic,First,12.6,1798.0,161.6,5,Skoda,Superb 1.8 TSI,6050
Hyundai Grand i10 Sportz,Coimbatore,2017,22831,Petrol,Manual,First,18.9,1197.0,82.0,5,Hyundai,Grand i10 Sportz,6809
Renault Duster 85PS Diesel RxL,Hyderabad,2013,74911,Diesel,Manual,First,20.45,1461.0,83.8,5,Renault,Duster 85PS Diesel RxL,6600
Hyundai Grand i10 Magna,Pune,2015,21000,Petrol,Manual,First,18.9,1197.0,82.0,5,Hyundai,Grand i10 Magna,4125
Ford EcoSport 1.5 TDCi Titanium,Kochi,2018,37160,Diesel,Manual,First,22.77,1498.0,98.59,5,Ford,EcoSport 1.5 TDCi Titanium,10406
Nissan Sunny 2011-2014 XL,Jaipur,2011,41000,Petrol,Manual,Second,16.95,1498.0,97.7,5,Nissan,Sunny 2011-2014 XL,3300
Ford Figo Aspire 1.5 TDCi Titanium,Chennai,2016,37294,Diesel,Manual,First,25.83,1498.0,99.0,5,Ford,Figo Aspire 1.5 TDCi Titanium,6325
Honda Civic 2006-2010 1.8 V MT,Coimbatore,2009,56927,Petrol,Manual,First,13.5,1799.0,130.0,5,Honda,Civic 2006-2010 1.8 V MT,4851
Renault KWID RXT Optional,Kochi,2017,21954,Petrol,Manual,First,25.17,799.0,53.3,5,Renault,KWID RXT Optional,4070
Honda Brio EX MT,Kolkata,2014,50000,Petrol,Manual,Second,19.4,1198.0,86.8,5,Honda,Brio EX MT,2750
Maruti Swift ZXI ABS,Coimbatore,2012,78212,Petrol,Manual,First,16.1,1298.0,88.2,5,Maruti,Swift ZXI ABS,5885
Hyundai i20 Magna Optional 1.4 CRDi,Delhi,2013,64500,Diesel,Manual,First,21.9,1396.0,88.8,5,Hyundai,i20 Magna Optional 1.4 CRDi,4015
Skoda Superb Elegance 2.0 TDI CR AT,Delhi,2014,51000,Diesel,Automatic,First,17.2,1968.0,138.03,5,Skoda,Superb Elegance 2.0 TDI CR AT,14300
Maruti Wagon R LXI BSII,Delhi,2012,52000,Petrol,Manual,First,18.9,998.0,67.1,5,Maruti,Wagon R LXI BSII,2695
Volkswagen Vento 1.5 TDI Highline AT,Mumbai,2015,120000,Diesel,Automatic,First,21.21,1498.0,103.2,5,Volkswagen,Vento 1.5 TDI Highline AT,6325
Honda City i DTEC S,Coimbatore,2017,65792,Diesel,Manual,First,26.0,1498.0,98.6,5,Honda,City i DTEC S,8921
Hyundai i20 1.4 Sportz,Ahmedabad,2018,30000,Diesel,Manual,First,22.54,1396.0,88.73,5,Hyundai,i20 1.4 Sportz,8525
Nissan Micra XV CVT,Coimbatore,2017,54387,Petrol,Automatic,First,19.15,1198.0,75.94,5,Nissan,Micra XV CVT,6435
Honda City i-DTEC SV,Hyderabad,2015,82000,Diesel,Manual,First,25.6,1498.0,98.6,5,Honda,City i-DTEC SV,8800
Toyota Innova Crysta 2.4 G MT 8S,Mumbai,2017,20000,Diesel,Manual,First,13.68,2393.0,147.8,8,Toyota,Innova Crysta 2.4 G MT 8S,18150
Maruti Baleno Alpha 1.3,Jaipur,2015,98000,Diesel,Manual,First,27.39,1248.0,74.0,5,Maruti,Baleno Alpha 1.3,6050
Ford EcoSport 1.5 TDCi Trend,Delhi,2015,57000,Diesel,Manual,First,22.77,1498.0,98.59,5,Ford,EcoSport 1.5 TDCi Trend,6985
Ford Ecosport 1.5 DV5 MT Ambiente,Hyderabad,2014,56549,Diesel,Manual,First,22.7,1498.0,89.84,5,Ford,Ecosport 1.5 DV5 MT Ambiente,7920
Volkswagen Polo Diesel Comfortline 1.2L,Bangalore,2012,78500,Diesel,Manual,First,22.07,1199.0,73.9,5,Volkswagen,Polo Diesel Comfortline 1.2L,4015
Hyundai i20 Sportz 1.4 CRDi,Kochi,2016,55036,Diesel,Manual,First,22.54,1396.0,88.73,5,Hyundai,i20 Sportz 1.4 CRDi,6985
Renault Duster 85PS Diesel RxL Explore,Pune,2016,55000,Diesel,Manual,First,19.87,1461.0,83.8,5,Renault,Duster 85PS Diesel RxL Explore,8580
Ford Ikon 1.3 Flair,Chennai,2007,90000,Petrol,Manual,Second,13.8,1299.0,70.0,5,Ford,Ikon 1.3 Flair,1540
Ford Endeavour XLT TDCi 4X2,Chennai,2007,155000,Diesel,Manual,First,13.1,2499.0,141.0,7,Ford,Endeavour XLT TDCi 4X2,6050
Maruti Baleno Delta 1.3,Hyderabad,2018,17810,Diesel,Manual,First,27.39,1248.0,74.0,5,Maruti,Baleno Delta 1.3,9350
Mercedes-Benz New C-Class C 220 CDI Elegance AT,Kochi,2011,42408,Diesel,Automatic,First,14.84,2143.0,170.0,5,Mercedes-Benz,New C-Class C 220 CDI Elegance AT,11528
Tata Indigo XL Grand Petrol,Pune,2008,52000,Petrol,Manual,Second,12.85,1396.0,99.6,5,Tata,Indigo XL Grand Petrol,1430
BMW 5 Series 525d Sedan,Mumbai,2013,35000,Diesel,Automatic,First,16.73,2993.0,218.0,5,BMW,5 Series 525d Sedan,23100
Hyundai Santro Xing GL Plus,Delhi,2013,60000,Petrol,Manual,First,17.92,1086.0,62.1,5,Hyundai,Santro Xing GL Plus,2530
Skoda Octavia 2.0 TDI AT Style Plus,Mumbai,2015,27000,Diesel,Automatic,First,19.5,1968.0,141.0,5,Skoda,Octavia 2.0 TDI AT Style Plus,16445
Audi A6 2011-2015 35 TDI Technology,Coimbatore,2017,55975,Diesel,Automatic,Second,17.68,1968.0,174.33,5,Audi,A6 2011-2015 35 TDI Technology,39512
Ford Figo 1.5D Trend MT,Pune,2016,115000,Diesel,Manual,First,25.83,1498.0,99.0,5,Ford,Figo 1.5D Trend MT,4950
Mahindra Xylo D4 BS III,Hyderabad,2016,132000,Diesel,Manual,First,14.95,2489.0,93.7,7,Mahindra,Xylo D4 BS III,6050
Maruti Celerio ZXI AT,Mumbai,2015,40337,Petrol,Automatic,First,23.1,998.0,67.04,5,Maruti,Celerio ZXI AT,4895
Hyundai Grand i10 CRDi Asta,Bangalore,2016,50000,Diesel,Manual,First,24.0,1120.0,70.0,5,Hyundai,Grand i10 CRDi Asta,6050
Hyundai Grand i10 1.2 Kappa Sportz,Kochi,2016,28147,Petrol,Manual,First,18.9,1197.0,81.86,5,Hyundai,Grand i10 1.2 Kappa Sportz,5577
Hyundai Grand i10 Sportz,Mumbai,2015,20000,Petrol,Manual,First,18.9,1197.0,82.0,5,Hyundai,Grand i10 Sportz,4235
Hyundai Elite i20 Petrol Asta,Chennai,2016,11000,Petrol,Manual,First,18.6,1197.0,81.86,5,Hyundai,Elite i20 Petrol Asta,8745
Maruti Zen Estilo LXI BSIII,Jaipur,2009,63000,Petrol,Manual,Second,18.2,998.0,67.1,5,Maruti,Zen Estilo LXI BSIII,1375
Maruti Alto K10 2010-2014 VXI,Kochi,2014,36967,Petrol,Manual,First,20.92,998.0,67.1,5,Maruti,Alto K10 2010-2014 VXI,4004
Toyota Fortuner 4x2 Manual,Jaipur,2016,73053,Diesel,Manual,First,13.0,2982.0,168.5,7,Toyota,Fortuner 4x2 Manual,22000
Mahindra Thar CRDe AC,Coimbatore,2019,16392,Diesel,Manual,First,16.55,2498.0,105.0,6,Mahindra,Thar CRDe AC,11396
Toyota Etios G,Jaipur,2013,67000,Petrol,Manual,Second,16.78,1496.0,88.73,5,Toyota,Etios G,4455
Mercedes-Benz GL-Class 2007 2012 350 CDI Luxury,Mumbai,2015,48600,Diesel,Automatic,First,12.0,2987.0,224.0,7,Mercedes-Benz,GL-Class 2007 2012 350 CDI Luxury,53350
Renault Duster 110PS Diesel RxZ,Bangalore,2014,70000,Diesel,Manual,First,19.6,1461.0,108.45,5,Renault,Duster 110PS Diesel RxZ,9075
Maruti Swift VDI,Pune,2014,84000,Diesel,Manual,First,22.9,1248.0,74.0,5,Maruti,Swift VDI,5775
Volkswagen Vento Magnific 1.6 Comfortline,Mumbai,2013,49106,Petrol,Manual,First,15.04,1598.0,103.2,5,Volkswagen,Vento Magnific 1.6 Comfortline,4840
Skoda Superb L&K 2.0 TDI AT,Mumbai,2017,35000,Diesel,Automatic,First,18.19,1968.0,174.5,5,Skoda,Superb L&K 2.0 TDI AT,28325
BMW 3 Series 330d Convertible,Kochi,2014,51240,Diesel,Automatic,First,8.2,2993.0,245.0,4,BMW,3 Series 330d Convertible,32472
Maruti Wagon R VXI BS IV,Kolkata,2011,37000,Petrol,Manual,Second,18.9,998.0,67.1,5,Maruti,Wagon R VXI BS IV,2310
Renault KWID RXT,Kochi,2017,32587,Petrol,Manual,First,25.17,799.0,53.3,5,Renault,KWID RXT,4081
Maruti Vitara Brezza ZDi Plus Dual Tone,Kochi,2017,21248,Diesel,Manual,First,24.3,1248.0,88.5,5,Maruti,Vitara Brezza ZDi Plus Dual Tone,10384
Mercedes-Benz E-Class 200 Kompressor Elegance,Delhi,2014,40000,Petrol,Automatic,First,10.5,1796.0,157.7,5,Mercedes-Benz,E-Class 200 Kompressor Elegance,26400
Maruti Ertiga VXI CNG,Mumbai,2017,23700,CNG,Manual,First,12.5,1373.0,80.46,7,Maruti,Ertiga VXI CNG,9075
Audi A4 2.0 TDI Celebration Edition,Delhi,2011,57000,Diesel,Automatic,Second,16.55,1968.0,147.51,5,Audi,A4 2.0 TDI Celebration Edition,10725
Hyundai Grand i10 Asta,Kolkata,2014,37000,Petrol,Manual,First,18.9,1197.0,82.0,5,Hyundai,Grand i10 Asta,3795
Mitsubishi Pajero Sport 4X4,Jaipur,2014,70000,Diesel,Manual,Second,13.5,2477.0,175.56,7,Mitsubishi,Pajero Sport 4X4,13035
Mercedes-Benz New C-Class C 250 CDI Avantgarde,Coimbatore,2012,92469,Diesel,Automatic,Second,19.71,2143.0,201.15,5,Mercedes-Benz,New C-Class C 250 CDI Avantgarde,17754
Maruti Wagon R LXI CNG,Pune,2015,55000,CNG,Manual,First,19.000000000000004,998.0,58.16,5,Maruti,Wagon R LXI CNG,4070
Maruti Alto K10 VXI AGS,Ahmedabad,2017,20000,Petrol,Automatic,First,24.07,998.0,67.1,5,Maruti,Alto K10 VXI AGS,4400
Hyundai i20 Sportz 1.2,Delhi,2015,42000,Petrol,Manual,Second,18.6,1197.0,81.83,5,Hyundai,i20 Sportz 1.2,6380
Maruti Swift Dzire VDI,Kolkata,2014,28000,Diesel,Manual,First,23.4,1248.0,74.0,5,Maruti,Swift Dzire VDI,5115
Ford EcoSport 1.5 Ti VCT AT Titanium,Mumbai,2015,23000,Petrol,Automatic,First,15.63,1499.0,110.4,5,Ford,EcoSport 1.5 Ti VCT AT Titanium,7480
Honda City i DTEC VX Option,Bangalore,2016,36000,Diesel,Manual,First,25.1,1498.0,98.6,5,Honda,City i DTEC VX Option,11275
Maruti Alto K10 2010-2014 VXI,Chennai,2014,52000,Petrol,Manual,First,20.92,998.0,67.1,5,Maruti,Alto K10 2010-2014 VXI,2970
Maruti Ertiga ZDI,Hyderabad,2015,59245,Diesel,Manual,First,20.77,1248.0,88.8,7,Maruti,Ertiga ZDI,9350
Hyundai i20 Diesel Asta Option,Pune,2018,31000,Diesel,Manual,First,22.54,1396.0,88.73,5,Hyundai,i20 Diesel Asta Option,8525
Tata Indigo CS eGLX BS IV,Pune,2015,83000,Petrol,Manual,First,15.64,1193.0,64.08,5,Tata,Indigo CS eGLX BS IV,2970
Hyundai Creta 1.6 SX,Hyderabad,2018,9900,Petrol,Manual,First,15.8,1591.0,121.3,5,Hyundai,Creta 1.6 SX,14520
Maruti Wagon R LX,Pune,2004,94000,Petrol,Manual,Second,18.9,998.0,67.1,5,Maruti,Wagon R LX,1100
Toyota Etios V,Kochi,2017,27100,Petrol,Manual,First,16.78,1496.0,88.73,5,Toyota,Etios V,7007
Toyota Etios V,Kolkata,2015,12000,Petrol,Manual,First,16.78,1496.0,88.73,5,Toyota,Etios V,4950
Renault Duster 110PS Diesel RXZ Optional with Nav,Mumbai,2013,29000,Diesel,Manual,First,19.01,1461.0,108.45,5,Renault,Duster 110PS Diesel RXZ Optional with Nav,7150
Maruti Swift Dzire Vdi BSIV,Mumbai,2013,65000,Diesel,Manual,Second,19.3,1248.0,73.9,5,Maruti,Swift Dzire Vdi BSIV,5489
Mercedes-Benz GLC 220,Coimbatore,2017,50794,Diesel,Automatic,First,17.9,2143.0,170.0,5,Mercedes-Benz,GLC 220,47630
Ford Ecosport 1.5 DV5 MT Titanium Optional,Mumbai,2014,59000,Diesel,Manual,First,22.7,1498.0,89.84,5,Ford,Ecosport 1.5 DV5 MT Titanium Optional,7150
Maruti Wagon R LXI CNG,Mumbai,2012,72000,CNG,Manual,First,18.714285714285715,998.0,58.2,5,Maruti,Wagon R LXI CNG,2475
Maruti Ciaz 1.4 AT Alpha,Hyderabad,2017,15234,Petrol,Automatic,First,19.12,1373.0,91.1,5,Maruti,Ciaz 1.4 AT Alpha,10945
Ford Ecosport 1.5 DV5 MT Titanium,Mumbai,2015,44000,Diesel,Manual,First,22.7,1498.0,89.84,5,Ford,Ecosport 1.5 DV5 MT Titanium,8085
Tata Zest Quadrajet 1.3 75PS XE,Hyderabad,2016,125000,Diesel,Manual,First,22.95,1248.0,74.0,5,Tata,Zest Quadrajet 1.3 75PS XE,5060
Ford Endeavour 3.0L 4X4 AT,Chennai,2011,100000,Diesel,Automatic,First,11.4,2953.0,153.86,7,Ford,Endeavour 3.0L 4X4 AT,9350
Renault Duster 110PS Diesel RxZ AMT,Coimbatore,2017,34686,Diesel,Automatic,First,19.6,1461.0,108.45,5,Renault,Duster 110PS Diesel RxZ AMT,13046
Nissan X-Trail SLX MT,Pune,2011,98000,Diesel,Manual,First,14.42,1995.0,147.6,5,Nissan,X-Trail SLX MT,8800
Toyota Fortuner 4x4 AT,Delhi,2015,90000,Diesel,Automatic,First,12.55,2982.0,168.5,7,Toyota,Fortuner 4x4 AT,23650
Chevrolet Aveo U-VA 1.2 LS,Pune,2007,81000,Petrol,Manual,First,15.26,1150.0,74.9,5,Chevrolet,Aveo U-VA 1.2 LS,1430
Skoda Rapid 1.6 TDI Ambition,Chennai,2012,55000,Diesel,Manual,First,20.5,1598.0,103.5,5,Skoda,Rapid 1.6 TDI Ambition,6490
Mahindra XUV500 W8 4WD,Bangalore,2013,52910,Diesel,Manual,Second,15.1,2179.0,140.0,7,Mahindra,XUV500 W8 4WD,10450
Maruti Swift Dzire ZDi,Chennai,2010,100000,Diesel,Manual,First,19.3,1248.0,73.9,5,Maruti,Swift Dzire ZDi,4950
Skoda Octavia Elegance 1.9 TDI,Hyderabad,2003,132000,Diesel,Manual,First,18.7,1896.0,66.0,5,Skoda,Octavia Elegance 1.9 TDI,2475
Chevrolet Enjoy Petrol LS 7 Seater,Mumbai,2014,18000,Petrol,Manual,First,13.7,1399.0,98.82,7,Chevrolet,Enjoy Petrol LS 7 Seater,3685
Mercedes-Benz New C-Class C 200 CGI,Bangalore,2012,33000,Petrol,Automatic,First,14.74,1991.0,184.0,5,Mercedes-Benz,New C-Class C 200 CGI,17600
Renault Duster 85PS Diesel RxE,Pune,2014,30000,Diesel,Manual,First,20.45,1461.0,83.8,5,Renault,Duster 85PS Diesel RxE,8800
Hyundai Verna 1.6 SX,Kochi,2012,58646,Diesel,Manual,First,22.32,1582.0,126.32,5,Hyundai,Verna 1.6 SX,5214
Mercedes-Benz E-Class 2015-2017 E250 CDI Avantgarde,Mumbai,2016,21000,Diesel,Automatic,First,13.0,2143.0,204.0,5,Mercedes-Benz,E-Class 2015-2017 E250 CDI Avantgarde,39600
Volkswagen Vento Petrol Highline,Kochi,2015,57026,Petrol,Manual,First,15.04,1598.0,103.6,5,Volkswagen,Vento Petrol Highline,6094
Skoda Superb Style 2.0 TDI AT,Mumbai,2017,42000,Diesel,Automatic,First,18.19,1968.0,174.5,5,Skoda,Superb Style 2.0 TDI AT,25289
Mahindra Scorpio 1.99 S4 Plus,Kochi,2017,26741,Diesel,Manual,First,15.4,1997.0,120.0,7,Mahindra,Scorpio 1.99 S4 Plus,11088
Audi Q5 3.0 TDI Quattro Technology,Coimbatore,2018,29091,Diesel,Automatic,First,13.22,2967.0,241.4,5,Audi,Q5 3.0 TDI Quattro Technology,50072
Mahindra NuvoSport N6,Coimbatore,2018,37323,Diesel,Manual,Second,17.45,1493.0,100.0,7,Mahindra,NuvoSport N6,8019
Volkswagen Vento Diesel Highline,Chennai,2011,55595,Diesel,Manual,Second,20.54,1598.0,103.6,5,Volkswagen,Vento Diesel Highline,4730
Maruti Swift Dzire VXI Optional,Chennai,2015,49900,Petrol,Manual,First,20.85,1197.0,83.14,5,Maruti,Swift Dzire VXI Optional,5280
Maruti Ertiga VXI,Mumbai,2012,52500,Petrol,Manual,Second,16.02,1373.0,93.7,7,Maruti,Ertiga VXI,5775
Maruti Alto 800 2016-2019 LXI,Chennai,2016,5700,Petrol,Manual,First,24.7,796.0,47.3,5,Maruti,Alto 800 2016-2019 LXI,3080
Hyundai i20 Magna 1.4 CRDi (Diesel),Kochi,2014,53340,Diesel,Manual,First,21.9,1396.0,88.76,5,Hyundai,i20 Magna 1.4 CRDi (Diesel),4785
Ford Ecosport 1.5 DV5 MT Titanium,Kolkata,2014,57000,Diesel,Manual,First,22.7,1498.0,89.84,5,Ford,Ecosport 1.5 DV5 MT Titanium,6039
Maruti Alto K10 LXI CNG,Pune,2015,59525,CNG,Manual,Second,23.042857142857144,998.0,58.2,4,Maruti,Alto K10 LXI CNG,3410
Volkswagen Vento 1.5 TDI Highline,Bangalore,2014,58000,Diesel,Manual,First,20.34,1498.0,103.2,5,Volkswagen,Vento 1.5 TDI Highline,7150
Mahindra Scorpio VLX 2WD Airbag BSIII,Bangalore,2011,73000,Diesel,Manual,First,12.05,2179.0,120.0,8,Mahindra,Scorpio VLX 2WD Airbag BSIII,7040
Ford Figo Aspire 1.5 TDCi Titanium Plus,Kochi,2016,33554,Diesel,Manual,First,25.83,1498.0,99.0,5,Ford,Figo Aspire 1.5 TDCi Titanium Plus,6842
Toyota Innova 2.5 G (Diesel) 8 Seater,Mumbai,2012,106000,Diesel,Manual,First,12.99,2494.0,100.0,8,Toyota,Innova 2.5 G (Diesel) 8 Seater,9240
Maruti Dzire LDI,Pune,2018,27000,Diesel,Manual,First,28.4,1248.0,73.75,5,Maruti,Dzire LDI,6490
Ford Endeavour 2.5L 4X2 MT,Jaipur,2011,119000,Diesel,Manual,Third,13.1,2499.0,141.0,7,Ford,Endeavour 2.5L 4X2 MT,7150
Ford EcoSport 1.0 Ecoboost Titanium Plus,Delhi,2015,64000,Petrol,Manual,First,18.88,999.0,123.24,5,Ford,EcoSport 1.0 Ecoboost Titanium Plus,6600
Hyundai Creta 1.6 CRDi SX,Hyderabad,2016,63738,Diesel,Manual,First,19.67,1582.0,126.2,5,Hyundai,Creta 1.6 CRDi SX,13090
BMW 5 Series 2013-2017 530d M Sport,Bangalore,2016,16000,Diesel,Automatic,First,14.69,2993.0,258.0,5,BMW,5 Series 2013-2017 530d M Sport,52800
Maruti Ertiga VXI AT Petrol,Mumbai,2017,28000,Petrol,Automatic,First,18.69,1462.0,103.0,7,Maruti,Ertiga VXI AT Petrol,8800
Skoda Laura L and K AT,Hyderabad,2007,91000,Diesel,Automatic,Second,15.6,1896.0,106.0,5,Skoda,Laura L and K AT,2695
Chevrolet Beat LS,Kolkata,2013,25000,Petrol,Manual,First,18.6,1199.0,79.4,5,Chevrolet,Beat LS,1925
Audi Q3 2.0 TDI,Bangalore,2014,65630,Diesel,Automatic,First,15.73,1968.0,174.33,5,Audi,Q3 2.0 TDI,23925
Honda City 1.5 V MT,Pune,2014,48094,Petrol,Manual,First,17.0,1497.0,118.0,5,Honda,City 1.5 V MT,7975
Maruti Swift Lxi BSIII,Pune,2009,90456,Petrol,Manual,Second,16.1,1298.0,88.2,5,Maruti,Swift Lxi BSIII,3300
Ford Figo Diesel EXI,Jaipur,2012,140000,Diesel,Manual,First,20.0,1399.0,68.0,5,Ford,Figo Diesel EXI,2760
Toyota Fortuner 4x4 AT,Chennai,2015,95000,Diesel,Automatic,First,12.55,2982.0,168.5,7,Toyota,Fortuner 4x4 AT,21560
Mercedes-Benz New C-Class 200 CDI Classic,Pune,2013,79000,Diesel,Manual,Second,15.8,2148.0,170.0,5,Mercedes-Benz,New C-Class 200 CDI Classic,17050
Toyota Innova 2.5 GX (Diesel) 7 Seater,Chennai,2012,96000,Diesel,Manual,First,12.99,2494.0,100.0,7,Toyota,Innova 2.5 GX (Diesel) 7 Seater,12650
Honda Amaze S i-Dtech,Jaipur,2015,91000,Diesel,Manual,First,25.8,1498.0,98.6,5,Honda,Amaze S i-Dtech,5148
Toyota Corolla Altis 1.8 G CVT,Delhi,2010,109703,Petrol,Automatic,Second,14.28,1798.0,138.03,5,Toyota,Corolla Altis 1.8 G CVT,4400
Tata Indica Vista Quadrajet VX,Hyderabad,2012,110000,Diesel,Manual,First,22.3,1248.0,74.0,5,Tata,Indica Vista Quadrajet VX,3080
Mahindra XUV500 W8 2WD,Mumbai,2012,35000,Diesel,Manual,First,16.0,2179.0,140.0,7,Mahindra,XUV500 W8 2WD,9075
Maruti Ritz VDi,Kolkata,2010,47722,Diesel,Manual,First,21.1,1248.0,73.9,5,Maruti,Ritz VDi,1870
Mercedes-Benz New C-Class C 200 AVANTGARDE,Mumbai,2013,25000,Petrol,Automatic,First,14.74,1991.0,181.04,5,Mercedes-Benz,New C-Class C 200 AVANTGARDE,16335
Hyundai Verna VTVT 1.6 AT SX Option,Mumbai,2018,8000,Petrol,Automatic,First,17.0,1591.0,121.3,5,Hyundai,Verna VTVT 1.6 AT SX Option,14135
Mercedes-Benz New C-Class C 250 CDI Elegance,Hyderabad,2012,65000,Diesel,Automatic,First,14.94,2143.0,204.0,5,Mercedes-Benz,New C-Class C 250 CDI Elegance,17600
Maruti Ertiga VXI,Bangalore,2014,42000,Petrol,Manual,Second,16.02,1373.0,93.7,7,Maruti,Ertiga VXI,6534
Skoda Rapid Ultima 1.6 TDI Elegance,Hyderabad,2013,55000,Diesel,Manual,First,20.5,1598.0,103.5,5,Skoda,Rapid Ultima 1.6 TDI Elegance,8800
Toyota Innova 2.5 V Diesel 8-seater,Delhi,2010,72000,Diesel,Manual,First,12.8,2494.0,102.0,8,Toyota,Innova 2.5 V Diesel 8-seater,5995
Mercedes-Benz GLA Class 200 Sport,Kochi,2018,17773,Petrol,Automatic,First,13.7,1991.0,183.0,5,Mercedes-Benz,GLA Class 200 Sport,29436
Volkswagen Polo 1.5 TDI Highline,Hyderabad,2013,65000,Diesel,Manual,Second,20.14,1498.0,88.0,5,Volkswagen,Polo 1.5 TDI Highline,3850
Hyundai Santro Xing GL,Mumbai,2008,65000,Petrol,Manual,Second,0.0,1086.0,62.0,5,Hyundai,Santro Xing GL,1529
Hyundai Verna 1.6 CRDi EX MT,Kolkata,2013,53280,Diesel,Manual,First,22.32,1582.0,126.3,5,Hyundai,Verna 1.6 CRDi EX MT,5170
Volkswagen Ameo 1.2 MPI Highline,Ahmedabad,2016,34005,Petrol,Manual,First,17.0,1198.0,73.75,5,Volkswagen,Ameo 1.2 MPI Highline,6325
Hyundai i20 Asta Option 1.2,Coimbatore,2017,14618,Petrol,Manual,First,18.6,1197.0,81.83,5,Hyundai,i20 Asta Option 1.2,8921
Tata Indica LEI,Pune,2006,78000,Petrol,Manual,Second,13.5,1405.0,60.0,5,Tata,Indica LEI,1100
Mahindra Xylo D4,Hyderabad,2016,105545,Diesel,Manual,First,14.0,2498.0,112.0,7,Mahindra,Xylo D4,5830
ISUZU D-MAX V-Cross 4X4,Jaipur,2017,25000,Diesel,Manual,First,12.4,2499.0,134.0,5,ISUZU,D-MAX V-Cross 4X4,8800
Hyundai i20 2015-2017 Magna,Pune,2010,80561,Petrol,Manual,First,18.5,1197.0,80.0,5,Hyundai,i20 2015-2017 Magna,3014
Maruti Baleno Alpha,Mumbai,2017,6000,Petrol,Manual,First,21.4,1197.0,83.1,5,Maruti,Baleno Alpha,8250
Tata Hexa XTA,Jaipur,2016,39000,Diesel,Automatic,First,17.6,2179.0,153.86,7,Tata,Hexa XTA,14850
Volkswagen Polo Petrol Comfortline 1.2L,Kolkata,2011,55001,Petrol,Manual,First,16.47,1198.0,73.9,5,Volkswagen,Polo Petrol Comfortline 1.2L,2420
Mercedes-Benz New C-Class C 200 CGI Elegance,Mumbai,2012,63720,Petrol,Automatic,First,11.74,1796.0,186.0,5,Mercedes-Benz,New C-Class C 200 CGI Elegance,14575
Toyota Etios GD,Delhi,2013,70000,Diesel,Manual,First,23.59,1364.0,67.05,5,Toyota,Etios GD,4268
Tata Tiago 1.2 Revotron XT,Kochi,2017,15386,Petrol,Manual,First,23.84,1199.0,84.0,5,Tata,Tiago 1.2 Revotron XT,5621
Renault Duster 85PS Diesel RxL Option,Mumbai,2013,102486,Diesel,Manual,First,19.87,1461.0,83.8,5,Renault,Duster 85PS Diesel RxL Option,4675
Audi A4 35 TDI Premium Plus,Coimbatore,2013,58629,Diesel,Automatic,Second,18.25,1968.0,187.74,5,Audi,A4 35 TDI Premium Plus,18172
Maruti Swift VDI,Hyderabad,2012,68238,Diesel,Manual,First,22.9,1248.0,74.0,5,Maruti,Swift VDI,5280
Skoda Superb Elegance 1.8 TSI AT,Mumbai,2011,42036,Petrol,Automatic,First,13.7,1798.0,157.75,5,Skoda,Superb Elegance 1.8 TSI AT,6875
Hyundai Elantra SX,Mumbai,2014,55619,Petrol,Manual,First,16.3,1797.0,147.5,5,Hyundai,Elantra SX,9130
Honda City 1.5 E MT,Pune,2009,60000,Petrol,Manual,Third,17.0,1497.0,118.0,5,Honda,City 1.5 E MT,3575
Renault Duster 85PS Diesel RxL Explore,Pune,2015,30000,Diesel,Manual,First,19.87,1461.0,83.8,5,Renault,Duster 85PS Diesel RxL Explore,8525
Jaguar XF 2.2 Litre Luxury,Kochi,2016,31150,Diesel,Automatic,First,16.36,2179.0,187.7,5,Jaguar,XF 2.2 Litre Luxury,33594
Maruti Wagon R Duo Lxi,Jaipur,2010,70000,LPG,Manual,First,18.714285714285715,998.0,58.2,5,Maruti,Wagon R Duo Lxi,2497
Volkswagen Polo IPL II 1.2 Petrol Highline,Pune,2010,70290,Petrol,Manual,Second,17.24,1198.0,73.9,5,Volkswagen,Polo IPL II 1.2 Petrol Highline,3256
Tata Bolt Revotron XT,Chennai,2016,10000,Petrol,Manual,First,17.57,1193.0,88.7,5,Tata,Bolt Revotron XT,4400
Hyundai i20 Sportz 1.2,Bangalore,2014,68010,Petrol,Manual,Second,18.5,1197.0,82.85,5,Hyundai,i20 Sportz 1.2,5775
Audi A6 2011-2015 2.0 TDI,Kochi,2013,91903,Diesel,Automatic,First,17.68,1968.0,174.33,5,Audi,A6 2011-2015 2.0 TDI,19316
Volkswagen Vento 1.6 Highline,Mumbai,2011,38000,Petrol,Manual,First,16.09,1598.0,103.5,5,Volkswagen,Vento 1.6 Highline,3575
Maruti Celerio VXI,Bangalore,2015,67600,Petrol,Manual,First,23.1,998.0,67.04,5,Maruti,Celerio VXI,4400
Hyundai Getz GLE,Coimbatore,2007,66800,Petrol,Manual,First,15.3,1341.0,83.0,5,Hyundai,Getz GLE,2420
Maruti Vitara Brezza VDi,Pune,2016,37208,Diesel,Manual,First,24.3,1248.0,88.5,5,Maruti,Vitara Brezza VDi,8173
Mercedes-Benz M-Class ML 320 CDI,Mumbai,2009,102002,Diesel,Automatic,First,8.7,2987.0,224.34,5,Mercedes-Benz,M-Class ML 320 CDI,11825
Maruti Swift Dzire Vdi BSIV,Delhi,2011,68000,Diesel,Manual,First,19.3,1248.0,73.9,5,Maruti,Swift Dzire Vdi BSIV,3025
Toyota Camry Hybrid,Mumbai,2015,33500,Petrol,Automatic,First,19.16,2494.0,158.2,5,Toyota,Camry Hybrid,21725
Honda Brio 1.2 VX MT,Delhi,2013,33746,Petrol,Manual,First,18.5,1198.0,86.8,5,Honda,Brio 1.2 VX MT,3520
Skoda Superb 3.6 V6 FSI,Hyderabad,2009,53000,Petrol,Automatic,First,0.0,3597.0,262.6,5,Skoda,Superb 3.6 V6 FSI,5225
Toyota Innova 2.5 V Diesel 7-seater,Coimbatore,2011,45004,Diesel,Manual,First,12.8,2494.0,102.0,7,Toyota,Innova 2.5 V Diesel 7-seater,10428
Honda Amaze VX i-DTEC,Coimbatore,2015,70602,Diesel,Manual,First,25.8,1498.0,98.6,5,Honda,Amaze VX i-DTEC,5313
Maruti Swift VDI,Delhi,2014,27365,Diesel,Manual,First,28.4,1248.0,74.0,5,Maruti,Swift VDI,5225
Hyundai Xcent 1.1 CRDi S,Jaipur,2015,100000,Diesel,Manual,First,24.4,1120.0,71.0,5,Hyundai,Xcent 1.1 CRDi S,4400
Mahindra Xylo D4 BSIV,Jaipur,2012,55000,Diesel,Manual,Second,14.0,2498.0,112.0,8,Mahindra,Xylo D4 BSIV,3190
Maruti Wagon R VXI,Kolkata,2013,46000,Petrol,Manual,First,18.9,998.0,67.1,5,Maruti,Wagon R VXI,2915
Chevrolet Beat Diesel,Hyderabad,2011,47000,Diesel,Manual,First,25.44,936.0,57.6,5,Chevrolet,Beat Diesel,2750
